address,size
80004000,00000028
80004028,0000000C
80004034,00000008
8000403C,0000016C
800041A8,00000090
80004238,000000A8
800042E0,00000024
80004304,00000034
80004338,00000050
80004388,000000B4
8000443C,00000030
8000446C,00000030
8000449C,00000024
800063F4,0000002C
800070A0,00000084
80007124,00000048
8000716C,0000002C
80007198,00000030
800071C8,00000074
8000723C,00000078
800072B4,0000001C
800072D0,0000001C
800072EC,00000060
8000734C,00000010
8000735C,00000040
8000739C,00000130
800074CC,000001E8
800076B4,00000010
800076C4,00000040
80007704,00000130
80007834,000001E8
80007A1C,000000A8
80007AC4,00000040
80007B04,00000044
80007B48,00000040
80007B88,0000000C
80007B94,00000018
80007BAC,0000000C
80007BB8,0000000C
80007BC4,0000000C
80007BD0,00000014
80007BE4,00000014
80007BF8,00000010
80007C08,00000010
80007C18,00000010
80007C28,00000008
80007C30,00000010
80007C40,00000010
80007C50,00000018
80007C68,00000020
80007C88,00000098
80007D20,0000000C
80007D2C,0000004C
80007D78,000000EC
80007E64,000000A4
80007F08,00000084
80007F8C,0000000C
80007F98,000000D4
8000806C,00000104
80008170,0000003C
800081AC,00000058
80008204,00000144
80008348,00000004
8000834C,0000012C
80008478,00000040
800084B8,00000220
800086D8,00000044
8000871C,00000160
8000887C,00000040
800088BC,00000A58
80009314,000000C4
800093D8,00000060
80009438,00000060
80009498,00000060
800094F8,00000130
80009628,0000027C
800098A4,00000150
800099F4,0000034C
80009D40,0000007C
80009DBC,00000038
80009DF4,0000005C
80009E50,00000058
80009EA8,0000007C
80009F24,000002A4
8000A1C8,00000288
8000A450,00000204
8000A654,0000021C
8000A870,00000688
8000AEF8,00000008
8000AF00,00000120
8000B020,0000074C
8000B76C,00000084
8000B7F0,00000068
8000B858,0000006C
8000B8C4,00000098
8000B95C,000000AC
8000BA08,00000104
8000BB0C,00000094
8000BBA0,0000006C
8000BC0C,0000005C
8000BC68,00000090
8000BCF8,00000054
8000BD4C,00000134
8000BE80,0000012C
8000BFAC,0000003C
8000BFE8,00000050
8000C038,0000003C
8000C074,0000000C
8000C080,00000004
8000C084,00000024
8000C0A8,00000004
8000C0AC,00000024
8000C0D0,00000004
8000C0D4,00000008
8000C0DC,00000004
8000C0E0,000000AC
8000C18C,000000B8
8000C244,000002F8
8000C53C,00000084
8000C5C0,00000004
8000C5C4,0000008C
8000C650,000000B4
8000C704,0000001C
8000C720,00000090
8000C7B0,00000018
8000C7C8,00000060
8000C828,00000034
8000C85C,00000008
8000C864,000000C0
8000C924,00000100
8000CA24,000000EC
8000CB10,00000008
8000CB18,00000008
8000CB20,0000000C
8000CB2C,0000010C
8000CC38,000000A4
8000CCDC,000000C4
8000CDA0,00000034
8000CDD4,000001AC
8000CF80,00000044
8000CFC4,0000011C
8000D0E0,00000338
8000D418,00000080
8000D498,00000058
8000D4F0,00000084
8000D574,00000024
8000D598,00000024
8000D5BC,00000014
8000D5D0,00000024
8000D5F4,00000020
8000D614,00000020
8000D634,00000020
8000D654,00000064
8000D6B8,000001B0
8000D868,0000020C
8000DA74,0000000C
8000DA80,00000124
8000DBA4,000000CC
8000DC70,000001B4
8000DE24,0000002C
8000DE50,0000002C
8000DE7C,00000018
8000DE94,00000018
8000DEAC,000000DC
8000DF88,00000008
8000DF90,0000000C
8000DF9C,000000B4
8000E050,000002B4
8000E304,00000184
8000E488,00000034
8000E4BC,00000048
8000E504,0000002C
8000E530,00000018
8000E548,00000018
8000E560,0000009C
8000E5FC,000001E8
8000E7E4,00000044
8000E828,00000078
8000E8A0,00000048
8000E8E8,00000068
8000E950,000000C8
8000EA18,00000110
8000EB28,000001C8
8000ECF0,0000009C
8000ED8C,00000008
8000ED94,0000000C
8000EDA0,00000208
8000EFA8,00000148
8000F0F0,000000FC
8000F1EC,00000094
8000F280,0000002C
8000F2AC,0000002C
8000F2D8,00000018
8000F2F0,00000018
8000F308,00000140
8000F448,00000090
8000F4D8,00000090
8000F568,00000114
8000F67C,000005E0
8000FC5C,00000744
800103A0,00000E48
800111E8,00000100
800112E8,00000028
80011310,00000010
80011320,00000008
80011328,0000000C
80011334,0000003C
80011370,00000058
800113C8,00000004
800113CC,00000008
800113D4,0000000C
800113E0,00000108
800114E8,000001FC
800116E4,00000014
800116F8,00000020
80011718,00000664
80011D7C,00000024
80011DA0,0000000C
80011DAC,0000000C
80011DB8,0000000C
80011DC4,0000000C
80011DD0,0000000C
80011DDC,0000000C
80011DE8,0000000C
80011DF4,0000000C
80011E00,0000000C
80011E0C,0000000C
80011E18,0000000C
80011E24,0000000C
80011E30,00000014
80011E44,0000000C
80011E50,0000000C
80011E5C,00000014
80011E70,00000014
80011E84,00000014
80011E98,00000024
80011EBC,00000024
80011EE0,00000024
80011F04,0000000C
80011F10,0000002C
80011F3C,00000024
80011F60,000000AC
8001200C,00000024
80012030,00000024
80012054,00000008
8001205C,00000008
80012064,00000008
8001206C,00000008
80012074,00000008
8001207C,00000008
80012084,00000008
8001208C,00000008
80012094,00000008
8001209C,00000010
800120AC,00000008
800120B4,00000008
800120BC,00000008
800120C4,00000070
80012134,000000AC
800121E0,0000076C
8001294C,00000008
80012954,00000008
8001295C,00000018
80012974,00000024
80012998,0000002C
800129C4,00000034
800129F8,0000003C
80012A34,00000044
80012A78,0000004C
80012AC4,00000054
80012B18,0000005C
80012B74,00000064
80012BD8,0000003C
80012C14,00000090
80012CA4,00000088
80012D2C,00000120
80012E4C,000000C4
80012F10,000001E0
800130F0,00000EA0
80013F90,0000001C
80013FAC,00000008
80013FB4,00000014
80013FC8,00000078
80014040,00000034
80014074,00000008
8001407C,0000004C
800140C8,00000070
80014138,000000EC
80014224,0000001C
80014240,00000154
80014394,000000D0
80014464,00000074
800144D8,00000040
80014518,000000E8
80014600,000001BC
800147BC,0000000C
800147C8,00000018
800147E0,00000034
80014814,00000084
80014898,00000014
800148AC,00000138
800149E4,000001BC
80014BA0,0000010C
80014CAC,000001EC
80014E98,000002FC
80015194,000000F4
80015288,00000034
800152BC,00000080
8001533C,00000040
8001537C,00000010
8001538C,00000008
80015394,0000002C
800153C0,0000002C
800153EC,00000028
80015414,00000014
80015428,0000004C
80015474,00000080
800154F4,000000EC
800155E0,00000094
80015674,00000068
800156DC,00000054
80015730,000000E4
80015814,00000560
80015D74,000000F8
80015E6C,00000144
80015FB0,00000114
800160C4,000001E8
800162AC,000000D0
8001637C,00000230
800165AC,00000004
800165B0,0000003C
800165EC,00000090
8001667C,000000B8
80016734,000002E4
80016A18,000002AC
80016CC4,000002AC
80016F70,00000010
80016F80,00000010
80016F90,0000002C
80016FBC,0000003C
80016FF8,00000044
8001703C,0000022C
80017268,00000014
8001727C,00000024
800172A0,00000058
800172F8,00000018
80017310,00000018
80017328,00000090
800173B8,00000040
800173F8,00000060
80017458,0000004C
800174A4,00000054
800174F8,00000024
8001751C,00000040
8001755C,00000004
80017560,00000004
80017564,00000064
800175C8,00000224
800177EC,00000120
8001790C,00000064
80017970,00000084
800179F4,000000B0
80017AA4,000000CC
80017B70,0000014C
80017CBC,0000002C
80017CE8,00000040
80017D28,00000008
80017D30,00000008
80017D38,00000040
80017D78,00000008
80017D80,00000008
80017D88,00000040
80017DC8,00000008
80017DD0,00000008
80017DD8,00000040
80017E18,00000008
80017E20,00000008
80017E28,0000004C
80017E74,000000D4
80017F48,00000014
80017F5C,0000005C
80017FB8,00000018
80017FD0,00000018
80017FE8,0000009C
80018084,0000000C
80018090,000000CC
8001815C,00000010
8001816C,00000014
80018180,000000F4
80018274,0000017C
800183F0,00000044
80018434,0000005C
80018490,000000BC
8001854C,00000014
80018560,00000064
800185C4,00000014
800185D8,00000014
800185EC,00000064
80018650,00000014
80018664,00000014
80018678,00000070
800186E8,00000014
800186FC,0000000C
80018708,0000000C
80018714,000000E0
800187F4,00000018
8001880C,00000040
8001884C,00000018
80018864,00000040
800188A4,00000024
800188C8,00000040
80018908,00000018
80018920,00000040
80018960,00000018
80018978,00000040
800189B8,000000C8
80018A80,00000014
80018A94,00000004
80018A98,00000014
80018AAC,00000068
80018B14,00000014
80018B28,00000064
80018B8C,00000014
80018BA0,00000024
80018BC4,00000010
80018BD4,00000058
80018C2C,00000024
80018C50,0000001C
80018C6C,00000090
80018CFC,00000090
80018D8C,0000000C
80018D98,00000124
80018EBC,0000007C
80018F38,000000C0
80018FF8,00000090
80019088,00000060
800190E8,00000014
800190FC,00000038
80019134,00000014
80019148,00000414
8001955C,000001CC
80019728,0000041C
80019B44,000000CC
80019C10,00000548
8001A158,000001CC
8001A324,000004D0
8001A7F4,00000104
8001A8F8,00000098
8001A990,000000EC
8001AA7C,000000E8
8001AB64,00000048
8001ABAC,00000040
8001ABEC,00000050
8001AC3C,00000124
8001AD60,00000024
8001AD84,00000034
8001ADB8,00000008
8001ADC0,00000008
8001ADC8,00000008
8001ADD0,00000004
8001ADD4,00000004
8001ADD8,00000004
8001ADDC,00000008
8001ADE4,000000AC
8001AE90,00000144
8001AFD4,00000138
8001B10C,00000004
8001B110,00000044
8001B154,00000058
8001B1AC,00000074
8001B220,00000004
8001B224,00000074
8001B298,00000060
8001B2F8,00000044
8001B33C,00000128
8001B464,00000064
8001B4C8,00000060
8001B528,00000128
8001B650,00000138
8001B788,0000000C
8001B794,0000003C
8001B7D0,0000003C
8001B80C,00000110
8001B91C,00000014
8001B930,0000001C
8001B94C,0000001C
8001B968,00000028
8001B990,00000090
8001BA20,00000130
8001BB50,000000A0
8001BBF0,000000DC
8001BCCC,0000009C
8001BD68,00000068
8001BDD0,00000028
8001BDF8,00000064
8001BE5C,00000080
8001BEDC,00000050
8001BF2C,0000001C
8001BF48,0000001C
8001BF64,00000008
8001BF6C,00000038
8001BFA4,00000080
8001C024,00000020
8001C044,00000074
8001C0B8,0000005C
8001C114,0000001C
8001C130,00000040
8001C170,00000034
8001C1A4,000000BC
8001C260,00000074
8001C2D4,00000044
8001C318,00000048
8001C360,0000007C
8001C3DC,00000088
8001C464,000000A0
8001C504,0000009C
8001C5A0,00000084
8001C624,00000420
8001CA44,0000014C
8001CB90,0000007C
8001CC0C,000001B0
8001CDBC,0000008C
8001CE48,00000064
8001CEAC,0000006C
8001CF18,0000002C
8001CF44,00000020
8001CF64,0000001C
8001CF80,00000024
8001CFA4,0000009C
8001D040,00000078
8001D0B8,00000080
8001D138,00000060
8001D198,00000060
8001D1F8,000000B4
8001D2AC,0000002C
8001D2D8,00000178
8001D450,000000BC
8001D50C,0000004C
8001D558,00000008
8001D560,00000128
8001D688,00000054
8001D6DC,0000002C
8001D708,00000060
8001D768,0000002C
8001D794,00000070
8001D804,0000002C
8001D830,0000007C
8001D8AC,000000A0
8001D94C,00000084
8001D9D0,0000003C
8001DA0C,0000002C
8001DA38,00000070
8001DAA8,00000060
8001DB08,000000D4
8001DBDC,00000098
8001DC74,00000024
8001DC98,000000C0
8001DD58,000000A0
8001DDF8,00000058
8001DE50,0000004C
8001DE9C,00000014
8001DEB0,00000148
8001DFF8,000001A8
8001E1A0,00000070
8001E210,00000008
8001E218,00000008
8001E220,00000008
8001E228,00000008
8001E230,00000008
8001E238,00000008
8001E240,0000000C
8001E24C,0000000C
8001E258,00000060
8001E2B8,00000058
8001E310,0000006C
8001E37C,000000DC
8001E458,0000000C
8001E464,0000000C
8001E470,00000008
8001E478,00000040
8001E4B8,00000030
8001E4E8,00000068
8001E550,00000058
8001E5A8,00000068
8001E610,00000060
8001E670,00000050
8001E6C0,00000050
8001E710,0000006C
8001E77C,00000050
8001E7CC,00000050
8001E81C,00000050
8001E86C,00000050
8001E8BC,00000044
8001E900,000000A8
8001E9A8,00000098
8001EA40,00000034
8001EA74,00000028
8001EA9C,00000058
8001EAF4,00000058
8001EB4C,00000060
8001EBAC,00000070
8001EC1C,00000070
8001EC8C,00000004
8001EC90,0000004C
8001ECDC,00000074
8001ED50,000000F0
8001EE40,0000005C
8001EE9C,00000204
8001F0A0,00000048
8001F0E8,00000054
8001F13C,000000E4
8001F220,0000005C
8001F27C,0000000C
8001F288,0000005C
8001F2E4,00000074
8001F358,00000058
8001F3B0,00000034
8001F3E4,00000168
8001F54C,0000000C
8001F558,0000003C
8001F594,0000005C
8001F5F0,00000054
8001F644,0000003C
8001F680,0000005C
8001F6DC,00000054
8001F730,00000058
8001F788,00000058
8001F7E0,0000000C
8001F7EC,0000000C
8001F7F8,0000005C
8001F854,00000094
8001F8E8,00000074
8001F95C,00000098
8001F9F4,0000011C
8001FB10,00000054
8001FB64,0000000C
8001FB70,0000005C
8001FBCC,00000068
8001FC34,0000005C
8001FC90,00000070
8001FD00,00000058
8001FD58,00000008
8001FD60,0000000C
8001FD6C,00000028
8001FD94,00000024
8001FDB8,0000005C
8001FE14,00000058
8001FE6C,00000058
8001FEC4,00000014
8001FED8,000000FC
8001FFD4,0000000C
8001FFE0,00000044
80020024,00000034
80020058,0000005C
800200B4,00000398
8002044C,000000A4
800204F0,00000024
80020514,0000001C
80020530,00000038
80020568,00000018
80020580,00000018
80020598,00000018
800205B0,00000078
80020628,00000118
80020740,00000244
80020984,000007C8
8002114C,00000048
80021194,00000048
800211DC,000004F0
800216CC,00000008
800216D4,00000008
800216DC,00000058
80021734,0000005C
80021790,00000034
800217C4,00000058
8002181C,0000005C
80021878,00000198
80021A10,00000008
80021A18,00000008
80021A20,00000008
80021A28,00000008
80021A30,00000008
80021A38,00000008
80021A40,00000008
80021A48,00000004
80021A4C,00000004
80021A50,00000048
80021A98,0000017C
80021C14,000000B0
80021CC4,00000010
80021CD4,0000000C
80021CE0,0000004C
80021D2C,00000010
80021D3C,00000008
80021D44,00000044
80021D88,000000B0
80021E38,00000058
80021E90,0000003C
80021ECC,00000034
80021F00,00000064
80021F64,00000064
80021FC8,00000018
80021FE0,0000005C
8002203C,0000000C
80022048,00000054
8002209C,00000044
800220E0,00000048
80022128,00000008
80022130,00000008
80022138,00000058
80022190,00000008
80022198,0000000C
800221A4,00000058
800221FC,000000E0
800222DC,000001CC
800224A8,00000750
80022BF8,0000003C
80022C34,00000054
80022C88,000000A4
80022D2C,0000005C
80022D88,00000058
80022DE0,000000A0
80022E80,0000000C
80022E8C,00000044
80022ED0,00000064
80022F34,0000005C
80022F90,0000000C
80022F9C,00000054
80022FF0,0000003C
8002302C,000000B0
800230DC,00000058
80023134,00000044
80023178,00000044
800231BC,0000005C
80023218,0000000C
80023224,00000044
80023268,000000A0
80023308,000000A4
800233AC,00000058
80023404,00000028
8002342C,00000044
80023470,00000070
800234E0,000001F8
800236D8,00000040
80023718,00000090
800237A8,00000060
80023808,00000054
8002385C,00000084
800238E0,000000E0
800239C0,000000F8
80023AB8,000002C8
80023D80,00000058
80023DD8,00000148
80023F20,000003BC
800242DC,000000DC
800243B8,0000005C
80024414,00000044
80024458,00000068
800244C0,0000001C
800244DC,00000014
800244F0,00000030
80024520,00000100
80024620,00000044
80024664,00000044
800246A8,0000005C
80024704,0000003C
80024740,0000003C
8002477C,0000005C
800247D8,00000078
80024850,0000000C
8002485C,00000054
800248B0,0000005C
8002490C,00000054
80024960,00000070
800249D0,00000074
80024A44,0000005C
80024AA0,000001A0
80024C40,00000054
80024C94,00000044
80024CD8,00000058
80024D30,00000008
80024D38,0000000C
80024D44,00000064
80024DA8,00000064
80024E0C,00000058
80024E64,0000000C
80024E70,0000005C
80024ECC,00000058
80024F24,00000090
80024FB4,00000208
800251BC,00000094
80025250,0000005C
800252AC,0000005C
80025308,00000094
8002539C,0000015C
800254F8,0000003C
80025534,0000005C
80025590,000000A8
80025638,0000003C
80025674,0000005C
800256D0,0000000C
800256DC,0000003C
80025718,00000034
8002574C,000000C8
80025814,00000084
80025898,0000000C
800258A4,0000005C
80025900,00000088
80025988,00000010
80025998,00000048
800259E0,00000050
80025A30,00000074
80025AA4,0000016C
80025C10,00000108
80025D18,00000044
80025D5C,000000A4
80025E00,0000003C
80025E3C,0000005C
80025E98,00000058
80025EF0,00000078
80025F68,00000024
80025F8C,00000034
80025FC0,00000068
80026028,00000130
80026158,000001DC
80026334,000006FC
80026A30,00000118
80026B48,0000006C
80026BB4,0000005C
80026C10,0000000C
80026C1C,00000008
80026C24,00000010
80026C34,000000BC
80026CF0,00000064
80026D54,00000174
80026EC8,0000015C
80027024,00000098
800270BC,0000005C
80027118,00000068
80027180,00000090
80027210,00000058
80027268,0000007C
800272E4,00000074
80027358,00000084
800273DC,00000050
8002742C,00000044
80027470,0000007C
800274EC,000000A4
80027590,000000B4
80027644,00000024
80027668,0000007C
800276E4,00000074
80027758,0000007C
800277D4,00000024
800277F8,00000054
8002784C,00000078
800278C4,0000004C
80027910,00000054
80027964,00000050
800279B4,0000005C
80027A10,00000084
80027A94,00000010
80027AA4,00000008
80027AAC,00000014
80027AC0,00000014
80027AD4,0000008C
80027B60,00000128
80027C88,00000080
80027D08,00000154
80027E5C,00000090
80027EEC,000000BC
80027FA8,00000054
80027FFC,00000038
80028034,00000054
80028088,0000011C
800281A4,00000074
80028218,00000044
8002825C,00000058
800282B4,00000040
800282F4,00000074
80028368,00000058
800283C0,00000058
80028418,0000005C
80028474,00000058
800284CC,000000A0
8002856C,00000068
800285D4,00000058
8002862C,00000008
80028634,00000250
80028884,00000124
800289A8,000000EC
80028A94,00000024
80028AB8,0000012C
80028BE4,00000508
800290EC,0000001C
80029108,00000044
8002914C,00000040
8002918C,00000098
80029224,00000040
80029264,00000054
800292B8,00000074
8002932C,00000058
80029384,00000058
800293DC,00000058
80029434,00000058
8002948C,00000068
800294F4,0000005C
80029550,00000068
800295B8,00000128
800296E0,00000018
800296F8,00000074
8002976C,00000074
800297E0,000000AC
8002988C,00000058
800298E4,000000B8
8002999C,00000090
80029A2C,00000040
80029A6C,00000080
80029AEC,00000024
80029B10,00000104
80029C14,00000030
80029C44,00000058
80029C9C,00000030
80029CCC,00000058
80029D24,00000030
80029D54,00000058
80029DAC,00000030
80029DDC,00000058
80029E34,00000008
80029E3C,00000008
80029E44,00000008
80029E4C,00000008
80029E54,00000008
80029E5C,00000048
80029EA4,0000002C
80029ED0,00000004
80029ED4,00000044
80029F18,00000048
80029F60,0000005C
80029FBC,00000068
8002A024,0000007C
8002A0A0,00000024
8002A0C4,00000034
8002A0F8,00000094
8002A18C,00000050
8002A1DC,000000A0
8002A27C,00000080
8002A2FC,000000A8
8002A3A4,000000A0
8002A444,000000B8
8002A4FC,000000B8
8002A5B4,0000009C
8002A650,0000009C
8002A6EC,00000008
8002A6F4,00000008
8002A6FC,0000000C
8002A708,0000000C
8002A714,0000000C
8002A720,0000000C
8002A72C,00000018
8002A744,00000018
8002A75C,00000014
8002A770,00000010
8002A780,0000000C
8002A78C,0000000C
8002A798,0000000C
8002A7A4,0000000C
8002A7B0,0000000C
8002A7BC,0000000C
8002A7C8,00000010
8002A7D8,00000010
8002A7E8,00000094
8002A87C,000000CC
8002A948,00000088
8002A9D0,00000034
8002AA04,00000008
8002AA0C,000000A8
8002AAB4,00000104
8002ABB8,00000120
8002ACD8,0000010C
8002ADE4,00000058
8002AE3C,000000A8
8002AEE4,000000A8
8002AF8C,00000068
8002AFF4,00000068
8002B05C,00000034
8002B090,0000003C
8002B0CC,0000001C
8002B0E8,00000028
8002B110,0000001C
8002B12C,00000010
8002B13C,00000164
8002B2A0,00000058
8002B2F8,00000090
8002B388,00000108
8002B490,00000178
8002B608,000001A4
8002B7AC,00000030
8002B7DC,00000014
8002B7F0,00000008
8002B7F8,000008DC
8002C0D4,0000029C
8002C370,00001248
8002D5B8,000000D4
8002D68C,00000270
8002D8FC,00000058
8002D954,00000018
8002D96C,00000018
8002D984,00000094
8002DA18,000001BC
8002DBD4,00000008
8002DBDC,00000254
8002DE30,00000084
8002DEB4,00000290
8002E144,000001DC
8002E320,00000064
8002E384,0000002C
8002E3B0,000000A4
8002E454,0000003C
8002E490,00000058
8002E4E8,00000008
8002E4F0,00000008
8002E4F8,00000008
8002E500,00000008
8002E508,00000008
8002E510,00000030
8002E540,00000054
8002E594,00000080
8002E614,0000000C
8002E620,00000074
8002E694,00000124
8002E7B8,00000050
8002E808,0000002C
8002E834,00000018
8002E84C,00000038
8002E884,0000004C
8002E8D0,0000004C
8002E91C,00000120
8002EA3C,00000028
8002EA64,00000058
8002EABC,00000054
8002EB10,00000060
8002EB70,000000B4
8002EC24,00000060
8002EC84,00000078
8002ECFC,0000006C
8002ED68,00000004
8002ED6C,0000000C
8002ED78,000000FC
8002EE74,00000060
8002EED4,00000124
8002EFF8,00000058
8002F050,00000058
8002F0A8,00000200
8002F2A8,00000008
8002F2B0,00000008
8002F2B8,00000010
8002F2C8,0000001C
8002F2E4,00000018
8002F2FC,00000028
8002F324,00000024
8002F348,00000028
8002F370,00000058
8002F3C8,00000054
8002F41C,00000180
8002F59C,00000064
8002F600,00000064
8002F664,00000050
8002F6B4,00000094
8002F748,000000D0
8002F818,00000040
8002F858,00000008
8002F860,00000008
8002F868,00000004
8002F86C,00000004
8002F870,00000024
8002F894,00000028
8002F8BC,00000018
8002F8D4,0000001C
8002F8F0,00000010
8002F900,00000008
8002F908,00000094
8002F99C,00000074
8002FA10,00000058
8002FA68,000000CC
8002FB34,00000044
8002FB78,00000048
8002FBC0,00000088
8002FC48,000000BC
8002FD04,0000016C
8002FE70,00000010
8002FE80,00000014
8002FE94,0000002C
8002FEC0,00000014
8002FED4,00000068
8002FF3C,00000068
8002FFA4,0000005C
80030000,000000AC
800300AC,00000090
8003013C,000000C4
80030200,000000C8
800302C8,00000074
8003033C,000000B8
800303F4,000000C4
800304B8,00000074
8003052C,000000FC
80030628,00000054
8003067C,00000094
80030710,00000040
80030750,00000048
80030798,00000014
800307AC,00000018
800307C4,00000018
800307DC,00000018
800307F4,00000018
8003080C,00000018
80030824,00000018
8003083C,000000D4
80030910,00000090
800309A0,0000003C
800309DC,00000070
80030A4C,0000004C
80030A98,00000008
80030AA0,00000008
80030AA8,00000038
80030AE0,00000078
80030B58,00000028
80030B80,0000001C
80030B9C,00000008
80030BA4,0000001C
80030BC0,00000018
80030BD8,00000058
80030C30,0000005C
80030C8C,00000014
80030CA0,00000014
80030CB4,00000010
80030CC4,00000034
80030CF8,00000014
80030D0C,0000003C
80030D48,00000094
80030DDC,000000A8
80030E84,00000094
80030F18,00000044
80030F5C,0000008C
80030FE8,00000028
80031010,00000018
80031028,00000074
8003109C,00000008
800310A4,00000100
800311A4,0000003C
800311E0,00000048
80031228,0000001C
80031244,0000005C
800312A0,000001A4
80031444,00000090
800314D4,00000074
80031548,00000050
80031598,0000007C
80031614,00000020
80031634,00000040
80031674,00000058
800316CC,00000030
800316FC,00000010
8003170C,00000094
800317A0,00000134
800318D4,00000038
8003190C,00000158
80031A64,000000F8
80031B5C,00000048
80031BA4,000000AC
80031C50,00000094
80031CE4,0000007C
80031D60,000000AC
80031E0C,0000006C
80031E78,0000006C
80031EE4,00000074
80031F58,00000064
80031FBC,0000000C
80031FC8,0000000C
80031FD4,00000044
80032018,00000044
8003205C,00000094
800320F0,000001E0
800322D0,00000004
800322D4,0000004C
80032320,0000004C
8003236C,00000050
800323BC,00000040
800323FC,0000005C
80032458,00000050
800324A8,00000054
800324FC,00000198
80032694,0000006C
80032700,0000010C
8003280C,00000004
80032810,000000AC
800328BC,00000070
8003292C,000000E8
80032A14,00000048
80032A5C,0000005C
80032AB8,0000002C
80032AE4,0000008C
80032B70,00000030
80032BA0,0000000C
80032BAC,00000008
80032BB4,00000098
80032C4C,00000048
80032C94,00000094
80032D28,0000000C
80032D34,00000054
80032D88,0000001C
80032DA4,0000001C
80032DC0,00000058
80032E18,00000010
80032E28,00000010
80032E38,00000064
80032E9C,00000064
80032F00,000000A4
80032FA4,000000A8
8003304C,000000F0
8003313C,00000080
800331BC,00000074
80033230,00000008
80033238,000002B4
800334EC,00000204
800336F0,000000AC
8003379C,000000C0
8003385C,00000040
8003389C,0000005C
800338F8,00000030
80033928,00000058
80033980,0000003C
800339BC,00000094
80033A50,0000004C
80033A9C,00000080
80033B1C,0000007C
80033B98,0000004C
80033BE4,00000040
80033C24,00000044
80033C68,00000058
80033CC0,0000007C
80033D3C,0000005C
80033D98,000003B8
80034150,00000048
80034198,00000048
800341E0,00000228
80034408,00000054
8003445C,00000120
8003457C,00000028
800345A4,00000008
800345AC,000000B8
80034664,00000044
800346A8,00000070
80034718,000000B0
800347C8,000000AC
80034874,00000080
800348F4,00000084
80034978,000000E4
80034A5C,000001EC
80034C48,0000007C
80034CC4,00000134
80034DF8,00000098
80034E90,00000118
80034FA8,00000278
80035220,0000008C
800352AC,0000013C
800353E8,0000017C
80035564,000000E0
80035644,00000110
80035754,00000024
80035778,0000006C
800357E4,00000234
80035A18,0000002C
80035A44,00000200
80035C44,00000228
80035E6C,000001FC
80036068,00000090
800360F8,000000A8
800361A0,00000140
800362E0,00000058
80036338,000000D4
8003640C,00000010
8003641C,00000010
8003642C,00000010
8003643C,00000010
8003644C,00000010
8003645C,00000010
8003646C,00000010
8003647C,00000010
8003648C,00000010
8003649C,00000010
800364AC,00000010
800364BC,00000010
800364CC,00000010
800364DC,00000010
800364EC,00000010
800364FC,00000010
8003650C,00000010
8003651C,00000010
8003652C,00000010
8003653C,00000010
8003654C,00000010
8003655C,00000010
8003656C,00000010
8003657C,00000054
800365D0,00000008
800365D8,00000008
800365E0,00000008
800365E8,00000008
800365F0,0000004C
8003663C,00000008
80036644,00000008
8003664C,00000054
800366A0,00000044
800366E4,00000008
800366EC,00000008
800366F4,00000060
80036754,00000008
8003675C,00000014
80036770,00000008
80036778,0000000C
80036784,00000008
8003678C,00000008
80036794,00000008
8003679C,00000054
800367F0,00000008
800367F8,00000050
80036848,00000008
80036850,00000008
80036858,00000008
80036860,00000008
80036868,00000008
80036870,00000068
800368D8,0000005C
80036934,00000110
80036A44,00000088
80036ACC,00000088
80036B54,00000008
80036B5C,00000008
80036B64,00000008
80036B6C,00000008
80036B74,00000008
80036B7C,00000054
80036BD0,00000054
80036C24,00000060
80036C84,00000034
80036CB8,0000014C
80036E04,0000005C
80036E60,00000010
80036E70,00000010
80036E80,00000010
80036E90,00000010
80036EA0,00000010
80036EB0,00000010
80036EC0,00000010
80036ED0,00000010
80036EE0,00000008
80036EE8,00000008
80036EF0,00000050
80036F40,00000050
80036F90,00000008
80036F98,00000048
80036FE0,00000048
80037028,00000048
80037070,00000040
800370B0,00000068
80037118,00000068
80037180,00000058
800371D8,00000060
80037238,00000058
80037290,000000FC
8003738C,00000040
800373CC,00000058
80037424,00000014
80037438,00000014
8003744C,00000014
80037460,00000014
80037474,00000018
8003748C,00000090
8003751C,00000034
80037550,00000064
800375B4,00000044
800375F8,00000020
80037618,00000024
8003763C,00000068
800376A4,000000DC
80037780,00000008
80037788,00000184
8003790C,00000074
80037980,00000008
80037988,00000244
80037BCC,00000144
80037D10,00000124
80037E34,00000078
80037EAC,00000068
80037F14,0000008C
80037FA0,00000074
80038014,00000004
80038018,00000030
80038048,00000068
800380B0,0000005C
8003810C,0000004C
80038158,0000005C
800381B4,00000004
800381B8,0000000C
800381C4,0000000C
800381D0,00000004
800381D4,00000058
8003822C,00000008
80038234,00000008
8003823C,00000008
80038244,00000008
8003824C,00000004
80038250,0000004C
8003829C,000000D0
8003836C,00000004
80038370,00000058
800383C8,0000005C
80038424,00000018
8003843C,00000008
80038444,00000058
8003849C,000000DC
80038578,00000094
8003860C,00000008
80038614,0000001C
80038630,0000001C
8003864C,00000088
800386D4,0000005C
80038730,00000048
80038778,00000048
800387C0,00000010
800387D0,00000010
800387E0,00000010
800387F0,00000010
80038800,00000074
80038874,00000190
80038A04,00000074
80038A78,000001A4
80038C1C,0000013C
80038D58,00000154
80038EAC,000001E4
80039090,000001E4
80039274,0000008C
80039300,00000058
80039358,0000005C
800393B4,00000064
80039418,00000010
80039428,00000010
80039438,00000010
80039448,00000010
80039458,00000010
80039468,00000010
80039478,00000010
80039488,00000010
80039498,00000010
800394A8,00000008
800394B0,00000008
800394B8,00000008
800394C0,00000008
800394C8,00000008
800394D0,00000008
800394D8,00000008
800394E0,00000008
800394E8,00000008
800394F0,00000048
80039538,00000038
80039570,00000034
800395A4,0000004C
800395F0,0000006C
8003965C,00000004
80039660,00000020
80039680,00000024
800396A4,00000024
800396C8,00000024
800396EC,00000024
80039710,00000058
80039768,00000048
800397B0,000000B8
80039868,00000010
80039878,00000068
800398E0,000000CC
800399AC,0000005C
80039A08,0000004C
80039A54,0000007C
80039AD0,00000008
80039AD8,00000060
80039B38,00000070
80039BA8,0000005C
80039C04,00000078
80039C7C,00000084
80039D00,0000005C
80039D5C,00000084
80039DE0,00000048
80039E28,0000006C
80039E94,0000005C
80039EF0,0000009C
80039F8C,00000010
80039F9C,00000010
80039FAC,00000010
80039FBC,00000010
80039FCC,00000010
80039FDC,00000010
80039FEC,00000008
80039FF4,00000008
80039FFC,00000008
8003A004,00000008
8003A00C,00000008
8003A014,00000008
8003A01C,00000050
8003A06C,000000C8
8003A134,00000008
8003A13C,00000060
8003A19C,00000070
8003A20C,00000070
8003A27C,00000084
8003A300,00000090
8003A390,0000005C
8003A3EC,00000084
8003A470,00000090
8003A500,0000005C
8003A55C,00000080
8003A5DC,0000005C
8003A638,000000A4
8003A6DC,00000010
8003A6EC,00000010
8003A6FC,00000010
8003A70C,00000010
8003A71C,00000010
8003A72C,00000010
8003A73C,00000010
8003A74C,00000008
8003A754,00000008
8003A75C,00000008
8003A764,00000008
8003A76C,00000008
8003A774,00000008
8003A77C,00000008
8003A784,00000098
8003A81C,00000008
8003A824,0000003C
8003A860,00000008
8003A868,00000008
8003A870,000000B0
8003A920,000000A0
8003A9C0,000000A4
8003AA64,00000070
8003AAD4,00000008
8003AADC,00000084
8003AB60,00000078
8003ABD8,000000D8
8003ACB0,0000001C
8003ACCC,0000006C
8003AD38,00000160
8003AE98,000000AC
8003AF44,0000013C
8003B080,000000F0
8003B170,00000078
8003B1E8,00000068
8003B250,000000D0
8003B320,00000104
8003B424,000000F0
8003B514,000000FC
8003B610,0000008C
8003B69C,00000048
8003B6E4,00000048
8003B72C,000000D0
8003B7FC,000000D0
8003B8CC,00000058
8003B924,0000007C
8003B9A0,00000010
8003B9B0,00000010
8003B9C0,00000010
8003B9D0,00000010
8003B9E0,00000010
8003B9F0,00000010
8003BA00,00000010
8003BA10,00000010
8003BA20,00000010
8003BA30,00000010
8003BA40,00000010
8003BA50,00000010
8003BA60,00000008
8003BA68,00000008
8003BA70,00000008
8003BA78,00000008
8003BA80,00000008
8003BA88,00000008
8003BA90,00000008
8003BA98,00000008
8003BAA0,00000008
8003BAA8,00000008
8003BAB0,00000008
8003BAB8,00000008
8003BAC0,00000064
8003BB24,000000A0
8003BBC4,0000012C
8003BCF0,00000034
8003BD24,00000034
8003BD58,00000044
8003BD9C,00000274
8003C010,0000004C
8003C05C,00000080
8003C0DC,00000110
8003C1EC,000000A4
8003C290,00000008
8003C298,00000038
8003C2D0,00000008
8003C2D8,00000008
8003C2E0,00000058
8003C338,0000009C
8003C3D4,00000078
8003C44C,00000058
8003C4A4,00000014
8003C4B8,000000B8
8003C570,00000064
8003C5D4,00000014
8003C5E8,00000018
8003C600,0000004C
8003C64C,0000004C
8003C698,0000004C
8003C6E4,00000054
8003C738,000000A4
8003C7DC,0000007C
8003C858,00000068
8003C8C0,00000214
8003CAD4,00000094
8003CB68,00000014
8003CB7C,00000018
8003CB94,00000018
8003CBAC,00000010
8003CBBC,00000014
8003CBD0,00000040
8003CC10,0000010C
8003CD1C,00000008
8003CD24,00000018
8003CD3C,00000034
8003CD70,00000030
8003CDA0,00000068
8003CE08,0000005C
8003CE64,000000D4
8003CF38,0000005C
8003CF94,00000080
8003D014,00000088
8003D09C,00000098
8003D134,00000088
8003D1BC,00000118
8003D2D4,00000058
8003D32C,0000000C
8003D338,00000060
8003D398,0000004C
8003D3E4,0000004C
8003D430,00000114
8003D544,0000011C
8003D660,00000060
8003D6C0,000000AC
8003D76C,000000BC
8003D828,00000058
8003D880,000000B8
8003D938,00000084
8003D9BC,00000088
8003DA44,000000D4
8003DB18,000000B4
8003DBCC,000000D0
8003DC9C,000000D4
8003DD70,000000F8
8003DE68,00000070
8003DED8,000000D4
8003DFAC,000000A4
8003E050,00000098
8003E0E8,00000090
8003E178,000000C4
8003E23C,000000A0
8003E2DC,000000D4
8003E3B0,000000F0
8003E4A0,000000FC
8003E59C,000001CC
8003E768,00000094
8003E7FC,0000015C
8003E958,0000022C
8003EB84,00000008
8003EB8C,00000008
8003EB94,00000008
8003EB9C,00000004
8003EBA0,00000008
8003EBA8,0000008C
8003EC34,0000009C
8003ECD0,00000050
8003ED20,00000104
8003EE24,00000188
8003EFAC,000000A8
8003F054,0000009C
8003F0F0,00000050
8003F140,0000013C
8003F27C,00000058
8003F2D4,00000058
8003F32C,000000AC
8003F3D8,00000010
8003F3E8,00000010
8003F3F8,00000010
8003F408,00000010
8003F418,00000010
8003F428,00000010
8003F438,00000010
8003F448,00000010
8003F458,00000010
8003F468,00000010
8003F478,00000010
8003F488,00000010
8003F498,00000010
8003F4A8,00000010
8003F4B8,00000010
8003F4C8,00000010
8003F4D8,00000010
8003F4E8,00000010
8003F4F8,0000004C
8003F544,00000044
8003F588,00000048
8003F5D0,00000044
8003F614,00000044
8003F658,00000044
8003F69C,00000044
8003F6E0,00000044
8003F724,0000004C
8003F770,00000008
8003F778,00000050
8003F7C8,00000054
8003F81C,0000004C
8003F868,00000054
8003F8BC,00000050
8003F90C,00000054
8003F960,00000008
8003F968,00000048
8003F9B0,00000008
8003F9B8,00000074
8003FA2C,000000AC
8003FAD8,00000050
8003FB28,00000010
8003FB38,000000C4
8003FBFC,000000AC
8003FCA8,00000104
8003FDAC,000000B0
8003FE5C,00000058
8003FEB4,00000058
8003FF0C,0000006C
8003FF78,00000010
8003FF88,00000010
8003FF98,00000010
8003FFA8,00000010
8003FFB8,00000010
8003FFC8,00000010
8003FFD8,00000010
8003FFE8,00000010
8003FFF8,00000010
80040008,00000010
80040018,00000044
8004005C,00000044
800400A0,00000048
800400E8,0000004C
80040134,00000044
80040178,00000044
800401BC,00000048
80040204,00000044
80040248,00000048
80040290,00000008
80040298,00000054
800402EC,00000090
8004037C,00000048
800403C4,0000000C
800403D0,00000004
800403D4,000000B4
80040488,0000016C
800405F4,000000A4
80040698,00000068
80040700,000000BC
800407BC,00000058
80040814,00000058
8004086C,0000006C
800408D8,00000010
800408E8,00000010
800408F8,00000010
80040908,00000010
80040918,00000010
80040928,00000010
80040938,00000010
80040948,00000010
80040958,00000010
80040968,00000010
80040978,00000044
800409BC,00000008
800409C4,0000000C
800409D0,00000044
80040A14,00000048
80040A5C,00000048
80040AA4,00000044
80040AE8,00000044
80040B2C,0000004C
80040B78,00000008
80040B80,00000048
80040BC8,00000168
80040D30,00000034
80040D64,00000020
80040D84,00000024
80040DA8,00000024
80040DCC,00000050
80040E1C,0000004C
80040E68,00000054
80040EBC,0000004C
80040F08,00000060
80040F68,0000004C
80040FB4,00000058
8004100C,0000004C
80041058,00000058
800410B0,00000064
80041114,00000010
80041124,00000010
80041134,00000010
80041144,00000010
80041154,00000010
80041164,00000010
80041174,00000010
80041184,00000010
80041194,00000010
800411A4,00000004
800411A8,00000008
800411B0,00000008
800411B8,00000008
800411C0,00000008
800411C8,00000008
800411D0,00000008
800411D8,00000008
800411E0,00000004
800411E4,00000094
80041278,00000054
800412CC,000001C8
80041494,00000058
800414EC,0000002C
80041518,00000010
80041528,00000010
80041538,00000008
80041540,00000004
80041544,00000060
800415A4,00000134
800416D8,00000034
8004170C,0000003C
80041748,00000090
800417D8,000000A0
80041878,0000008C
80041904,00000008
8004190C,000001A8
80041AB4,0000010C
80041BC0,0000005C
80041C1C,0000002C
80041C48,00000010
80041C58,00000010
80041C68,00000008
80041C70,00000008
80041C78,000000A8
80041D20,00000058
80041D78,0000005C
80041DD4,00000058
80041E2C,00000094
80041EC0,00000054
80041F14,000000F0
80042004,00000108
8004210C,00000058
80042164,00000034
80042198,00000010
800421A8,00000010
800421B8,00000010
800421C8,00000008
800421D0,00000008
800421D8,00000004
800421DC,00000094
80042270,00000054
800422C4,00000250
80042514,00000058
8004256C,0000002C
80042598,00000010
800425A8,00000010
800425B8,00000008
800425C0,00000004
800425C4,00000090
80042654,00000080
800426D4,0000009C
80042770,000000B0
80042820,000000B8
800428D8,000001FC
80042AD4,0000012C
80042C00,000000E4
80042CE4,0000000C
80042CF0,00000044
80042D34,00000004
80042D38,0000005C
80042D94,00000044
80042DD8,00000094
80042E6C,00000054
80042EC0,00000110
80042FD0,00000058
80043028,0000002C
80043054,00000010
80043064,00000010
80043074,00000008
8004307C,00000004
80043080,00000024
800430A4,00000070
80043114,000000CC
800431E0,000002A4
80043484,000001C8
8004364C,0000009C
800436E8,00000068
80043750,00000150
800438A0,000000AC
8004394C,000000F0
80043A3C,000000FC
80043B38,0000004C
80043B84,0000004C
80043BD0,00000018
80043BE8,00000060
80043C48,00000008
80043C50,00000008
80043C58,00000008
80043C60,00000020
80043C80,00000024
80043CA4,00000024
80043CC8,00000024
80043CEC,00000020
80043D0C,00000024
80043D30,00000054
80043D84,00000094
80043E18,0000006C
80043E84,000000A4
80043F28,000001EC
80044114,00000148
8004425C,00000070
800442CC,00000004
800442D0,00000088
80044358,0000003C
80044394,0000018C
80044520,000001D4
800446F4,00000008
800446FC,00000070
8004476C,00000054
800447C0,00000050
80044810,00000024
80044834,0000004C
80044880,00000024
800448A4,00000060
80044904,00000050
80044954,00000070
800449C4,00000070
80044A34,00000084
80044AB8,00000008
80044AC0,00000008
80044AC8,00000004
80044ACC,00000004
80044AD0,0000001C
80044AEC,00000040
80044B2C,00000068
80044B94,00000068
80044BFC,00000030
80044C2C,00000068
80044C94,0000005C
80044CF0,00000054
80044D44,0000005C
80044DA0,000000E8
80044E88,00000058
80044EE0,000000AC
80044F8C,000000C0
8004504C,000000F0
8004513C,00000048
80045184,00000058
800451DC,00000074
80045250,000000E8
80045338,0000007C
800453B4,0000009C
80045450,00000008
80045458,00000008
80045460,00000004
80045464,00000008
8004546C,00000008
80045474,00000008
8004547C,00000008
80045484,00000004
80045488,00000084
8004550C,0000005C
80045568,000000F8
80045660,000000E8
80045748,0000003C
80045784,000000A0
80045824,00000008
8004582C,000000DC
80045908,00000038
80045940,00000040
80045980,0000017C
80045AFC,000001AC
80045CA8,000000A8
80045D50,00000028
80045D78,00000090
80045E08,00000018
80045E20,00000018
80045E38,0000009C
80045ED4,000000D4
80045FA8,000000F0
80046098,000000CC
80046164,000000C4
80046228,00000070
80046298,0000004C
800462E4,00000010
800462F4,00000010
80046304,00000010
80046314,00000010
80046324,00000010
80046334,00000010
80046344,00000004
80046348,00000008
80046350,00000008
80046358,00000008
80046360,00000008
80046368,00000008
80046370,00000040
800463B0,00000068
80046418,00000068
80046480,00000058
800464D8,00000010
800464E8,00000010
800464F8,00000010
80046508,00000058
80046560,00000050
800465B0,0000004C
800465FC,00000060
8004665C,00000054
800466B0,00000178
80046828,00000090
800468B8,000000B4
8004696C,00000084
800469F0,00000058
80046A48,0000004C
80046A94,00000050
80046AE4,00000008
80046AEC,00000008
80046AF4,00000010
80046B04,00000010
80046B14,00000010
80046B24,00000060
80046B84,00000008
80046B8C,0000007C
80046C08,00000054
80046C5C,00000014
80046C70,000000A4
80046D14,0000004C
80046D60,0000000C
80046D6C,000000AC
80046E18,000000B4
80046ECC,00000120
80046FEC,0000006C
80047058,00000058
800470B0,0000004C
800470FC,00000008
80047104,00000008
8004710C,00000008
80047114,00000088
8004719C,00000060
800471FC,00000168
80047364,000000C0
80047424,00000090
800474B4,00000060
80047514,00000064
80047578,000000D4
8004764C,00000080
800476CC,000000DC
800477A8,00000058
80047800,0000005C
8004785C,00000010
8004786C,00000010
8004787C,00000010
8004788C,00000010
8004789C,00000010
800478AC,00000010
800478BC,00000010
800478CC,00000010
800478DC,00000050
8004792C,00000044
80047970,00000048
800479B8,00000008
800479C0,0000004C
80047A0C,00000008
80047A14,00000008
80047A1C,00000008
80047A24,00000090
80047AB4,0000007C
80047B30,00000178
80047CA8,000000C0
80047D68,00000090
80047DF8,00000008
80047E00,00000008
80047E08,0000000C
80047E14,0000000C
80047E20,00000060
80047E80,00000064
80047EE4,0000012C
80048010,0000007C
8004808C,000000DC
80048168,00000058
800481C0,0000005C
8004821C,00000010
8004822C,00000010
8004823C,00000010
8004824C,00000010
8004825C,00000010
8004826C,00000010
8004827C,00000010
8004828C,00000010
8004829C,00000050
800482EC,00000044
80048330,00000048
80048378,00000008
80048380,0000004C
800483CC,00000008
800483D4,00000008
800483DC,00000008
800483E4,0000008C
80048470,00000008
80048478,00000008
80048480,00000008
80048488,00000008
80048490,000000BC
8004854C,00000090
800485DC,00000014
800485F0,000001B4
800487A4,000000A8
8004884C,000000B4
80048900,00000060
80048960,00000198
80048AF8,00000014
80048B0C,000000F4
80048C00,000000D0
80048CD0,000001FC
80048ECC,00000014
80048EE0,000001DC
800490BC,00000014
800490D0,00000058
80049128,000000A0
800491C8,00000154
8004931C,000000CC
800493E8,00000058
80049440,00000074
800494B4,00000010
800494C4,00000010
800494D4,00000010
800494E4,00000010
800494F4,00000010
80049504,00000010
80049514,00000010
80049524,00000010
80049534,00000050
80049584,00000008
8004958C,00000018
800495A4,00000010
800495B4,00000008
800495BC,00000008
800495C4,00000008
800495CC,00000008
800495D4,00000008
800495DC,00000008
800495E4,00000008
800495EC,00000008
800495F4,00000058
8004964C,00000008
80049654,00000004
80049658,00000010
80049668,00000010
80049678,00000010
80049688,00000010
80049698,00000088
80049720,0000005C
8004977C,00000218
80049994,00000110
80049AA4,000001E0
80049C84,00000144
80049DC8,000000C0
80049E88,00000058
80049EE0,0000004C
80049F2C,00000010
80049F3C,00000010
80049F4C,00000010
80049F5C,00000010
80049F6C,00000010
80049F7C,00000010
80049F8C,00000008
80049F94,00000008
80049F9C,00000008
80049FA4,00000008
80049FAC,00000008
80049FB4,00000008
80049FBC,0000003C
80049FF8,0000006C
8004A064,00000004
8004A068,00000044
8004A0AC,00000010
8004A0BC,000000D8
8004A194,0000005C
8004A1F0,00000018
8004A208,00000008
8004A210,00000054
8004A264,000000A8
8004A30C,00000010
8004A31C,000001C4
8004A4E0,0000005C
8004A53C,00000018
8004A554,00000004
8004A558,000000A0
8004A5F8,0000005C
8004A654,00000054
8004A6A8,00000138
8004A7E0,0000003C
8004A81C,00000004
8004A820,00000008
8004A828,00000048
8004A870,00000074
8004A8E4,0000016C
8004AA50,000000A0
8004AAF0,0000005C
8004AB4C,00000058
8004ABA4,0000002C
8004ABD0,00000010
8004ABE0,00000010
8004ABF0,00000008
8004ABF8,00000008
8004AC00,00000054
8004AC54,00000004
8004AC58,00000020
8004AC78,00000024
8004AC9C,00000024
8004ACC0,00000024
8004ACE4,00000024
8004AD08,00000020
8004AD28,00000024
8004AD4C,00000024
8004AD70,00000058
8004ADC8,00000060
8004AE28,00000010
8004AE38,0000001C
8004AE54,000000D8
8004AF2C,00000058
8004AF84,00000018
8004AF9C,00000008
8004AFA4,00000070
8004B014,00000010
8004B024,00000010
8004B034,00000108
8004B13C,0000000C
8004B148,0000000C
8004B154,0000000C
8004B160,000000C0
8004B220,000001E8
8004B408,00000200
8004B608,000000F4
8004B6FC,000000F4
8004B7F0,000000A0
8004B890,00000058
8004B8E8,0000007C
8004B964,00000010
8004B974,00000010
8004B984,00000010
8004B994,00000010
8004B9A4,00000010
8004B9B4,00000010
8004B9C4,00000008
8004B9CC,00000008
8004B9D4,00000008
8004B9DC,00000008
8004B9E4,0000004C
8004BA30,00000008
8004BA38,00000054
8004BA8C,00000044
8004BAD0,00000010
8004BAE0,00000068
8004BB48,00000054
8004BB9C,000000C0
8004BC5C,00000048
8004BCA4,00000038
8004BCDC,00000040
8004BD1C,0000005C
8004BD78,000000A0
8004BE18,00000040
8004BE58,00000008
8004BE60,00000058
8004BEB8,00000058
8004BF10,00000058
8004BF68,0000003C
8004BFA4,00000010
8004BFB4,00000010
8004BFC4,00000010
8004BFD4,00000010
8004BFE4,00000008
8004BFEC,00000004
8004BFF0,00000008
8004BFF8,00000008
8004C000,00000078
8004C078,00000040
8004C0B8,0000007C
8004C134,0000006C
8004C1A0,0000005C
8004C1FC,00000010
8004C20C,00000010
8004C21C,00000018
8004C234,00000018
8004C24C,00000068
8004C2B4,00000068
8004C31C,000000B8
8004C3D4,0000020C
8004C5E0,000001A4
8004C784,000000A8
8004C82C,00000018
8004C844,00000024
8004C868,00000010
8004C878,000000B0
8004C928,00000108
8004CA30,00000054
8004CA84,00000008
8004CA8C,00000008
8004CA94,00000030
8004CAC4,000001F0
8004CCB4,000000E0
8004CD94,00000008
8004CD9C,00000008
8004CDA4,0000004C
8004CDF0,0000004C
8004CE3C,00000020
8004CE5C,00000008
8004CE64,00000024
8004CE88,00000004
8004CE8C,00000004
8004CE90,00000054
8004CEE4,000000B0
8004CF94,00000004
8004CF98,000000DC
8004D074,000000E0
8004D154,000000A4
8004D1F8,00000040
8004D238,00000038
8004D270,0000002C
8004D29C,00000010
8004D2AC,00000010
8004D2BC,00000004
8004D2C0,00000054
8004D314,00000058
8004D36C,0000003C
8004D3A8,00000040
8004D3E8,000000DC
8004D4C4,000000C4
8004D588,00000004
8004D58C,00000040
8004D5CC,00000068
8004D634,00000068
8004D69C,00000058
8004D6F4,000000A0
8004D794,0000005C
8004D7F0,00000044
8004D834,000000F8
8004D92C,00000080
8004D9AC,00000048
8004D9F4,00000008
8004D9FC,0000007C
8004DA78,000000BC
8004DB34,00000064
8004DB98,0000005C
8004DBF4,00000058
8004DC4C,0000002C
8004DC78,00000010
8004DC88,00000010
8004DC98,00000008
8004DCA0,00000008
8004DCA8,00000008
8004DCB0,0000005C
8004DD0C,000000EC
8004DDF8,00000044
8004DE3C,00000054
8004DE90,0000004C
8004DEDC,00000054
8004DF30,00000058
8004DF88,00000054
8004DFDC,00000068
8004E044,00000068
8004E0AC,00000050
8004E0FC,0000005C
8004E158,00000064
8004E1BC,00000010
8004E1CC,00000010
8004E1DC,00000010
8004E1EC,00000010
8004E1FC,00000010
8004E20C,00000010
8004E21C,00000010
8004E22C,00000010
8004E23C,00000010
8004E24C,00000008
8004E254,00000008
8004E25C,00000008
8004E264,00000008
8004E26C,00000008
8004E274,00000008
8004E27C,00000008
8004E284,00000008
8004E28C,00000004
8004E290,00000008
8004E298,00000008
8004E2A0,0000005C
8004E2FC,0000012C
8004E428,00000044
8004E46C,00000090
8004E4FC,0000004C
8004E548,00000054
8004E59C,0000009C
8004E638,0000007C
8004E6B4,000000A0
8004E754,00000098
8004E7EC,00000050
8004E83C,0000005C
8004E898,00000064
8004E8FC,00000010
8004E90C,00000010
8004E91C,00000010
8004E92C,00000010
8004E93C,00000010
8004E94C,00000010
8004E95C,00000010
8004E96C,00000010
8004E97C,00000010
8004E98C,00000008
8004E994,00000008
8004E99C,00000008
8004E9A4,00000008
8004E9AC,00000008
8004E9B4,00000008
8004E9BC,00000008
8004E9C4,00000008
8004E9CC,00000004
8004E9D0,00000008
8004E9D8,00000008
8004E9E0,00000010
8004E9F0,00000014
8004EA04,00000104
8004EB08,00000210
8004ED18,00000004
8004ED1C,00000070
8004ED8C,00000054
8004EDE0,00000054
8004EE34,000000E4
8004EF18,000000F4
8004F00C,00000090
8004F09C,00000060
8004F0FC,000000E0
8004F1DC,00000050
8004F22C,0000003C
8004F268,0000003C
8004F2A4,00000054
8004F2F8,0000011C
8004F414,00000008
8004F41C,00000044
8004F460,00000010
8004F470,000002D8
8004F748,00000060
8004F7A8,00000008
8004F7B0,00000008
8004F7B8,00000008
8004F7C0,00000008
8004F7C8,000000A4
8004F86C,00000008
8004F874,00000008
8004F87C,00000008
8004F884,00000008
8004F88C,00000008
8004F894,00000008
8004F89C,00000008
8004F8A4,00000008
8004F8AC,00000008
8004F8B4,00000008
8004F8BC,00000014
8004F8D0,00000010
8004F8E0,00000068
8004F948,00000014
8004F95C,00000008
8004F964,00000044
8004F9A8,0000000C
8004F9B4,00000080
8004FA34,00000010
8004FA44,00000060
8004FAA4,000000A8
8004FB4C,00000100
8004FC4C,000001B4
8004FE00,00000084
8004FE84,0000004C
8004FED0,00000044
8004FF14,000001D0
800500E4,00000054
80050138,000001A8
800502E0,00000024
80050304,000000B4
800503B8,00000068
80050420,0000005C
8005047C,00000044
800504C0,000000F8
800505B8,00000120
800506D8,00000154
8005082C,0000005C
80050888,000000B4
8005093C,000000D8
80050A14,00000084
80050A98,00000078
80050B10,00000058
80050B68,00000064
80050BCC,00000078
80050C44,00000070
80050CB4,000000A8
80050D5C,00000068
80050DC4,00000180
80050F44,0000006C
80050FB0,0000001C
80050FCC,00000098
80051064,000000A4
80051108,00000014
8005111C,0000014C
80051268,0000008C
800512F4,00000114
80051408,00000064
8005146C,00000010
8005147C,00000010
8005148C,00000010
8005149C,00000010
800514AC,00000010
800514BC,00000010
800514CC,00000010
800514DC,00000010
800514EC,00000010
800514FC,00000008
80051504,00000008
8005150C,00000008
80051514,00000008
8005151C,00000008
80051524,00000008
8005152C,00000008
80051534,00000008
8005153C,00000054
80051590,00000004
80051594,00000004
80051598,00000004
8005159C,00000004
800515A0,00000004
800515A4,00000004
800515A8,00000008
800515B0,00000004
800515B4,00000040
800515F4,00000068
8005165C,00000068
800516C4,0000001C
800516E0,00000030
80051710,00000068
80051778,0000005C
800517D4,00000058
8005182C,00000058
80051884,0000005C
800518E0,0000006C
8005194C,00000054
800519A0,00000060
80051A00,00000020
80051A20,00000008
80051A28,00000080
80051AA8,0000011C
80051BC4,00000094
80051C58,00000080
80051CD8,000000F8
80051DD0,000000B8
80051E88,000000AC
80051F34,00000078
80051FAC,00000070
8005201C,00000164
80052180,00000054
800521D4,00000060
80052234,00000008
8005223C,00000058
80052294,00000090
80052324,000000F8
8005241C,00000054
80052470,00000060
800524D0,00000008
800524D8,00000058
80052530,00000080
800525B0,00000108
800526B8,00000054
8005270C,00000060
8005276C,00000008
80052774,00000058
800527CC,00000080
8005284C,000000D8
80052924,00000058
8005297C,00000058
800529D4,00000058
80052A2C,00000058
80052A84,00000084
80052B08,00000010
80052B18,00000010
80052B28,00000010
80052B38,00000010
80052B48,00000010
80052B58,00000010
80052B68,00000010
80052B78,00000010
80052B88,00000010
80052B98,00000010
80052BA8,00000010
80052BB8,00000010
80052BC8,00000010
80052BD8,00000008
80052BE0,00000008
80052BE8,00000008
80052BF0,00000008
80052BF8,00000008
80052C00,00000008
80052C08,00000008
80052C10,00000008
80052C18,00000008
80052C20,00000008
80052C28,00000008
80052C30,00000008
80052C38,00000008
80052C40,00000050
80052C90,0000005C
80052CEC,0000008C
80052D78,0000005C
80052DD4,00000008
80052DDC,00000058
80052E34,00000008
80052E3C,00000024
80052E60,00000134
80052F94,00000048
80052FDC,00000010
80052FEC,0000004C
80053038,0000003C
80053074,00000024
80053098,0000000C
800530A4,0000004C
800530F0,0000000C
800530FC,00000048
80053144,00000180
800532C4,000000C4
80053388,0000010C
80053494,00000060
800534F4,0000006C
80053560,00000148
800536A8,0000004C
800536F4,000000D8
800537CC,00000004
800537D0,000000E4
800538B4,0000008C
80053940,0000001C
8005395C,00000084
800539E0,0000004C
80053A2C,0000007C
80053AA8,000000F8
80053BA0,00000064
80053C04,000000A0
80053CA4,00000090
80053D34,00000070
80053DA4,000000D0
80053E74,000000B4
80053F28,000000BC
80053FE4,00000160
80054144,00000050
80054194,000000F0
80054284,000000D8
8005435C,00000204
80054560,00000004
80054564,000000C4
80054628,0000007C
800546A4,0000001C
800546C0,0000010C
800547CC,0000009C
80054868,00000058
800548C0,000000B0
80054970,00000018
80054988,00000088
80054A10,00000060
80054A70,00000050
80054AC0,00000050
80054B10,00000050
80054B60,00000050
80054BB0,00000058
80054C08,00000064
80054C6C,00000010
80054C7C,00000010
80054C8C,00000010
80054C9C,00000010
80054CAC,00000010
80054CBC,00000010
80054CCC,00000010
80054CDC,00000010
80054CEC,00000010
80054CFC,00000008
80054D04,00000008
80054D0C,00000008
80054D14,00000008
80054D1C,00000008
80054D24,0000000C
80054D30,00000008
80054D38,0000000C
80054D44,00000008
80054D4C,00000008
80054D54,00000008
80054D5C,00000008
80054D64,00000028
80054D8C,00000074
80054E00,000000CC
80054ECC,00000058
80054F24,00000048
80054F6C,00000050
80054FBC,00000070
8005502C,000000E0
8005510C,000000A0
800551AC,000000FC
800552A8,000000BC
80055364,000000C8
8005542C,00000070
8005549C,000000A8
80055544,000000E4
80055628,000000E8
80055710,000000E0
800557F0,0000008C
8005587C,00000084
80055900,000000FC
800559FC,000000C4
80055AC0,00000068
80055B28,0000019C
80055CC4,0000009C
80055D60,000001CC
80055F2C,00000170
8005609C,00000078
80056114,000001B4
800562C8,00000134
800563FC,0000018C
80056588,00000008
80056590,00000064
800565F4,000000BC
800566B0,000000EC
8005679C,000000B0
8005684C,00000100
8005694C,0000006C
800569B8,00000074
80056A2C,00000070
80056A9C,00000064
80056B00,00000080
80056B80,00000064
80056BE4,00000064
80056C48,000000F8
80056D40,00000090
80056DD0,000000EC
80056EBC,0000004C
80056F08,000000B4
80056FBC,0000003C
80056FF8,0000003C
80057034,000000B0
800570E4,000000A0
80057184,000001FC
80057380,000000B0
80057430,0000001C
8005744C,0000001C
80057468,0000001C
80057484,0000001C
800574A0,0000001C
800574BC,00000080
8005753C,00000018
80057554,00000018
8005756C,00000018
80057584,0000001C
800575A0,00000058
800575F8,000000C4
800576BC,00000010
800576CC,00000010
800576DC,00000010
800576EC,00000010
800576FC,00000010
8005770C,00000010
8005771C,00000010
8005772C,00000010
8005773C,00000010
8005774C,00000010
8005775C,00000010
8005776C,00000010
8005777C,00000010
8005778C,00000010
8005779C,00000010
800577AC,00000010
800577BC,00000010
800577CC,00000010
800577DC,00000010
800577EC,00000010
800577FC,00000010
8005780C,00000008
80057814,00000008
8005781C,00000008
80057824,00000008
8005782C,00000008
80057834,00000008
8005783C,00000008
80057844,00000008
8005784C,00000008
80057854,00000008
8005785C,00000008
80057864,00000008
8005786C,00000008
80057874,00000010
80057884,00000008
8005788C,0000000C
80057898,00000008
800578A0,00000008
800578A8,00000038
800578E0,00000008
800578E8,0000000C
800578F4,00000008
800578FC,0000000C
80057908,00000008
80057910,00000008
80057918,00000008
80057920,00000008
80057928,00000008
80057930,00000008
80057938,00000008
80057940,00000008
80057948,00000004
8005794C,00000008
80057954,00000128
80057A7C,00000014
80057A90,00000060
80057AF0,0000004C
80057B3C,00000120
80057C5C,00000058
80057CB4,00000018
80057CCC,00000008
80057CD4,00000088
80057D5C,00000244
80057FA0,00000108
800580A8,00000098
80058140,000000C4
80058204,00000200
80058404,00000070
80058474,00000034
800584A8,00000044
800584EC,00000044
80058530,00000008
80058538,00000014
8005854C,00000014
80058560,00000014
80058574,00000014
80058588,0000005C
800585E4,000001E8
800587CC,00000004
800587D0,00000008
800587D8,00000008
800587E0,00000008
800587E8,00000060
80058848,0000005C
800588A4,00000060
80058904,00000050
80058954,000000D0
80058A24,00000114
80058B38,0000008C
80058BC4,000000B8
80058C7C,00000088
80058D04,00000058
80058D5C,00000014
80058D70,00000058
80058DC8,000001F4
80058FBC,000000F4
800590B0,000000F4
800591A4,00000074
80059218,000000D4
800592EC,00000070
8005935C,00000080
800593DC,00000060
8005943C,00000080
800594BC,00000074
80059530,00000058
80059588,0000005C
800595E4,00000054
80059638,00000048
80059680,0000015C
800597DC,000001FC
800599D8,000000C0
80059A98,00000138
80059BD0,00000060
80059C30,00000058
80059C88,00000084
80059D0C,00000010
80059D1C,00000010
80059D2C,00000010
80059D3C,00000010
80059D4C,00000010
80059D5C,00000010
80059D6C,00000010
80059D7C,00000010
80059D8C,00000010
80059D9C,00000010
80059DAC,00000010
80059DBC,00000010
80059DCC,00000010
80059DDC,00000008
80059DE4,00000008
80059DEC,00000008
80059DF4,00000008
80059DFC,00000008
80059E04,0000000C
80059E10,00000008
80059E18,00000008
80059E20,00000008
80059E28,00000044
80059E6C,00000008
80059E74,00000008
80059E7C,00000008
80059E84,00000084
80059F08,0000005C
80059F64,00000004
80059F68,0000006C
80059FD4,00000010
80059FE4,000000A0
8005A084,00000058
8005A0DC,00000108
8005A1E4,000000FC
8005A2E0,00000088
8005A368,00000184
8005A4EC,00000070
8005A55C,00000208
8005A764,00000080
8005A7E4,0000025C
8005AA40,00000100
8005AB40,00000080
8005ABC0,00000094
8005AC54,0000005C
8005ACB0,00000054
8005AD04,00000010
8005AD14,00000010
8005AD24,00000010
8005AD34,00000010
8005AD44,00000010
8005AD54,00000010
8005AD64,00000010
8005AD74,00000008
8005AD7C,00000008
8005AD84,00000008
8005AD8C,00000008
8005AD94,00000008
8005AD9C,00000008
8005ADA4,00000008
8005ADAC,0000007C
8005AE28,00000054
8005AE7C,0000015C
8005AFD8,000000DC
8005B0B4,0000004C
8005B100,00000080
8005B180,00000034
8005B1B4,00000010
8005B1C4,00000010
8005B1D4,00000010
8005B1E4,00000008
8005B1EC,00000008
8005B1F4,00000008
8005B1FC,0000005C
8005B258,00000054
8005B2AC,0000013C
8005B3E8,00000010
8005B3F8,0000005C
8005B454,0000005C
8005B4B0,000000D0
8005B580,00000054
8005B5D4,0000010C
8005B6E0,00000170
8005B850,00000058
8005B8A8,00000054
8005B8FC,00000010
8005B90C,00000010
8005B91C,00000010
8005B92C,00000010
8005B93C,00000010
8005B94C,00000010
8005B95C,00000010
8005B96C,0000000C
8005B978,00000044
8005B9BC,0000000C
8005B9C8,00000008
8005B9D0,00000008
8005B9D8,0000000C
8005B9E4,00000008
8005B9EC,00000050
8005BA3C,00000110
8005BB4C,00000010
8005BB5C,0000005C
8005BBB8,0000005C
8005BC14,000000D0
8005BCE4,00000054
8005BD38,000000E4
8005BE1C,00000118
8005BF34,000000E4
8005C018,00000058
8005C070,0000004C
8005C0BC,00000010
8005C0CC,00000010
8005C0DC,00000010
8005C0EC,00000010
8005C0FC,00000010
8005C10C,00000010
8005C11C,0000000C
8005C128,00000044
8005C16C,0000000C
8005C178,00000008
8005C180,00000008
8005C188,00000008
8005C190,00000058
8005C1E8,00000054
8005C23C,00000058
8005C294,00000010
8005C2A4,00000060
8005C304,0000014C
8005C450,00000170
8005C5C0,0000002C
8005C5EC,00000010
8005C5FC,00000010
8005C60C,00000008
8005C614,00000008
8005C61C,00000054
8005C670,00000054
8005C6C4,00000054
8005C718,00000020
8005C738,00000058
8005C790,00000094
8005C824,000000D4
8005C8F8,000000A4
8005C99C,00000078
8005CA14,00000058
8005CA6C,00000044
8005CAB0,00000010
8005CAC0,00000010
8005CAD0,00000010
8005CAE0,00000010
8005CAF0,00000010
8005CB00,00000008
8005CB08,00000008
8005CB10,00000008
8005CB18,00000008
8005CB20,00000008
8005CB28,00000054
8005CB7C,00000054
8005CBD0,00000054
8005CC24,00000020
8005CC44,00000058
8005CC9C,00000204
8005CEA0,00000074
8005CF14,000000A4
8005CFB8,00000070
8005D028,00000058
8005D080,00000044
8005D0C4,00000010
8005D0D4,00000010
8005D0E4,00000010
8005D0F4,00000010
8005D104,00000010
8005D114,00000008
8005D11C,00000008
8005D124,00000008
8005D12C,00000008
8005D134,00000008
8005D13C,00000054
8005D190,00000068
8005D1F8,0000007C
8005D274,00000008
8005D27C,00000084
8005D300,00000110
8005D410,000000A4
8005D4B4,00000078
8005D52C,00000058
8005D584,0000003C
8005D5C0,00000010
8005D5D0,00000010
8005D5E0,00000010
8005D5F0,00000010
8005D600,00000008
8005D608,00000008
8005D610,00000008
8005D618,00000008
8005D620,0000005C
8005D67C,0000008C
8005D708,0000005C
8005D764,0000009C
8005D800,00000040
8005D840,0000025C
8005DA9C,00000008
8005DAA4,00000070
8005DB14,0000016C
8005DC80,00000178
8005DDF8,00000050
8005DE48,00000050
8005DE98,0000006C
8005DF04,00000050
8005DF54,00000150
8005E0A4,0000008C
8005E130,000000A4
8005E1D4,00000008
8005E1DC,0000011C
8005E2F8,000000C4
8005E3BC,0000006C
8005E428,0000005C
8005E484,00000034
8005E4B8,00000010
8005E4C8,00000010
8005E4D8,00000010
8005E4E8,00000008
8005E4F0,00000008
8005E4F8,00000008
8005E500,0000005C
8005E55C,00000084
8005E5E0,00000144
8005E724,00000094
8005E7B8,00000040
8005E7F8,000001A4
8005E99C,0000029C
8005EC38,0000007C
8005ECB4,00000074
8005ED28,0000002C
8005ED54,00000010
8005ED64,00000010
8005ED74,00000008
8005ED7C,00000008
8005ED84,00000068
8005EDEC,00000068
8005EE54,00000068
8005EEBC,00000008
8005EEC4,00000008
8005EECC,00000008
8005EED4,00000008
8005EEDC,00000008
8005EEE4,00000048
8005EF2C,000000D4
8005F000,00000008
8005F008,00000008
8005F010,00000008
8005F018,00000008
8005F020,00000018
8005F038,00000060
8005F098,00000018
8005F0B0,00000018
8005F0C8,00000018
8005F0E0,00000018
8005F0F8,00000018
8005F110,00000018
8005F128,0000000C
8005F134,00000010
8005F144,0000000C
8005F150,00000008
8005F158,0000000C
8005F164,00000058
8005F1BC,00000058
8005F214,00000058
8005F26C,0000000C
8005F278,0000000C
8005F284,0000000C
8005F290,00000010
8005F2A0,00000010
8005F2B0,00000010
8005F2C0,00000008
8005F2C8,00000008
8005F2D0,00000008
8005F2D8,00000008
8005F2E0,0000000C
8005F2EC,0000000C
8005F2F8,0000000C
8005F304,00000008
8005F30C,00000008
8005F314,00000008
8005F31C,0000000C
8005F328,00000074
8005F39C,00000070
8005F40C,00000070
8005F47C,00000074
8005F4F0,00000090
8005F580,00000048
8005F5C8,0000000C
8005F5D4,00000034
8005F608,0000000C
8005F614,00000034
8005F648,0000000C
8005F654,00000034
8005F688,0000000C
8005F694,000000D8
8005F76C,00000008
8005F774,00000008
8005F77C,00000080
8005F7FC,0000000C
8005F808,0000000C
8005F814,0000000C
8005F820,0000000C
8005F82C,0000000C
8005F838,0000000C
8005F844,000000AC
8005F8F0,0000004C
8005F93C,00000010
8005F94C,00000010
8005F95C,00000014
8005F970,00000014
8005F984,0000001C
8005F9A0,00000020
8005F9C0,0000001C
8005F9DC,00000050
8005FA2C,0000000C
8005FA38,0000000C
8005FA44,0000000C
8005FA50,0000000C
8005FA5C,000000E8
8005FB44,00000060
8005FBA4,0000006C
8005FC10,00000078
8005FC88,00000090
8005FD18,000000E8
8005FE00,00000098
8005FE98,000000B8
8005FF50,00000070
8005FFC0,00000068
80060028,00000030
80060058,0000003C
80060094,00000094
80060128,00000008
80060130,00000014
80060144,00000014
80060158,00000014
8006016C,0000005C
800601C8,000000A4
8006026C,00000094
80060300,000000B0
800603B0,00000308
800606B8,00000084
8006073C,00000064
800607A0,00000188
80060928,000000A8
800609D0,0000003C
80060A0C,00000058
80060A64,00000004
80060A68,0000005C
80060AC4,0000005C
80060B20,0000005C
80060B7C,00000074
80060BF0,000000D4
80060CC4,0000003C
80060D00,00000048
80060D48,00000024
80060D6C,0000005C
80060DC8,00000058
80060E20,00000060
80060E80,00000048
80060EC8,00000058
80060F20,00000008
80060F28,00000004
80060F2C,000005F8
80061524,0000006C
80061590,00000084
80061614,00000004
80061618,0000000C
80061624,00000014
80061638,00000014
8006164C,00000058
800616A4,00000070
80061714,00000010
80061724,00000058
8006177C,00000050
800617CC,00000050
8006181C,00000058
80061874,00000044
800618B8,00000010
800618C8,00000010
800618D8,00000010
800618E8,00000010
800618F8,00000010
80061908,00000050
80061958,00000008
80061960,00000010
80061970,00000008
80061978,00000010
80061988,00000054
800619DC,00000110
80061AEC,000000B4
80061BA0,000000A8
80061C48,00000088
80061CD0,000000F0
80061DC0,00000068
80061E28,000000A4
80061ECC,00000008
80061ED4,00000078
80061F4C,0000005C
80061FA8,00000054
80061FFC,00000010
8006200C,00000010
8006201C,00000010
8006202C,00000010
8006203C,00000010
8006204C,00000010
8006205C,00000010
8006206C,00000004
80062070,00000008
80062078,00000008
80062080,00000010
80062090,00000010
800620A0,00000008
800620A8,00000008
800620B0,00000054
80062104,00000110
80062214,0000006C
80062280,00000068
800622E8,00000070
80062358,000000F8
80062450,00000068
800624B8,00000078
80062530,00000008
80062538,00000078
800625B0,0000005C
8006260C,00000054
80062660,00000010
80062670,00000010
80062680,00000010
80062690,00000010
800626A0,00000010
800626B0,00000010
800626C0,00000010
800626D0,00000004
800626D4,00000008
800626DC,00000008
800626E4,00000010
800626F4,00000010
80062704,00000008
8006270C,00000008
80062714,00000060
80062774,00000234
800629A8,00000160
80062B08,00000074
80062B7C,00000070
80062BEC,00000070
80062C5C,00000084
80062CE0,00000078
80062D58,00000084
80062DDC,00000078
80062E54,00000090
80062EE4,00000058
80062F3C,00000204
80063140,000000AC
800631EC,000000BC
800632A8,00000100
800633A8,00000068
80063410,000000B4
800634C4,0000005C
80063520,00000094
800635B4,00000010
800635C4,00000010
800635D4,00000010
800635E4,00000010
800635F4,00000010
80063604,00000010
80063614,00000010
80063624,00000010
80063634,00000010
80063644,00000010
80063654,00000010
80063664,00000010
80063674,00000010
80063684,00000010
80063694,00000010
800636A4,00000004
800636A8,00000004
800636AC,00000008
800636B4,00000008
800636BC,00000008
800636C4,00000010
800636D4,00000008
800636DC,00000008
800636E4,00000008
800636EC,00000008
800636F4,00000008
800636FC,00000010
8006370C,00000008
80063714,00000008
8006371C,00000008
80063724,0000009C
800637C0,0000014C
8006390C,00000048
80063954,00000054
800639A8,000000AC
80063A54,00000398
80063DEC,00000144
80063F30,00000008
80063F38,0000008C
80063FC4,0000005C
80064020,00000018
80064038,00000008
80064040,0000006C
800640AC,00000008
800640B4,0000014C
80064200,00000090
80064290,00000138
800643C8,00000058
80064420,0000002C
8006444C,00000010
8006445C,00000010
8006446C,00000008
80064474,00000008
8006447C,00000064
800644E0,00000008
800644E8,00000050
80064538,00000090
800645C8,000000D8
800646A0,00000058
800646F8,0000002C
80064724,00000010
80064734,00000010
80064744,00000008
8006474C,00000008
80064754,00000080
800647D4,0000007C
80064850,00000118
80064968,00000088
800649F0,000000C0
80064AB0,00000008
80064AB8,00000080
80064B38,000000F8
80064C30,00000074
80064CA4,000000F0
80064D94,00000088
80064E1C,00000258
80065074,000000B0
80065124,00000058
8006517C,00000054
800651D0,00000010
800651E0,00000010
800651F0,00000010
80065200,00000010
80065210,00000010
80065220,00000010
80065230,00000010
80065240,00000004
80065244,00000008
8006524C,00000008
80065254,00000008
8006525C,00000008
80065264,00000008
8006526C,00000008
80065274,00000074
800652E8,000000A0
80065388,00000184
8006550C,000000A4
800655B0,0000007C
8006562C,000000BC
800656E8,00000070
80065758,0000006C
800657C4,00000064
80065828,000000F8
80065920,000000EC
80065A0C,00000144
80065B50,000000C4
80065C14,00000068
80065C7C,00000058
80065CD4,0000004C
80065D20,00000010
80065D30,00000010
80065D40,00000010
80065D50,00000010
80065D60,00000010
80065D70,00000010
80065D80,00000008
80065D88,00000008
80065D90,00000008
80065D98,00000008
80065DA0,00000008
80065DA8,00000008
80065DB0,0000007C
80065E2C,00000044
80065E70,000001AC
8006601C,00000040
8006605C,000000D4
80066130,00000060
80066190,000001A4
80066334,000000A4
800663D8,00000058
80066430,0000003C
8006646C,00000010
8006647C,00000010
8006648C,00000010
8006649C,00000010
800664AC,00000008
800664B4,00000008
800664BC,00000008
800664C4,00000008
800664CC,00000078
80066544,00000078
800665BC,000000A4
80066660,00000018
80066678,000000B0
80066728,00000118
80066840,0000006C
800668AC,000000C0
8006696C,00000078
800669E4,00000100
80066AE4,00000080
80066B64,000000CC
80066C30,00000058
80066C88,0000004C
80066CD4,00000010
80066CE4,00000010
80066CF4,00000010
80066D04,00000010
80066D14,00000010
80066D24,00000010
80066D34,00000008
80066D3C,00000008
80066D44,00000008
80066D4C,00000008
80066D54,00000008
80066D5C,00000008
80066D64,00000064
80066DC8,00000094
80066E5C,000000D0
80066F2C,000000A8
80066FD4,0000007C
80067050,000000B0
80067100,000000F0
800671F0,0000006C
8006725C,00000064
800672C0,00000170
80067430,000000CC
800674FC,00000110
8006760C,00000118
80067724,00000068
8006778C,00000058
800677E4,0000004C
80067830,00000010
80067840,00000010
80067850,00000010
80067860,00000010
80067870,00000010
80067880,00000010
80067890,00000008
80067898,00000008
800678A0,00000008
800678A8,00000008
800678B0,00000008
800678B8,00000008
800678C0,00000098
80067958,00000084
800679DC,000001A8
80067B84,000000B4
80067C38,00000040
80067C78,00000130
80067DA8,00000308
800680B0,0000016C
8006821C,000000C0
800682DC,000000A8
80068384,00000070
800683F4,000000D0
800684C4,000000C0
80068584,00000080
80068604,00000204
80068808,000001A0
800689A8,000000A4
80068A4C,000001CC
80068C18,000000E8
80068D00,00000058
80068D58,00000094
80068DEC,00000010
80068DFC,00000010
80068E0C,00000010
80068E1C,00000010
80068E2C,00000010
80068E3C,00000010
80068E4C,00000010
80068E5C,00000010
80068E6C,00000010
80068E7C,00000010
80068E8C,00000010
80068E9C,00000010
80068EAC,00000010
80068EBC,00000010
80068ECC,00000010
80068EDC,00000004
80068EE0,00000008
80068EE8,00000008
80068EF0,00000008
80068EF8,00000008
80068F00,00000008
80068F08,00000008
80068F10,00000008
80068F18,00000008
80068F20,00000008
80068F28,00000008
80068F30,00000008
80068F38,00000008
80068F40,00000008
80068F48,00000008
80068F50,00000054
80068FA4,00000044
80068FE8,00000120
80069108,000000AC
800691B4,000000AC
80069260,00000098
800692F8,00000058
80069350,00000034
80069384,00000010
80069394,00000010
800693A4,00000010
800693B4,00000008
800693BC,00000008
800693C4,00000008
800693CC,00000054
80069420,00000044
80069464,00000010
80069474,00000068
800694DC,000001F4
800696D0,000000B4
80069784,00000058
800697DC,00000034
80069810,00000010
80069820,00000010
80069830,00000010
80069840,00000008
80069848,00000008
80069850,00000008
80069858,0000003C
80069894,00000070
80069904,00000004
80069908,0000005C
80069964,0000003C
800699A0,00000058
800699F8,00000004
800699FC,0000005C
80069A58,0000000C
80069A64,0000000C
80069A70,0000000C
80069A7C,0000005C
80069AD8,0000005C
80069B34,0000005C
80069B90,0000001C
80069BAC,000000C0
80069C6C,0000019C
80069E08,00000054
80069E5C,00000084
80069EE0,00000064
80069F44,000000D8
8006A01C,000000A4
8006A0C0,0000005C
8006A11C,000000D4
8006A1F0,00000098
8006A288,00000138
8006A3C0,00000184
8006A544,00000078
8006A5BC,000003F4
8006A9B0,000000BC
8006AA6C,00000164
8006ABD0,0000006C
8006AC3C,0000006C
8006ACA8,0000006C
8006AD14,00000068
8006AD7C,00000068
8006ADE4,00000068
8006AE4C,000000DC
8006AF28,000000A0
8006AFC8,00000078
8006B040,00000170
8006B1B0,00000108
8006B2B8,000001A4
8006B45C,0000007C
8006B4D8,0000008C
8006B564,000000B0
8006B614,000001F0
8006B804,00000094
8006B898,00000074
8006B90C,000001F4
8006BB00,000000A0
8006BBA0,000000C8
8006BC68,000003B0
8006C018,00000058
8006C070,00000148
8006C1B8,0000006C
8006C224,00000148
8006C36C,00000100
8006C46C,000002DC
8006C748,00000208
8006C950,0000027C
8006CBCC,00000114
8006CCE0,000000F4
8006CDD4,000000AC
8006CE80,000000CC
8006CF4C,000000AC
8006CFF8,00000010
8006D008,00000010
8006D018,00000010
8006D028,00000010
8006D038,00000010
8006D048,00000010
8006D058,00000010
8006D068,00000010
8006D078,00000010
8006D088,00000010
8006D098,00000010
8006D0A8,00000010
8006D0B8,00000010
8006D0C8,00000010
8006D0D8,00000010
8006D0E8,00000010
8006D0F8,00000010
8006D108,00000010
8006D118,00000004
8006D11C,00000008
8006D124,00000008
8006D12C,00000008
8006D134,00000050
8006D184,00000050
8006D1D4,00000008
8006D1DC,00000008
8006D1E4,00000008
8006D1EC,00000008
8006D1F4,00000008
8006D1FC,00000008
8006D204,00000008
8006D20C,00000008
8006D214,0000004C
8006D260,00000008
8006D268,00000008
8006D270,00000008
8006D278,00000048
8006D2C0,00000018
8006D2D8,00000030
8006D308,00000068
8006D370,0000005C
8006D3CC,0000006C
8006D438,0000007C
8006D4B4,00000048
8006D4FC,00000008
8006D504,00000008
8006D50C,00000008
8006D514,00000008
8006D51C,0000005C
8006D578,00000098
8006D610,0000004C
8006D65C,00000048
8006D6A4,00000138
8006D7DC,00000078
8006D854,00000058
8006D8AC,0000003C
8006D8E8,00000010
8006D8F8,00000010
8006D908,00000010
8006D918,00000010
8006D928,0000004C
8006D974,00000008
8006D97C,00000054
8006D9D0,00000054
8006DA24,0000007C
8006DAA0,0000015C
8006DBFC,00000008
8006DC04,00000008
8006DC0C,00000008
8006DC14,00000008
8006DC1C,00000008
8006DC24,00000008
8006DC2C,0000005C
8006DC88,00000098
8006DD20,000000A0
8006DDC0,000000A0
8006DE60,000000A0
8006DF00,000000AC
8006DFAC,000000A0
8006E04C,000000A0
8006E0EC,00000080
8006E16C,00000058
8006E1C4,0000005C
8006E220,00000010
8006E230,00000010
8006E240,00000010
8006E250,00000010
8006E260,00000010
8006E270,00000010
8006E280,00000010
8006E290,00000010
8006E2A0,00000008
8006E2A8,00000008
8006E2B0,00000008
8006E2B8,00000008
8006E2C0,00000008
8006E2C8,00000008
8006E2D0,00000008
8006E2D8,00000008
8006E2E0,00000070
8006E350,000000B4
8006E404,0000005C
8006E460,000001D4
8006E634,000000E0
8006E714,000000D4
8006E7E8,000000B8
8006E8A0,0000000C
8006E8AC,0000000C
8006E8B8,0000000C
8006E8C4,00000088
8006E94C,00000058
8006E9A4,000000C8
8006EA6C,0000005C
8006EAC8,00000070
8006EB38,0000005C
8006EB94,00000008
8006EB9C,00000014
8006EBB0,00000040
8006EBF0,000000EC
8006ECDC,00000004
8006ECE0,00000004
8006ECE4,0000007C
8006ED60,00000024
8006ED84,000000CC
8006EE50,0000003C
8006EE8C,0000004C
8006EED8,00000014
8006EEEC,00000018
8006EF04,00000018
8006EF1C,00000018
8006EF34,00000030
8006EF64,00000068
8006EFCC,0000005C
8006F028,00000058
8006F080,00000058
8006F0D8,0000005C
8006F134,00000064
8006F198,00000058
8006F1F0,00000078
8006F268,00000138
8006F3A0,00000134
8006F4D4,000000C0
8006F594,00000008
8006F59C,00000008
8006F5A4,00000008
8006F5AC,00000004
8006F5B0,00000104
8006F6B4,00000020
8006F6D4,00000024
8006F6F8,00000024
8006F71C,00000024
8006F740,00000014
8006F754,00000050
8006F7A4,00000050
8006F7F4,00000050
8006F844,0000006C
8006F8B0,00000050
8006F900,00000078
8006F978,0000004C
8006F9C4,00000058
8006FA1C,0000004C
8006FA68,00000010
8006FA78,00000010
8006FA88,00000010
8006FA98,00000010
8006FAA8,00000010
8006FAB8,00000010
8006FAC8,00000008
8006FAD0,00000008
8006FAD8,00000008
8006FAE0,00000008
8006FAE8,00000008
8006FAF0,00000008
8006FAF8,00000058
8006FB50,000000CC
8006FC1C,0000009C
8006FCB8,000000C4
8006FD7C,00000004
8006FD80,00000040
8006FDC0,0000005C
8006FE1C,00000110
8006FF2C,000000A0
8006FFCC,00000070
8007003C,000000E0
8007011C,00000030
8007014C,00000084
800701D0,00000048
80070218,00000084
8007029C,00000098
80070334,0000007C
800703B0,000000BC
8007046C,0000007C
800704E8,00000074
8007055C,000000B8
80070614,0000005C
80070670,00000010
80070680,00000010
80070690,00000010
800706A0,00000010
800706B0,00000010
800706C0,00000010
800706D0,00000010
800706E0,00000010
800706F0,00000004
800706F4,00000004
800706F8,00000018
80070710,00000008
80070718,00000008
80070720,00000008
80070728,00000008
80070730,00000008
80070738,00000004
8007073C,000000F0
8007082C,00000098
800708C4,00000100
800709C4,000000B0
80070A74,00000048
80070ABC,000000F0
80070BAC,000000D8
80070C84,00000094
80070D18,0000005C
80070D74,00000074
80070DE8,000000A0
80070E88,00000058
80070EE0,00000008
80070EE8,00000020
80070F08,00000058
80070F60,00000054
80070FB4,00000010
80070FC4,00000010
80070FD4,00000010
80070FE4,00000010
80070FF4,00000010
80071004,00000010
80071014,00000010
80071024,00000008
8007102C,0000000C
80071038,00000008
80071040,00000008
80071048,00000054
8007109C,00000010
800710AC,00000010
800710BC,00000008
800710C4,00000128
800711EC,00000084
80071270,00000100
80071370,00000164
800714D4,00000048
8007151C,00000138
80071654,00000148
8007179C,0000007C
80071818,00000070
80071888,0000005C
800718E4,00000074
80071958,000000A8
80071A00,00000120
80071B20,000000F4
80071C14,00000058
80071C6C,00000008
80071C74,00000020
80071C94,00000058
80071CEC,00000064
80071D50,00000010
80071D60,00000010
80071D70,00000010
80071D80,00000010
80071D90,00000010
80071DA0,00000010
80071DB0,00000010
80071DC0,00000010
80071DD0,00000010
80071DE0,00000008
80071DE8,0000000C
80071DF4,00000008
80071DFC,00000008
80071E04,00000054
80071E58,00000010
80071E68,00000010
80071E78,00000044
80071EBC,00000044
80071F00,00000048
80071F48,00000054
80071F9C,00000008
80071FA4,00000004
80071FA8,00000010
80071FB8,00000010
80071FC8,00000010
80071FD8,0000004C
80072024,0000007C
800720A0,00000044
800720E4,00000178
8007225C,0000024C
800724A8,000000F8
800725A0,00000058
800725F8,0000003C
80072634,00000010
80072644,00000010
80072654,00000010
80072664,00000010
80072674,00000008
8007267C,00000008
80072684,00000008
8007268C,00000008
80072694,00000084
80072718,00000004
8007271C,00000008
80072724,00000008
8007272C,00000008
80072734,00000008
8007273C,00000064
800727A0,00000008
800727A8,00000008
800727B0,00000008
800727B8,00000008
800727C0,0000006C
8007282C,00000058
80072884,00000004
80072888,00000008
80072890,00000008
80072898,00000038
800728D0,00000038
80072908,00000008
80072910,00000008
80072918,00000014
8007292C,00000014
80072940,00000008
80072948,00000008
80072950,00000008
80072958,00000008
80072960,0000002C
8007298C,00000034
800729C0,00000140
80072B00,00000258
80072D58,00000008
80072D60,00000008
80072D68,00000008
80072D70,00000074
80072DE4,0000005C
80072E40,00000008
80072E48,00000008
80072E50,00000008
80072E58,00000008
80072E60,00000008
80072E68,00000104
80072F6C,00000044
80072FB0,0000006C
8007301C,00000150
8007316C,0000007C
800731E8,00000004
800731EC,0000003C
80073228,000000D8
80073300,00000040
80073340,00000070
800733B0,0000008C
8007343C,0000009C
800734D8,00000078
80073550,00000080
800735D0,000000B4
80073684,00000050
800736D4,000000E0
800737B4,00000008
800737BC,0000002C
800737E8,0000005C
80073844,0000003C
80073880,00000010
80073890,00000010
800738A0,00000010
800738B0,00000010
800738C0,00000008
800738C8,00000008
800738D0,00000008
800738D8,00000008
800738E0,00000098
80073978,0000005C
800739D4,00000058
80073A2C,00000058
80073A84,00000078
80073AFC,0000010C
80073C08,00000098
80073CA0,00000004
80073CA4,0000003C
80073CE0,00000078
80073D58,00000048
80073DA0,00000048
80073DE8,00000048
80073E30,00000084
80073EB4,000000B0
80073F64,00000064
80073FC8,00000110
800740D8,000000CC
800741A4,000001D0
80074374,0000009C
80074410,00000008
80074418,00000058
80074470,0000005C
800744CC,00000034
80074500,00000010
80074510,00000010
80074520,00000010
80074530,00000008
80074538,00000008
80074540,00000008
80074548,00000098
800745E0,0000005C
8007463C,00000058
80074694,00000024
800746B8,00000008
800746C0,00000014
800746D4,00000264
80074938,00000020
80074958,00000034
8007498C,00000034
800749C0,00000034
800749F4,00000014
80074A08,00000014
80074A1C,000000A8
80074AC4,00000018
80074ADC,000000F8
80074BD4,000000F8
80074CCC,00000070
80074D3C,0000004C
80074D88,00000058
80074DE0,00000034
80074E14,00000010
80074E24,00000010
80074E34,00000010
80074E44,00000008
80074E4C,00000008
80074E54,00000008
80074E5C,0000007C
80074ED8,00000044
80074F1C,0000008C
80074FA8,0000016C
80075114,0000008C
800751A0,00000058
800751F8,00000034
8007522C,00000010
8007523C,00000010
8007524C,00000010
8007525C,00000008
80075264,00000008
8007526C,00000008
80075274,00000070
800752E4,00000010
800752F4,0000008C
80075380,000001DC
8007555C,0000006C
800755C8,00000058
80075620,00000034
80075654,00000010
80075664,00000010
80075674,00000010
80075684,00000008
8007568C,00000008
80075694,00000008
8007569C,0000006C
80075708,00000018
80075720,0000001C
8007573C,000000E4
80075820,000000D4
800758F4,000000C8
800759BC,00000074
80075A30,0000001C
80075A4C,00000058
80075AA4,00000034
80075AD8,00000010
80075AE8,00000010
80075AF8,00000010
80075B08,00000008
80075B10,00000008
80075B18,00000008
80075B20,00000074
80075B94,00000008
80075B9C,00000010
80075BAC,000001C4
80075D70,00000008
80075D78,00000058
80075DD0,00000018
80075DE8,00000008
80075DF0,00000048
80075E38,00000048
80075E80,00000058
80075ED8,0000005C
80075F34,000000BC
80075FF0,0000021C
8007620C,00000054
80076260,00000004
80076264,0000005C
800762C0,00000084
80076344,00000004
80076348,00000080
800763C8,00000080
80076448,00000008
80076450,00000050
800764A0,00000084
80076524,0000007C
800765A0,000000A0
80076640,00000090
800766D0,0000005C
8007672C,000000A4
800767D0,000000EC
800768BC,0000007C
80076938,0000016C
80076AA4,00000100
80076BA4,00000074
80076C18,00000074
80076C8C,0000003C
80076CC8,00000010
80076CD8,00000010
80076CE8,00000010
80076CF8,00000010
80076D08,00000008
80076D10,00000008
80076D18,00000040
80076D58,00000008
80076D60,00000008
80076D68,00000040
80076DA8,00000068
80076E10,00000068
80076E78,0000005C
80076ED4,00000044
80076F18,00000070
80076F88,0000005C
80076FE4,0000007C
80077060,00000098
800770F8,000000D4
800771CC,0000005C
80077228,00000044
8007726C,00000040
800772AC,0000006C
80077318,00000064
8007737C,00000028
800773A4,00000008
800773AC,00000058
80077404,0000001C
80077420,0000001C
8007743C,00000018
80077454,00000114
80077568,00000214
8007777C,00000060
800777DC,00000044
80077820,00000040
80077860,00000048
800778A8,00000148
800779F0,00000150
80077B40,0000005C
80077B9C,00000134
80077CD0,000000F0
80077DC0,000000C4
80077E84,000000A0
80077F24,000000C4
80077FE8,000000B0
80078098,0000013C
800781D4,00000110
800782E4,00000108
800783EC,000000A0
8007848C,00000074
80078500,000000FC
800785FC,00000174
80078770,00000124
80078894,00000198
80078A2C,00000074
80078AA0,00000008
80078AA8,0000000C
80078AB4,00000008
80078ABC,00000008
80078AC4,00000114
80078BD8,00000054
80078C2C,0000016C
80078D98,000000B4
80078E4C,00000050
80078E9C,00000048
80078EE4,0000008C
80078F70,00000098
80079008,00000050
80079058,0000008C
800790E4,00000118
800791FC,00000068
80079264,00000068
800792CC,00000074
80079340,00000068
800793A8,0000004C
800793F4,00000064
80079458,00000074
800794CC,000001C0
8007968C,00000078
80079704,00000094
80079798,0000000C
800797A4,00000064
80079808,00000070
80079878,000000CC
80079944,00000068
800799AC,0000009C
80079A48,000000D0
80079B18,00000074
80079B8C,00000124
80079CB0,00000044
80079CF4,000000C8
80079DBC,000000C4
80079E80,00000180
8007A000,0000011C
8007A11C,00000088
8007A1A4,0000006C
8007A210,00000168
8007A378,00000058
8007A3D0,00000128
8007A4F8,0000006C
8007A564,00000040
8007A5A4,00000054
8007A5F8,00000048
8007A640,00000094
8007A6D4,00000010
8007A6E4,00000010
8007A6F4,00000010
8007A704,00000010
8007A714,00000010
8007A724,00000010
8007A734,00000010
8007A744,00000010
8007A754,00000010
8007A764,00000010
8007A774,00000010
8007A784,00000010
8007A794,00000010
8007A7A4,00000010
8007A7B4,00000010
8007A7C4,00000008
8007A7CC,00000008
8007A7D4,00000008
8007A7DC,00000008
8007A7E4,00000008
8007A7EC,00000008
8007A7F4,00000008
8007A7FC,00000008
8007A804,00000008
8007A80C,00000008
8007A814,00000008
8007A81C,00000008
8007A824,00000008
8007A82C,00000008
8007A834,00000008
8007A83C,00000040
8007A87C,00000068
8007A8E4,00000068
8007A94C,00000030
8007A97C,00000068
8007A9E4,0000005C
8007AA40,00000058
8007AA98,00000058
8007AAF0,0000010C
8007ABFC,00000148
8007AD44,00000010
8007AD54,00000010
8007AD64,000000BC
8007AE20,00000004
8007AE24,000000B4
8007AED8,000000B8
8007AF90,00000004
8007AF94,00000004
8007AF98,00000060
8007AFF8,00000068
8007B060,00000068
8007B0C8,00000058
8007B120,000000B0
8007B1D0,00000058
8007B228,00000070
8007B298,00000068
8007B300,00000010
8007B310,00000160
8007B470,00000004
8007B474,000001A0
8007B614,000000D8
8007B6EC,00000058
8007B744,00000058
8007B79C,00000080
8007B81C,00000004
8007B820,0000000C
8007B82C,00000010
8007B83C,00000090
8007B8CC,00000070
8007B93C,00000074
8007B9B0,0000005C
8007BA0C,00000060
8007BA6C,0000001C
8007BA88,00000010
8007BA98,00000040
8007BAD8,00000028
8007BB00,00000008
8007BB08,00000058
8007BB60,00000124
8007BC84,0000010C
8007BD90,0000007C
8007BE0C,0000001C
8007BE28,0000001C
8007BE44,0000001C
8007BE60,0000009C
8007BEFC,00000100
8007BFFC,00000130
8007C12C,00000040
8007C16C,00000038
8007C1A4,000000A0
8007C244,00000484
8007C6C8,00000070
8007C738,000002C8
8007CA00,000001D4
8007CBD4,00000130
8007CD04,000000A0
8007CDA4,00000098
8007CE3C,0000004C
8007CE88,00000064
8007CEEC,00000080
8007CF6C,00000008
8007CF74,0000024C
8007D1C0,000000AC
8007D26C,000000EC
8007D358,000000A0
8007D3F8,00000064
8007D45C,000000E0
8007D53C,0000010C
8007D648,0000009C
8007D6E4,00000078
8007D75C,0000005C
8007D7B8,00000124
8007D8DC,000000AC
8007D988,00000164
8007DAEC,0000002C
8007DB18,00000100
8007DC18,00000190
8007DDA8,00000068
8007DE10,0000005C
8007DE6C,00000064
8007DED0,00000010
8007DEE0,00000010
8007DEF0,00000010
8007DF00,00000010
8007DF10,00000010
8007DF20,00000010
8007DF30,00000010
8007DF40,00000010
8007DF50,00000010
8007DF60,00000040
8007DFA0,00000008
8007DFA8,00000008
8007DFB0,00000004
8007DFB4,00000008
8007DFBC,00000008
8007DFC4,00000008
8007DFCC,00000008
8007DFD4,00000008
8007DFDC,00000010
8007DFEC,00000024
8007E010,0000007C
8007E08C,00000054
8007E0E0,000000D0
8007E1B0,00000068
8007E218,0000005C
8007E274,0000006C
8007E2E0,0000000C
8007E2EC,0000004C
8007E338,00000058
8007E390,0000005C
8007E3EC,00000070
8007E45C,00000150
8007E5AC,00000108
8007E6B4,00000058
8007E70C,00000094
8007E7A0,000000C4
8007E864,0000002C
8007E890,00000088
8007E918,000001BC
8007EAD4,000000E8
8007EBBC,0000009C
8007EC58,000001C4
8007EE1C,00000064
8007EE80,000001FC
8007F07C,000000F0
8007F16C,0000006C
8007F1D8,0000005C
8007F234,00000060
8007F294,0000005C
8007F2F0,00000074
8007F364,0000005C
8007F3C0,00000068
8007F428,00000040
8007F468,00000008
8007F470,000000CC
8007F53C,00000008
8007F544,000000E4
8007F628,0000005C
8007F684,0000007C
8007F700,00000010
8007F710,00000010
8007F720,00000010
8007F730,00000010
8007F740,00000010
8007F750,00000010
8007F760,00000010
8007F770,00000010
8007F780,00000010
8007F790,00000010
8007F7A0,00000010
8007F7B0,00000010
8007F7C0,00000004
8007F7C4,00000008
8007F7CC,00000008
8007F7D4,00000008
8007F7DC,00000044
8007F820,00000008
8007F828,00000044
8007F86C,00000008
8007F874,00000044
8007F8B8,00000008
8007F8C0,00000008
8007F8C8,00000008
8007F8D0,000000D8
8007F9A8,00000018
8007F9C0,00000014
8007F9D4,00000014
8007F9E8,00000164
8007FB4C,00000104
8007FC50,000000A8
8007FCF8,00000150
8007FE48,00000044
8007FE8C,00000060
8007FEEC,00000078
8007FF64,0000003C
8007FFA0,0000009C
8008003C,00000194
800801D0,00000060
80080230,00000064
80080294,00000058
800802EC,0000008C
80080378,00000010
80080388,00000010
80080398,00000010
800803A8,00000010
800803B8,00000010
800803C8,00000010
800803D8,00000010
800803E8,00000010
800803F8,00000010
80080408,00000010
80080418,00000010
80080428,00000010
80080438,00000010
80080448,00000010
80080458,00000004
8008045C,00000044
800804A0,00000050
800804F0,00000044
80080534,00000008
8008053C,00000044
80080580,0000000C
8008058C,00000044
800805D0,00000008
800805D8,00000044
8008061C,00000044
80080660,00000054
800806B4,00000044
800806F8,0000004C
80080744,00000044
80080788,00000078
80080800,0000003C
8008083C,0000009C
800808D8,00000194
80080A6C,00000060
80080ACC,00000064
80080B30,00000058
80080B88,0000008C
80080C14,00000010
80080C24,00000010
80080C34,00000010
80080C44,00000010
80080C54,00000010
80080C64,00000010
80080C74,00000010
80080C84,00000010
80080C94,00000010
80080CA4,00000010
80080CB4,00000010
80080CC4,00000010
80080CD4,00000010
80080CE4,00000010
80080CF4,00000004
80080CF8,00000044
80080D3C,00000050
80080D8C,00000044
80080DD0,00000008
80080DD8,00000044
80080E1C,0000000C
80080E28,00000044
80080E6C,00000008
80080E74,00000044
80080EB8,00000044
80080EFC,00000054
80080F50,00000044
80080F94,0000004C
80080FE0,00000088
80081068,0000005C
800810C4,00000010
800810D4,00000020
800810F4,00000014
80081108,00000014
8008111C,0000004C
80081168,0000004C
800811B4,0000006C
80081220,00000120
80081340,00000084
800813C4,00000084
80081448,0000008C
800814D4,00000128
800815FC,00000274
80081870,00000078
800818E8,000000CC
800819B4,000000DC
80081A90,000000FC
80081B8C,00000074
80081C00,000000B0
80081CB0,00000108
80081DB8,00000044
80081DFC,00000038
80081E34,0000004C
80081E80,000000F0
80081F70,00000060
80081FD0,00000078
80082048,00000058
800820A0,0000002C
800820CC,00000010
800820DC,00000010
800820EC,00000008
800820F4,00000008
800820FC,000000C8
800821C4,00000348
8008250C,00000134
80082640,00000080
800826C0,000000CC
8008278C,000001D8
80082964,000001AC
80082B10,000000B0
80082BC0,00000048
80082C08,000000DC
80082CE4,00000160
80082E44,0000000C
80082E50,0000000C
80082E5C,0000000C
80082E68,0000000C
80082E74,0000000C
80082E80,0000000C
80082E8C,0000000C
80082E98,0000000C
80082EA4,0000000C
80082EB0,0000000C
80082EBC,0000000C
80082EC8,0000000C
80082ED4,0000000C
80082EE0,0000000C
80082EEC,00000008
80082EF4,00000008
80082EFC,00000034
80082F30,0000000C
80082F3C,000000E4
80083020,00000050
80083070,00000060
800830D0,00000068
80083138,00000068
800831A0,00000088
80083228,00000088
800832B0,000000A0
80083350,0000003C
8008338C,0000006C
800833F8,00000074
8008346C,00000064
800834D0,00000084
80083554,00000008
8008355C,00000008
80083564,00000008
8008356C,00000094
80083600,0000000C
8008360C,0000000C
80083618,00000078
80083690,00000074
80083704,00000060
80083764,00000064
800837C8,000000A0
80083868,00000148
800839B0,000000A8
80083A58,00000128
80083B80,00000040
80083BC0,00000114
80083CD4,0000015C
80083E30,0000006C
80083E9C,000000C8
80083F64,00000064
80083FC8,000000D4
8008409C,00000080
8008411C,00000048
80084164,00000040
800841A4,00000008
800841AC,00000008
800841B4,00000058
8008420C,00000064
80084270,00000058
800842C8,0000003C
80084304,00000010
80084314,00000010
80084324,00000010
80084334,00000010
80084344,0000004C
80084390,00000008
80084398,0000004C
800843E4,0000004C
80084430,00000064
80084494,000000B4
80084548,000000B4
800845FC,00000060
8008465C,0000004C
800846A8,000005B8
80084C60,00000008
80084C68,00000078
80084CE0,000000F0
80084DD0,00000168
80084F38,0000011C
80085054,000000BC
80085110,000001BC
800852CC,00000208
800854D4,0000000C
800854E0,00000054
80085534,00000044
80085578,00000010
80085588,00000060
800855E8,00000064
8008564C,00000068
800856B4,00000058
8008570C,00000034
80085740,00000010
80085750,00000010
80085760,00000010
80085770,00000008
80085778,00000008
80085780,00000008
80085788,0000008C
80085814,00000054
80085868,00000050
800858B8,0000005C
80085914,0000002C
80085940,00000010
80085950,00000010
80085960,00000004
80085964,00000008
8008596C,00000080
800859EC,0000004C
80085A38,00000044
80085A7C,00000044
80085AC0,00000008
80085AC8,00000008
80085AD0,00000058
80085B28,00000058
80085B80,00000074
80085BF4,00000074
80085C68,00000058
80085CC0,00000044
80085D04,00000010
80085D14,00000010
80085D24,00000010
80085D34,00000010
80085D44,00000010
80085D54,00000008
80085D5C,0000004C
80085DA8,00000008
80085DB0,00000008
80085DB8,0000004C
80085E04,000001B8
80085FBC,000002CC
80086288,0000000C
80086294,0000005C
800862F0,00000110
80086400,000003D0
800867D0,000000A4
80086874,000000A4
80086918,000001D0
80086AE8,00000074
80086B5C,00000090
80086BEC,000000B8
80086CA4,00000004
80086CA8,00000084
80086D2C,00000134
80086E60,00000044
80086EA4,00000070
80086F14,00000060
80086F74,00000060
80086FD4,000000C4
80087098,0000009C
80087134,0000004C
80087180,00000050
800871D0,000000A0
80087270,0000008C
800872FC,00000060
8008735C,00000098
800873F4,0000006C
80087460,000000EC
8008754C,0000009C
800875E8,0000006C
80087654,00000058
800876AC,00000108
800877B4,00000150
80087904,000000B4
800879B8,00000230
80087BE8,0000007C
80087C64,000000C4
80087D28,00000038
80087D60,00000068
80087DC8,0000002C
80087DF4,00000060
80087E54,00000008
80087E5C,00000008
80087E64,00000060
80087EC4,00000008
80087ECC,00000008
80087ED4,00000008
80087EDC,00000060
80087F3C,00000020
80087F5C,00000014
80087F70,00000010
80087F80,000000C4
80088044,00000010
80088054,00000018
8008806C,0000001C
80088088,00000090
80088118,00000024
8008813C,00000024
80088160,00000098
800881F8,00000168
80088360,00000070
800883D0,00000060
80088430,00000228
80088658,00000088
800886E0,0000010C
800887EC,00000070
8008885C,00000060
800888BC,00000108
800889C4,000000C0
80088A84,000000C4
80088B48,00000054
80088B9C,00000178
80088D14,00000040
80088D54,00000040
80088D94,000000D0
80088E64,00000010
80088E74,00000010
80088E84,00000010
80088E94,00000010
80088EA4,00000010
80088EB4,00000010
80088EC4,00000010
80088ED4,00000010
80088EE4,00000010
80088EF4,00000010
80088F04,00000010
80088F14,00000010
80088F24,00000010
80088F34,00000008
80088F3C,00000008
80088F44,00000008
80088F4C,00000008
80088F54,00000008
80088F5C,00000008
80088F64,00000008
80088F6C,00000008
80088F74,00000008
80088F7C,00000008
80088F84,00000008
80088F8C,00000004
80088F90,00000004
80088F94,00000030
80088FC4,00000068
8008902C,0000005C
80089088,00000030
800890B8,00000048
80089100,00000008
80089108,00000020
80089128,00000078
800891A0,00000078
80089218,00000084
8008929C,00000058
800892F4,00000008
800892FC,0000004C
80089348,00000014
8008935C,0000003C
80089398,00000028
800893C0,00000028
800893E8,00000028
80089410,0000000C
8008941C,0000004C
80089468,00000030
80089498,00000030
800894C8,00000030
800894F8,00000030
80089528,00000030
80089558,00000030
80089588,00000030
800895B8,00000030
800895E8,00000030
80089618,00000030
80089648,00000028
80089670,0000005C
800896CC,00000040
8008970C,00000040
8008974C,0000005C
800897A8,0000005C
80089804,0000005C
80089860,00000048
800898A8,00000050
800898F8,00000058
80089950,0000004C
8008999C,00000090
80089A2C,0000004C
80089A78,00000060
80089AD8,0000005C
80089B34,00000008
80089B3C,00000104
80089C40,000001E0
80089E20,00000004
80089E24,0000007C
80089EA0,000000B0
80089F50,000000F0
8008A040,0000005C
8008A09C,00000034
8008A0D0,00000010
8008A0E0,00000010
8008A0F0,00000010
8008A100,00000008
8008A108,00000008
8008A110,00000004
8008A114,00000058
8008A16C,00000094
8008A200,00000008
8008A208,0000004C
8008A254,000000EC
8008A340,00000058
8008A398,00000034
8008A3CC,00000010
8008A3DC,00000010
8008A3EC,00000010
8008A3FC,00000004
8008A400,00000008
8008A408,00000008
8008A410,00000048
8008A458,0000005C
8008A4B4,000001F0
8008A6A4,00000040
8008A6E4,00000050
8008A734,00000068
8008A79C,000000CC
8008A868,000000C4
8008A92C,00000088
8008A9B4,00000138
8008AAEC,00000058
8008AB44,00000044
8008AB88,00000010
8008AB98,00000010
8008ABA8,00000010
8008ABB8,00000010
8008ABC8,00000010
8008ABD8,00000008
8008ABE0,00000008
8008ABE8,00000008
8008ABF0,00000008
8008ABF8,00000004
8008ABFC,0000003C
8008AC38,00000064
8008AC9C,00000234
8008AED0,00000060
8008AF30,00000114
8008B044,00000098
8008B0DC,00000064
8008B140,0000016C
8008B2AC,00000080
8008B32C,00000058
8008B384,0000003C
8008B3C0,00000010
8008B3D0,00000010
8008B3E0,00000010
8008B3F0,00000010
8008B400,00000008
8008B408,00000008
8008B410,00000008
8008B418,00000004
8008B41C,00000004
8008B420,0000007C
8008B49C,00000060
8008B4FC,00000048
8008B544,000000B0
8008B5F4,00000040
8008B634,00000048
8008B67C,00000008
8008B684,00000040
8008B6C4,00000014
8008B6D8,00000004
8008B6DC,00000078
8008B754,00000070
8008B7C4,00000098
8008B85C,0000005C
8008B8B8,00000088
8008B940,0000000C
8008B94C,0000005C
8008B9A8,00000004
8008B9AC,00000064
8008BA10,00000064
8008BA74,0000014C
8008BBC0,00000090
8008BC50,00000004
8008BC54,00000008
8008BC5C,00000070
8008BCCC,00000048
8008BD14,00000174
8008BE88,000000A0
8008BF28,00000058
8008BF80,00000124
8008C0A4,0000003C
8008C0E0,00000010
8008C0F0,00000010
8008C100,00000010
8008C110,00000010
8008C120,00000008
8008C128,00000008
8008C130,00000040
8008C170,00000004
8008C174,00000008
8008C17C,00000030
8008C1AC,00000068
8008C214,0000007C
8008C290,00000050
8008C2E0,0000011C
8008C3FC,00000034
8008C430,0000003C
8008C46C,00000018
8008C484,000000C0
8008C544,00000068
8008C5AC,00000008
8008C5B4,00000060
8008C614,00000008
8008C61C,000000C0
8008C6DC,00000098
8008C774,00000008
8008C77C,0000005C
8008C7D8,00000008
8008C7E0,00000044
8008C824,00000010
8008C834,00000010
8008C844,00000010
8008C854,00000010
8008C864,00000010
8008C874,00000008
8008C87C,00000008
8008C884,00000004
8008C888,00000048
8008C8D0,00000004
8008C8D4,00000034
8008C908,00000064
8008C96C,000001DC
8008CB48,0000003C
8008CB84,00000048
8008CBCC,00000010
8008CBDC,00000088
8008CC64,00000008
8008CC6C,00000008
8008CC74,00000008
8008CC7C,000000D8
8008CD54,00000050
8008CDA4,00000050
8008CDF4,00000050
8008CE44,0000004C
8008CE90,0000007C
8008CF0C,000000F8
8008D004,000000B4
8008D0B8,00000058
8008D110,00000094
8008D1A4,0000008C
8008D230,00000058
8008D288,00000098
8008D320,000000DC
8008D3FC,0000006C
8008D468,00000058
8008D4C0,0000006C
8008D52C,00000010
8008D53C,00000010
8008D54C,00000010
8008D55C,00000010
8008D56C,00000010
8008D57C,00000010
8008D58C,00000010
8008D59C,00000010
8008D5AC,00000010
8008D5BC,00000010
8008D5CC,00000008
8008D5D4,00000008
8008D5DC,00000008
8008D5E4,00000008
8008D5EC,00000008
8008D5F4,00000008
8008D5FC,00000008
8008D604,00000008
8008D60C,00000048
8008D654,00000004
8008D658,00000058
8008D6B0,00000070
8008D720,00000158
8008D878,0000000C
8008D884,0000028C
8008DB10,0000005C
8008DB6C,000000D8
8008DC44,0000005C
8008DCA0,00000004
8008DCA4,000000DC
8008DD80,0000005C
8008DDDC,00000058
8008DE34,00000004
8008DE38,00000008
8008DE40,00000008
8008DE48,0000005C
8008DEA4,00000010
8008DEB4,00000010
8008DEC4,00000010
8008DED4,00000010
8008DEE4,00000010
8008DEF4,00000010
8008DF04,00000010
8008DF14,00000010
8008DF24,00000008
8008DF2C,00000008
8008DF34,00000008
8008DF3C,00000014
8008DF50,00000008
8008DF58,00000008
8008DF60,00000010
8008DF70,00000010
8008DF80,00000010
8008DF90,0000005C
8008DFEC,00000034
8008E020,00000068
8008E088,0000002C
8008E0B4,00000154
8008E208,00000134
8008E33C,00000040
8008E37C,00000004
8008E380,00000004
8008E384,00000078
8008E3FC,00000070
8008E46C,00000008
8008E474,00000008
8008E47C,0000010C
8008E588,00000068
8008E5F0,00000008
8008E5F8,0000001C
8008E614,00000038
8008E64C,0000000C
8008E658,0000000C
8008E664,00000008
8008E66C,00000008
8008E674,00000008
8008E67C,00000008
8008E684,00000008
8008E68C,000000A4
8008E730,00000008
8008E738,00000044
8008E77C,00000010
8008E78C,00000010
8008E79C,00000008
8008E7A4,00000060
8008E804,00000088
8008E88C,00000008
8008E894,00000008
8008E89C,00000060
8008E8FC,00000060
8008E95C,00000088
8008E9E4,0000007C
8008EA60,000000D0
8008EB30,00000188
8008ECB8,00000090
8008ED48,00000124
8008EE6C,000001B4
8008F020,0000028C
8008F2AC,0000011C
8008F3C8,00000058
8008F420,000000FC
8008F51C,00000158
8008F674,000000B0
8008F724,00000050
8008F774,00000050
8008F7C4,000000A8
8008F86C,000000DC
8008F948,0000009C
8008F9E4,00000058
8008FA3C,000000E8
8008FB24,000000C4
8008FBE8,000000A8
8008FC90,00000154
8008FDE4,00000284
80090068,00000074
800900DC,00000010
800900EC,00000010
800900FC,00000010
8009010C,00000010
8009011C,00000010
8009012C,00000010
8009013C,00000010
8009014C,00000010
8009015C,00000010
8009016C,00000010
8009017C,00000010
8009018C,00000008
80090194,00000008
8009019C,00000008
800901A4,00000008
800901AC,00000008
800901B4,00000008
800901BC,00000008
800901C4,00000008
800901CC,00000008
800901D4,00000008
800901DC,00000048
80090224,00000010
80090234,000000B0
800902E4,00000028
8009030C,00000060
8009036C,0000005C
800903C8,00000050
80090418,00000008
80090420,00000038
80090458,00000038
80090490,00000008
80090498,00000258
800906F0,000001C4
800908B4,00000080
80090934,00000100
80090A34,00000068
80090A9C,0000003C
80090AD8,00000044
80090B1C,00000074
80090B90,0000006C
80090BFC,00000044
80090C40,00000018
80090C58,00000014
80090C6C,00000058
80090CC4,00000044
80090D08,00000068
80090D70,0000006C
80090DDC,00000040
80090E1C,000000C0
80090EDC,00000058
80090F34,00000008
80090F3C,00000058
80090F94,00000058
80090FEC,00000044
80091030,000001A0
800911D0,00000040
80091210,00000074
80091284,00000054
800912D8,000001C4
8009149C,00000034
800914D0,00000010
800914E0,00000010
800914F0,00000010
80091500,00000008
80091508,00000008
80091510,00000004
80091514,00000094
800915A8,000000D0
80091678,00000014
8009168C,00000008
80091694,00000038
800916CC,00000038
80091704,0000005C
80091760,00000030
80091790,00000050
800917E0,00000014
800917F4,00000014
80091808,00000010
80091818,00000024
8009183C,00000018
80091854,0000000C
80091860,00000044
800918A4,0000003C
800918E0,00000054
80091934,0000005C
80091990,0000000C
8009199C,00000014
800919B0,0000031C
80091CCC,00000008
80091CD4,0000006C
80091D40,00000010
80091D50,00000010
80091D60,00000010
80091D70,00000010
80091D80,00000010
80091D90,00000010
80091DA0,00000010
80091DB0,00000010
80091DC0,00000010
80091DD0,00000010
80091DE0,00000008
80091DE8,00000008
80091DF0,00000008
80091DF8,00000008
80091E00,00000008
80091E08,00000008
80091E10,00000008
80091E18,00000008
80091E20,00000008
80091E28,00000008
80091E30,00000044
80091E74,0000000C
80091E80,00000454
800922D4,000000FC
800923D0,00000138
80092508,00000014
8009251C,00000008
80092524,0000000C
80092530,00000054
80092584,00000008
8009258C,00000068
800925F4,00000008
800925FC,000000A4
800926A0,00000008
800926A8,000000A8
80092750,00000008
80092758,000000DC
80092834,00000008
8009283C,000000F8
80092934,00000008
8009293C,00000024
80092960,00000008
80092968,00000060
800929C8,00000008
800929D0,00000014
800929E4,00000024
80092A08,00000008
80092A10,00000088
80092A98,00000008
80092AA0,00000014
80092AB4,00000008
80092ABC,00000028
80092AE4,00000008
80092AEC,00000014
80092B00,00000030
80092B30,00000008
80092B38,00000014
80092B4C,00000024
80092B70,00000008
80092B78,00000014
80092B8C,00000024
80092BB0,00000008
80092BB8,000000F8
80092CB0,00000008
80092CB8,0000004C
80092D04,00000008
80092D0C,000000E8
80092DF4,00000008
80092DFC,00000024
80092E20,00000008
80092E28,000000D0
80092EF8,00000008
80092F00,00000014
80092F14,000000E4
80092FF8,00000008
80093000,000000BC
800930BC,00000008
800930C4,0000008C
80093150,00000008
80093158,00000024
8009317C,00000008
80093184,00000060
800931E4,00000008
800931EC,0000004C
80093238,00000008
80093240,0000005C
8009329C,00000008
800932A4,0000005C
80093300,00000008
80093308,0000005C
80093364,00000008
8009336C,00000228
80093594,00000008
8009359C,00000054
800935F0,00000008
800935F8,0000001C
80093614,00000008
8009361C,0000009C
800936B8,00000008
800936C0,000000B4
80093774,00000008
8009377C,0000008C
80093808,00000008
80093810,0000006C
8009387C,00000008
80093884,000000D0
80093954,00000008
8009395C,000000E0
80093A3C,00000008
80093A44,00000054
80093A98,00000008
80093AA0,00000014
80093AB4,00000024
80093AD8,00000008
80093AE0,00000014
80093AF4,00000024
80093B18,00000008
80093B20,00000014
80093B34,00000080
80093BB4,00000008
80093BBC,00000014
80093BD0,00000024
80093BF4,00000008
80093BFC,00000068
80093C64,000000A0
80093D04,00000048
80093D4C,00000044
80093D90,00000058
80093DE8,00000008
80093DF0,00000004
80093DF4,00000008
80093DFC,00000008
80093E04,00000008
80093E0C,00000004
80093E10,00000004
80093E14,00000008
80093E1C,00000008
80093E24,00000008
80093E2C,00000008
80093E34,00000008
80093E3C,00000004
80093E40,0000000C
80093E4C,00000098
80093EE4,00000098
80093F7C,00000010
80093F8C,00000010
80093F9C,00000108
800940A4,0000000C
800940B0,000000A4
80094154,000000A4
800941F8,00000014
8009420C,00000014
80094220,0000002C
8009424C,0000005C
800942A8,00000084
8009432C,00000084
800943B0,00000044
800943F4,000000D0
800944C4,00000084
80094548,000002BC
80094804,0000004C
80094850,00000058
800948A8,000000C8
80094970,00000048
800949B8,00000140
80094AF8,0000005C
80094B54,00000040
80094B94,00000040
80094BD4,00000008
80094BDC,00000008
80094BE4,00000008
80094BEC,0000005C
80094C48,0000005C
80094CA4,00000050
80094CF4,00000058
80094D4C,00000048
80094D94,00000218
80094FAC,00000064
80095010,00000250
80095260,00000050
800952B0,00000048
800952F8,0000005C
80095354,000000A8
800953FC,000000E4
800954E0,000000E8
800955C8,000000E8
800956B0,000000BC
8009576C,00000134
800958A0,000000B0
80095950,00000044
80095994,00000068
800959FC,0000006C
80095A68,00000064
80095ACC,000002D4
80095DA0,00000048
80095DE8,0000005C
80095E44,00000070
80095EB4,00000064
80095F18,00000370
80096288,00000064
800962EC,00000048
80096334,0000005C
80096390,0000006C
800963FC,00000074
80096470,00000464
800968D4,00000048
8009691C,0000005C
80096978,00000044
800969BC,00000064
80096A20,0000048C
80096EAC,00000048
80096EF4,0000005C
80096F50,00000058
80096FA8,0000004C
80096FF4,00000284
80097278,00000008
80097280,00000008
80097288,00000094
8009731C,00000048
80097364,00000008
8009736C,00000008
80097374,0000000C
80097380,000002D4
80097654,00000010
80097664,00000008
8009766C,000000B0
8009771C,0000009C
800977B8,00000078
80097830,00000010
80097840,0000001C
8009785C,0000005C
800978B8,00000058
80097910,00000034
80097944,00000068
800979AC,00000054
80097A00,000002CC
80097CCC,00000048
80097D14,0000005C
80097D70,000000A0
80097E10,000003F8
80098208,000005B0
800987B8,00000014
800987CC,00000048
80098814,0000005C
80098870,0000002C
8009889C,00000034
800988D0,00000054
80098924,00000220
80098B44,000002A8
80098DEC,00000040
80098E2C,0000005C
80098E88,00000008
80098E90,00000008
80098E98,00000324
800991BC,00000004
800991C0,000000D4
80099294,00000008
8009929C,00000008
800992A4,00000084
80099328,00000088
800993B0,00000068
80099418,0000001C
80099434,00000074
800994A8,000000D4
8009957C,00000360
800998DC,00000068
80099944,00000050
80099994,00000068
800999FC,00000078
80099A74,000000D0
80099B44,000000D4
80099C18,00000090
80099CA8,00000068
80099D10,0000000C
80099D1C,00000068
80099D84,00000008
80099D8C,0000007C
80099E08,00000008
80099E10,00000008
80099E18,00000008
80099E20,0000006C
80099E8C,00000010
80099E9C,00000008
80099EA4,00000008
80099EAC,0000000C
80099EB8,00000008
80099EC0,0000009C
80099F5C,00000030
80099F8C,00000030
80099FBC,00000030
80099FEC,0000005C
8009A048,0000003C
8009A084,00000010
8009A094,00000060
8009A0F4,0000000C
8009A100,00000008
8009A108,00000070
8009A178,00000020
8009A198,00000020
8009A1B8,00000040
8009A1F8,0000010C
8009A304,00000014
8009A318,000000A0
8009A3B8,00000098
8009A450,0000005C
8009A4AC,0000005C
8009A508,00000054
8009A55C,00000054
8009A5B0,00000008
8009A5B8,00000008
8009A5C0,00000090
8009A650,000002F4
8009A944,000000F0
8009AA34,00000204
8009AC38,000000F0
8009AD28,00000180
8009AEA8,00000074
8009AF1C,000000B8
8009AFD4,000000B8
8009B08C,00000028
8009B0B4,00000094
8009B148,00000008
8009B150,00000008
8009B158,00000008
8009B160,00000008
8009B168,00000008
8009B170,00000008
8009B178,00000008
8009B180,00000008
8009B188,00000004
8009B18C,00000004
8009B190,00000008
8009B198,00000058
8009B1F0,0000006C
8009B25C,0000008C
8009B2E8,00000010
8009B2F8,000001C0
8009B4B8,00000058
8009B510,00000048
8009B558,0000005C
8009B5B4,0000004C
8009B600,0000008C
8009B68C,00000304
8009B990,00000048
8009B9D8,00000020
8009B9F8,0000005C
8009BA54,0000006C
8009BAC0,00000064
8009BB24,000000C0
8009BBE4,00000048
8009BC2C,00000154
8009BD80,00000088
8009BE08,00000158
8009BF60,00000080
8009BFE0,000001D8
8009C1B8,0000005C
8009C214,00000008
8009C21C,000000AC
8009C2C8,00000118
8009C3E0,000000A0
8009C480,0000001C
8009C49C,00000040
8009C4DC,00000040
8009C51C,00000040
8009C55C,00000194
8009C6F0,0000017C
8009C86C,00000144
8009C9B0,00000054
8009CA04,000000D0
8009CAD4,000000EC
8009CBC0,00000120
8009CCE0,000000E0
8009CDC0,0000009C
8009CE5C,000000D4
8009CF30,0000005C
8009CF8C,00000140
8009D0CC,000000BC
8009D188,00000140
8009D2C8,00000074
8009D33C,000001A0
8009D4DC,00000068
8009D544,0000005C
8009D5A0,00000044
8009D5E4,00000008
8009D5EC,00000008
8009D5F4,00000070
8009D664,00000084
8009D6E8,000006F4
8009DDDC,00000040
8009DE1C,0000005C
8009DE78,0000005C
8009DED4,00000054
8009DF28,00000190
8009E0B8,000003B4
8009E46C,00000040
8009E4AC,000002C4
8009E770,0000005C
8009E7CC,0000006C
8009E838,00000004
8009E83C,000002D4
8009EB10,00000048
8009EB58,000000B0
8009EC08,00000160
8009ED68,00000074
8009EDDC,0000000C
8009EDE8,00000258
8009F040,00000048
8009F088,0000005C
8009F0E4,00000058
8009F13C,00000144
8009F280,000000D4
8009F354,000000E0
8009F434,00000094
8009F4C8,00000014
8009F4DC,00000148
8009F624,00000078
8009F69C,00000148
8009F7E4,00000124
8009F908,000000F4
8009F9FC,00000114
8009FB10,0000021C
8009FD2C,000001AC
8009FED8,000001C8
800A00A0,000000A4
800A0144,000000D0
800A0214,000000C4
800A02D8,00000008
800A02E0,00000008
800A02E8,00000068
800A0350,00000070
800A03C0,00000038
800A03F8,00000038
800A0430,00000038
800A0468,00000038
800A04A0,00000038
800A04D8,00000038
800A0510,00000038
800A0548,00000038
800A0580,00000038
800A05B8,00000038
800A05F0,00000038
800A0628,00000038
800A0660,00000038
800A0698,00000038
800A06D0,00000038
800A0708,00000038
800A0740,00000038
800A0778,00000038
800A07B0,00000038
800A07E8,00000038
800A0820,00000038
800A0858,00000038
800A0890,00000038
800A08C8,00000038
800A0900,00000038
800A0938,00000038
800A0970,00000038
800A09A8,00000038
800A09E0,00000038
800A0A18,00000038
800A0A50,00000038
800A0A88,00000038
800A0AC0,00000038
800A0AF8,00000038
800A0B30,00000038
800A0B68,00000038
800A0BA0,00000038
800A0BD8,00000038
800A0C10,00000038
800A0C48,00000038
800A0C80,00000038
800A0CB8,00000038
800A0CF0,00000038
800A0D28,00000038
800A0D60,00000038
800A0D98,00000064
800A0DFC,00000010
800A0E0C,00000070
800A0E7C,00000014
800A0E90,00000008
800A0E98,0000003C
800A0ED4,000000A8
800A0F7C,00000010
800A0F8C,00000058
800A0FE4,00000078
800A105C,0000000C
800A1068,00000610
800A1678,00000048
800A16C0,0000005C
800A171C,0000005C
800A1778,00000070
800A17E8,000000E0
800A18C8,0000046C
800A1D34,00000048
800A1D7C,000002A4
800A2020,00000014
800A2034,0000005C
800A2090,00000090
800A2120,000000A4
800A21C4,00000068
800A222C,00000048
800A2274,000003CC
800A2640,00000008
800A2648,0000000C
800A2654,0000000C
800A2660,0000000C
800A266C,00000008
800A2674,0000000C
800A2680,0000000C
800A268C,0000000C
800A2698,0000000C
800A26A4,0000000C
800A26B0,0000000C
800A26BC,0000000C
800A26C8,00000008
800A26D0,0000000C
800A26DC,0000000C
800A26E8,0000000C
800A26F4,0000000C
800A2700,0000000C
800A270C,0000000C
800A2718,00000008
800A2720,00000038
800A2758,00000038
800A2790,00000028
800A27B8,00000024
800A27DC,00000004
800A27E0,0000000C
800A27EC,0000000C
800A27F8,0000000C
800A2804,0000000C
800A2810,0000000C
800A281C,00000008
800A2824,0000000C
800A2830,0000000C
800A283C,0000000C
800A2848,0000000C
800A2854,0000000C
800A2860,0000000C
800A286C,0000000C
800A2878,00000008
800A2880,00000048
800A28C8,0000000C
800A28D4,0000000C
800A28E0,0000000C
800A28EC,0000000C
800A28F8,0000000C
800A2904,0000000C
800A2910,0000005C
800A296C,000001C0
800A2B2C,00000058
800A2B84,00000118
800A2C9C,00000058
800A2CF4,00000038
800A2D2C,00000050
800A2D7C,0000003C
800A2DB8,0000003C
800A2DF4,0000004C
800A2E40,0000004C
800A2E8C,00000180
800A300C,00000108
800A3114,000001FC
800A3310,00000108
800A3418,000003C8
800A37E0,00000070
800A3850,00000008
800A3858,0000000C
800A3864,00000018
800A387C,00000018
800A3894,0000004C
800A38E0,00000058
800A3938,00000004
800A393C,00000004
800A3940,00000004
800A3944,00000004
800A3948,000000B4
800A39FC,00000018
800A3A14,00000004
800A3A18,0000006C
800A3A84,0000005C
800A3AE0,00000088
800A3B68,000000D0
800A3C38,00000028
800A3C60,0000007C
800A3CDC,0000007C
800A3D58,00000024
800A3D7C,00000080
800A3DFC,00000054
800A3E50,00000070
800A3EC0,00000078
800A3F38,00000078
800A3FB0,0000005C
800A400C,00000074
800A4080,00000084
800A4104,00000070
800A4174,000000F0
800A4264,000000E0
800A4344,00000058
800A439C,000003B0
800A474C,00000068
800A47B4,00000034
800A47E8,00000080
800A4868,00000048
800A48B0,00000048
800A48F8,00000038
800A4930,00000054
800A4984,00000040
800A49C4,00000040
800A4A04,0000000C
800A4A10,0000000C
800A4A1C,0000005C
800A4A78,0000009C
800A4B14,000000D8
800A4BEC,00000004
800A4BF0,00000074
800A4C64,0000000C
800A4C70,00000054
800A4CC4,00000020
800A4CE4,00000010
800A4CF4,000000BC
800A4DB0,0000000C
800A4DBC,0000007C
800A4E38,0000007C
800A4EB4,00000024
800A4ED8,0000007C
800A4F54,00000054
800A4FA8,00000024
800A4FCC,00000024
800A4FF0,00000024
800A5014,000000BC
800A50D0,0000007C
800A514C,000000D4
800A5220,000000A8
800A52C8,0000009C
800A5364,000000A4
800A5408,00000088
800A5490,00000048
800A54D8,000001DC
800A56B4,00000070
800A5724,0000013C
800A5860,00000108
800A5968,0000021C
800A5B84,0000005C
800A5BE0,000000CC
800A5CAC,000000F0
800A5D9C,000000CC
800A5E68,000000A4
800A5F0C,000000E4
800A5FF0,0000005C
800A604C,00000048
800A6094,00000084
800A6118,00000058
800A6170,00000104
800A6274,00000068
800A62DC,00000068
800A6344,000000B4
800A63F8,00000068
800A6460,0000009C
800A64FC,000000D8
800A65D4,00000074
800A6648,0000006C
800A66B4,0000005C
800A6710,0000000C
800A671C,00000008
800A6724,00000008
800A672C,00000008
800A6734,00000008
800A673C,00000008
800A6744,00000004
800A6748,00000078
800A67C0,00000004
800A67C4,000003B8
800A6B7C,00000150
800A6CCC,00000004
800A6CD0,0000005C
800A6D2C,00000008
800A6D34,0000002C
800A6D60,00000008
800A6D68,00000008
800A6D70,00000068
800A6DD8,00000004
800A6DDC,00000048
800A6E24,00000014
800A6E38,00000004
800A6E3C,0000005C
800A6E98,0000005C
800A6EF4,0000007C
800A6F70,00000088
800A6FF8,000000D0
800A70C8,00000040
800A7108,0000004C
800A7154,00000128
800A727C,000000EC
800A7368,0000010C
800A7474,00000168
800A75DC,0000010C
800A76E8,000000C4
800A77AC,00000098
800A7844,0000010C
800A7950,000001AC
800A7AFC,0000009C
800A7B98,0000006C
800A7C04,00000390
800A7F94,00000048
800A7FDC,0000015C
800A8138,00000258
800A8390,000001A0
800A8530,0000014C
800A867C,0000005C
800A86D8,00000068
800A8740,00000044
800A8784,0000005C
800A87E0,00000064
800A8844,00000004
800A8848,00000034
800A887C,00000048
800A88C4,0000016C
800A8A30,00000050
800A8A80,00000004
800A8A84,00000230
800A8CB4,00000048
800A8CFC,0000005C
800A8D58,00000070
800A8DC8,00000068
800A8E30,00000054
800A8E84,00000048
800A8ECC,00000008
800A8ED4,00000008
800A8EDC,00000008
800A8EE4,00000174
800A9058,00000294
800A92EC,0000005C
800A9348,00000090
800A93D8,00000098
800A9470,00000010
800A9480,0000000C
800A948C,0000000C
800A9498,0000000C
800A94A4,0000000C
800A94B0,0000000C
800A94BC,0000000C
800A94C8,00000070
800A9538,00000034
800A956C,00000024
800A9590,00000024
800A95B4,00000024
800A95D8,000000D8
800A96B0,00000430
800A9AE0,00000044
800A9B24,00000100
800A9C24,00000054
800A9C78,000000D0
800A9D48,00000050
800A9D98,00000004
800A9D9C,0000005C
800A9DF8,0000011C
800A9F14,00000058
800A9F6C,00000004
800A9F70,00000034
800A9FA4,00000080
800AA024,000000AC
800AA0D0,00000004
800AA0D4,0000000C
800AA0E0,0000000C
800AA0EC,00000070
800AA15C,00000058
800AA1B4,00000104
800AA2B8,0000001C
800AA2D4,000000CC
800AA3A0,00000054
800AA3F4,0000007C
800AA470,0000010C
800AA57C,00000088
800AA604,00000108
800AA70C,00000440
800AAB4C,0000001C
800AAB68,00000080
800AABE8,000000A8
800AAC90,000000B0
800AAD40,00000068
800AADA8,00000008
800AADB0,0000006C
800AAE1C,00000094
800AAEB0,00000084
800AAF34,00000084
800AAFB8,00000084
800AB03C,0000000C
800AB048,00000034
800AB07C,00000004
800AB080,00000008
800AB088,00000028
800AB0B0,00000044
800AB0F4,00000034
800AB128,00000024
800AB14C,00000068
800AB1B4,00000064
800AB218,00000074
800AB28C,00000370
800AB5FC,00000048
800AB644,00000100
800AB744,0000005C
800AB7A0,0000003C
800AB7DC,00000014
800AB7F0,00000074
800AB864,00000070
800AB8D4,00000048
800AB91C,00000114
800ABA30,00000124
800ABB54,000000B8
800ABC0C,0000005C
800ABC68,00000064
800ABCCC,00000054
800ABD20,00000394
800AC0B4,00000080
800AC134,00000048
800AC17C,0000005C
800AC1D8,000002CC
800AC4A4,00000010
800AC4B4,00000014
800AC4C8,00000064
800AC52C,0000006C
800AC598,00000058
800AC5F0,00000060
800AC650,000000B8
800AC708,00000444
800ACB4C,00000080
800ACBCC,00000048
800ACC14,0000005C
800ACC70,0000005C
800ACCCC,00000030
800ACCFC,00000050
800ACD4C,00000030
800ACD7C,00000050
800ACDCC,00000030
800ACDFC,00000008
800ACE04,0000002C
800ACE30,0000002C
800ACE5C,0000002C
800ACE88,00000078
800ACF00,00000084
800ACF84,00000058
800ACFDC,000000A8
800AD084,00000030
800AD0B4,00000100
800AD1B4,0000002C
800AD1E0,0000002C
800AD20C,00000018
800AD224,00000010
800AD234,00000010
800AD244,000000F4
800AD338,00000038
800AD370,0000002C
800AD39C,00000040
800AD3DC,00000010
800AD3EC,00000010
800AD3FC,00000094
800AD490,00000040
800AD4D0,00000040
800AD510,00000014
800AD524,00000024
800AD548,00000014
800AD55C,0000000C
800AD568,0000000C
800AD574,0000007C
800AD5F0,00000084
800AD674,00000008
800AD67C,00000028
800AD6A4,00000088
800AD72C,00000058
800AD784,00000054
800AD7D8,00000044
800AD81C,0000004C
800AD868,00000098
800AD900,0000005C
800AD95C,00000090
800AD9EC,000000CC
800ADAB8,00000094
800ADB4C,00000054
800ADBA0,00000054
800ADBF4,00000054
800ADC48,0000006C
800ADCB4,0000008C
800ADD40,0000008C
800ADDCC,0000008C
800ADE58,000000A0
800ADEF8,00000024
800ADF1C,00000058
800ADF74,00000074
800ADFE8,00000004
800ADFEC,00000330
800AE31C,00000048
800AE364,0000005C
800AE3C0,00000068
800AE428,0000000C
800AE434,000004EC
800AE920,00000048
800AE968,0000005C
800AE9C4,00000058
800AEA1C,00000178
800AEB94,00000358
800AEEEC,00000048
800AEF34,0000005C
800AEF90,00000008
800AEF98,00000074
800AF00C,00000050
800AF05C,000005CC
800AF628,00000068
800AF690,00000048
800AF6D8,0000005C
800AF734,00000018
800AF74C,000000A4
800AF7F0,0000006C
800AF85C,00000080
800AF8DC,00000014
800AF8F0,00000008
800AF8F8,00000008
800AF900,00000014
800AF914,00000014
800AF928,00000090
800AF9B8,00000044
800AF9FC,00000040
800AFA3C,000000A4
800AFAE0,00000008
800AFAE8,00000008
800AFAF0,00000008
800AFAF8,00000008
800AFB00,00000008
800AFB08,00000008
800AFB10,00000008
800AFB18,00000008
800AFB20,0000000C
800AFB2C,0000005C
800AFB88,00000058
800AFBE0,00000004
800AFBE4,00000008
800AFBEC,00000008
800AFBF4,0000000C
800AFC00,0000000C
800AFC0C,00000008
800AFC14,00000008
800AFC1C,00000008
800AFC24,00000008
800AFC2C,00000008
800AFC34,00000004
800AFC38,00000118
800AFD50,00000044
800AFD94,00000074
800AFE08,000000F8
800AFF00,0000000C
800AFF0C,00000008
800AFF14,00000008
800AFF1C,00000008
800AFF24,0000000C
800AFF30,0000000C
800AFF3C,0000005C
800AFF98,00000008
800AFFA0,00000008
800AFFA8,00000074
800B001C,000001A0
800B01BC,00000008
800B01C4,00000008
800B01CC,00000008
800B01D4,00000008
800B01DC,00000008
800B01E4,00000008
800B01EC,00000050
800B023C,00000008
800B0244,00000008
800B024C,00000008
800B0254,00000008
800B025C,00000008
800B0264,00000004
800B0268,00000004
800B026C,00000004
800B0270,00000008
800B0278,00000008
800B0280,00000008
800B0288,00000008
800B0290,00000008
800B0298,00000008
800B02A0,00000008
800B02A8,00000058
800B0300,00000040
800B0340,00000050
800B0390,0000005C
800B03EC,0000005C
800B0448,0000005C
800B04A4,00000008
800B04AC,00000008
800B04B4,00000084
800B0538,00000074
800B05AC,00000030
800B05DC,00000098
800B0674,0000019C
800B0810,000001D0
800B09E0,00000048
800B0A28,00000040
800B0A68,00000040
800B0AA8,00000294
800B0D3C,00000158
800B0E94,00000324
800B11B8,00000068
800B1220,00000054
800B1274,0000005C
800B12D0,0000002C
800B12FC,00000008
800B1304,0000005C
800B1360,00000068
800B13C8,000000C0
800B1488,000000B8
800B1540,000002AC
800B17EC,00000004
800B17F0,00000004
800B17F4,00000004
800B17F8,00000004
800B17FC,00000004
800B1800,00000058
800B1858,00000080
800B18D8,00000008
800B18E0,00000038
800B1918,00000388
800B1CA0,00000048
800B1CE8,00000160
800B1E48,0000024C
800B2094,00000008
800B209C,00000058
800B20F4,00000044
800B2138,00000048
800B2180,00000204
800B2384,0000005C
800B23E0,00000060
800B2440,00000068
800B24A8,00000034
800B24DC,00000048
800B2524,000003A0
800B28C4,00000008
800B28CC,0000006C
800B2938,00000004
800B293C,000003B4
800B2CF0,00000048
800B2D38,0000005C
800B2D94,00000070
800B2E04,00000004
800B2E08,000002A8
800B30B0,00000048
800B30F8,0000005C
800B3154,00000058
800B31AC,000000A0
800B324C,00000250
800B349C,00000070
800B350C,00000048
800B3554,00000080
800B35D4,000000D0
800B36A4,000000D8
800B377C,0000005C
800B37D8,0000011C
800B38F4,00000138
800B3A2C,00000050
800B3A7C,00000028
800B3AA4,00000040
800B3AE4,000000C4
800B3BA8,00000298
800B3E40,000001E4
800B4024,00000154
800B4178,00000100
800B4278,00000254
800B44CC,00000138
800B4604,00000098
800B469C,00000088
800B4724,00000088
800B47AC,00000610
800B4DBC,00000040
800B4DFC,0000005C
800B4E58,00000008
800B4E60,00000054
800B4EB4,00000190
800B5044,000003B8
800B53FC,00000040
800B543C,0000005C
800B5498,000000A8
800B5540,00000088
800B55C8,0000078C
800B5D54,00000040
800B5D94,0000005C
800B5DF0,00000008
800B5DF8,0000005C
800B5E54,00000060
800B5EB4,00000118
800B5FCC,00000318
800B62E4,00000040
800B6324,00000034
800B6358,00000274
800B65CC,00000008
800B65D4,00000070
800B6644,0000007C
800B66C0,000000B8
800B6778,00000044
800B67BC,00000008
800B67C4,00000008
800B67CC,00000064
800B6830,00000040
800B6870,00000008
800B6878,00000090
800B6908,000000F0
800B69F8,00000050
800B6A48,0000000C
800B6A54,00000018
800B6A6C,000000A4
800B6B10,00000098
800B6BA8,000000C0
800B6C68,00000098
800B6D00,00000074
800B6D74,00000250
800B6FC4,0000028C
800B7250,0000018C
800B73DC,00000058
800B7434,0000005C
800B7490,000001A4
800B7634,000000A4
800B76D8,00000004
800B76DC,000001C4
800B78A0,00000190
800B7A30,000000DC
800B7B0C,00000150
800B7C5C,000000C4
800B7D20,0000005C
800B7D7C,00000044
800B7DC0,00000010
800B7DD0,00000010
800B7DE0,00000010
800B7DF0,00000010
800B7E00,00000010
800B7E10,00000008
800B7E18,00000008
800B7E20,00000008
800B7E28,00000008
800B7E30,00000008
800B7E38,00000008
800B7E40,00000030
800B7E70,00000068
800B7ED8,0000005C
800B7F34,00000004
800B7F38,00000014
800B7F4C,00000068
800B7FB4,0000006C
800B8020,000003C0
800B83E0,0000008C
800B846C,00000098
800B8504,00000034
800B8538,00000034
800B856C,00000050
800B85BC,000000D4
800B8690,000000E8
800B8778,00000064
800B87DC,00000064
800B8840,00000044
800B8884,00000058
800B88DC,000000D4
800B89B0,00000020
800B89D0,00000080
800B8A50,0000003C
800B8A8C,000001F8
800B8C84,00000088
800B8D0C,00000098
800B8DA4,000000D0
800B8E74,000000D0
800B8F44,000000A0
800B8FE4,00000008
800B8FEC,00000008
800B8FF4,00000008
800B8FFC,00000070
800B906C,00000128
800B9194,00000050
800B91E4,00000038
800B921C,00000008
800B9224,00000034
800B9258,00000090
800B92E8,0000000C
800B92F4,0000007C
800B9370,00000034
800B93A4,000000A0
800B9444,00000088
800B94CC,000000C0
800B958C,00000058
800B95E4,00000058
800B963C,000001F4
800B9830,00000048
800B9878,00000078
800B98F0,00000074
800B9964,00000008
800B996C,00000058
800B99C4,000000A4
800B9A68,00000030
800B9A98,00000048
800B9AE0,00000094
800B9B74,00000094
800B9C08,00000010
800B9C18,0000007C
800B9C94,00000058
800B9CEC,00000044
800B9D30,00000038
800B9D68,00000090
800B9DF8,0000005C
800B9E54,00000020
800B9E74,00000010
800B9E84,0000007C
800B9F00,000000A4
800B9FA4,0000000C
800B9FB0,00000038
800B9FE8,000000DC
800BA0C4,00000108
800BA1CC,0000008C
800BA258,00000004
800BA25C,00000064
800BA2C0,0000007C
800BA33C,0000001C
800BA358,000000E0
800BA438,00000074
800BA4AC,000000C4
800BA570,00000068
800BA5D8,00000008
800BA5E0,00000008
800BA5E8,00000008
800BA5F0,00000060
800BA650,00000040
800BA690,00000070
800BA700,00000074
800BA774,00000058
800BA7CC,00000088
800BA854,00000184
800BA9D8,0000009C
800BAA74,00000128
800BAB9C,0000015C
800BACF8,000000B0
800BADA8,00000028
800BADD0,000000D0
800BAEA0,00000028
800BAEC8,000000E8
800BAFB0,00000024
800BAFD4,00000010
800BAFE4,00000010
800BAFF4,0000001C
800BB010,00000020
800BB030,00000040
800BB070,0000003C
800BB0AC,00000138
800BB1E4,00000004
800BB1E8,00000004
800BB1EC,00000004
800BB1F0,00000004
800BB1F4,00000074
800BB268,00000080
800BB2E8,0000001C
800BB304,00000030
800BB334,00000068
800BB39C,0000005C
800BB3F8,00000008
800BB400,00000008
800BB408,00000054
800BB45C,00000078
800BB4D4,00000078
800BB54C,00000074
800BB5C0,00000008
800BB5C8,00000008
800BB5D0,00000008
800BB5D8,00000080
800BB658,0000009C
800BB6F4,00000004
800BB6F8,00000004
800BB6FC,00000004
800BB700,00000004
800BB704,0000000C
800BB710,00000028
800BB738,0000002C
800BB764,0000003C
800BB7A0,0000003C
800BB7DC,0000003C
800BB818,0000004C
800BB864,00000050
800BB8B4,0000004C
800BB900,00000054
800BB954,00000060
800BB9B4,00000040
800BB9F4,0000004C
800BBA40,00000090
800BBAD0,000000A0
800BBB70,00000004
800BBB74,00000004
800BBB78,00000030
800BBBA8,00000030
800BBBD8,00000040
800BBC18,00000060
800BBC78,0000004C
800BBCC4,00000050
800BBD14,00000068
800BBD7C,0000007C
800BBDF8,0000004C
800BBE44,00000080
800BBEC4,00000034
800BBEF8,00000034
800BBF2C,00000038
800BBF64,00000034
800BBF98,0000003C
800BBFD4,00000048
800BC01C,00000024
800BC040,00000024
800BC064,00000024
800BC088,00000024
800BC0AC,00000024
800BC0D0,00000024
800BC0F4,0000004C
800BC140,00000050
800BC190,00000064
800BC1F4,00000068
800BC25C,00000044
800BC2A0,00000048
800BC2E8,00000048
800BC330,0000003C
800BC36C,0000008C
800BC3F8,0000000C
800BC404,0000004C
800BC450,000000C8
800BC518,0000005C
800BC574,0000011C
800BC690,00000098
800BC728,000000CC
800BC7F4,000000BC
800BC8B0,000000A8
800BC958,0000007C
800BC9D4,00000008
800BC9DC,00000098
800BCA74,000000E8
800BCB5C,0000005C
800BCBB8,00000034
800BCBEC,00000010
800BCBFC,00000010
800BCC0C,00000010
800BCC1C,00000008
800BCC24,00000008
800BCC2C,00000008
800BCC34,000000E4
800BCD18,00000078
800BCD90,00000074
800BCE04,00000024
800BCE28,00000024
800BCE4C,00000024
800BCE70,00000034
800BCEA4,0000002C
800BCED0,0000000C
800BCEDC,000000F0
800BCFCC,00000014
800BCFE0,00000074
800BD054,00000040
800BD094,0000004C
800BD0E0,000000B4
800BD194,00000010
800BD1A4,0000000C
800BD1B0,0000006C
800BD21C,00000050
800BD26C,0000005C
800BD2C8,00000098
800BD360,0000001C
800BD37C,0000001C
800BD398,0000001C
800BD3B4,000000B4
800BD468,00000060
800BD4C8,00000024
800BD4EC,00000148
800BD634,0000006C
800BD6A0,000000E8
800BD788,00000040
800BD7C8,0000000C
800BD7D4,0000000C
800BD7E0,00000004
800BD7E4,00000040
800BD824,00000008
800BD82C,00000040
800BD86C,0000009C
800BD908,00000050
800BD958,00000050
800BD9A8,00000050
800BD9F8,00000050
800BDA48,000000A4
800BDAEC,00000010
800BDAFC,00000020
800BDB1C,00000034
800BDB50,00000088
800BDBD8,00000088
800BDC60,00000088
800BDCE8,00000088
800BDD70,00000084
800BDDF4,000000B8
800BDEAC,00000014
800BDEC0,00000050
800BDF10,00000024
800BDF34,00000138
800BE06C,00000034
800BE0A0,00000034
800BE0D4,00000130
800BE204,00000130
800BE334,0000011C
800BE450,00000118
800BE568,00000120
800BE688,000000DC
800BE764,0000018C
800BE8F0,00000040
800BE930,00000048
800BE978,0000005C
800BE9D4,00000004
800BE9D8,00000058
800BEA30,0000004C
800BEA7C,0000006C
800BEAE8,0000004C
800BEB34,0000008C
800BEBC0,00000104
800BECC4,00000024
800BECE8,00000094
800BED7C,00000034
800BEDB0,00000040
800BEDF0,0000002C
800BEE1C,00000024
800BEE40,0000007C
800BEEBC,000000C8
800BEF84,000000D0
800BF054,00000078
800BF0CC,000000FC
800BF1C8,000000C4
800BF28C,0000003C
800BF2C8,000001C8
800BF490,000000B8
800BF548,0000001C
800BF564,00000180
800BF6E4,0000008C
800BF770,0000001C
800BF78C,00000044
800BF7D0,00000058
800BF828,00000120
800BF948,00000018
800BF960,0000001C
800BF97C,000000A0
800BFA1C,0000001C
800BFA38,0000006C
800BFAA4,00000004
800BFAA8,0000000C
800BFAB4,00000030
800BFAE4,00000088
800BFB6C,00000024
800BFB90,00000024
800BFBB4,00000134
800BFCE8,00000004
800BFCEC,0000006C
800BFD58,00000090
800BFDE8,0000000C
800BFDF4,0000000C
800BFE00,00000004
800BFE04,0000003C
800BFE40,00000008
800BFE48,00000024
800BFE6C,0000008C
800BFEF8,000001D4
800C00CC,00000078
800C0144,0000009C
800C01E0,0000007C
800C025C,00000054
800C02B0,00000080
800C0330,00000090
800C03C0,00000074
800C0434,00000128
800C055C,000000A8
800C0604,00000108
800C070C,00000194
800C08A0,00000070
800C0910,00000104
800C0A14,0000005C
800C0A70,00000054
800C0AC4,00000010
800C0AD4,00000010
800C0AE4,00000010
800C0AF4,00000010
800C0B04,00000010
800C0B14,00000010
800C0B24,00000010
800C0B34,00000008
800C0B3C,00000008
800C0B44,00000044
800C0B88,00000008
800C0B90,00000008
800C0B98,00000008
800C0BA0,00000008
800C0BA8,00000060
800C0C08,000000AC
800C0CB4,00000014
800C0CC8,00000054
800C0D1C,00000040
800C0D5C,00000060
800C0DBC,00000108
800C0EC4,0000005C
800C0F20,000000AC
800C0FCC,00000094
800C1060,000000DC
800C113C,00000158
800C1294,00000080
800C1314,00000058
800C136C,0000004C
800C13B8,000000B0
800C1468,000000BC
800C1524,00000050
800C1574,00000004
800C1578,00000048
800C15C0,00000044
800C1604,0000003C
800C1640,0000005C
800C169C,00000058
800C16F4,00000064
800C1758,00000010
800C1768,00000010
800C1778,00000010
800C1788,00000010
800C1798,00000010
800C17A8,00000010
800C17B8,00000010
800C17C8,00000010
800C17D8,00000010
800C17E8,00000008
800C17F0,00000008
800C17F8,00000008
800C1800,00000008
800C1808,00000048
800C1850,00000008
800C1858,00000008
800C1860,00000008
800C1868,00000008
800C1870,0000007C
800C18EC,000000C4
800C19B0,0000007C
800C1A2C,0000007C
800C1AA8,00000014
800C1ABC,00000018
800C1AD4,00000074
800C1B48,00000040
800C1B88,00000088
800C1C10,00000290
800C1EA0,000000E8
800C1F88,00000190
800C2118,00000040
800C2158,00000084
800C21DC,00000330
800C250C,000000AC
800C25B8,000000E4
800C269C,00000084
800C2720,000000BC
800C27DC,00000208
800C29E4,000000F4
800C2AD8,000001C0
800C2C98,00000188
800C2E20,000000B8
800C2ED8,00000084
800C2F5C,000000BC
800C3018,0000005C
800C3074,0000004C
800C30C0,00000010
800C30D0,00000010
800C30E0,00000010
800C30F0,00000010
800C3100,00000010
800C3110,00000010
800C3120,00000008
800C3128,00000008
800C3130,00000008
800C3138,00000008
800C3140,00000008
800C3148,00000040
800C3188,00000078
800C3200,0000015C
800C335C,00000068
800C33C4,0000006C
800C3430,00000074
800C34A4,00000040
800C34E4,00000094
800C3578,00000098
800C3610,00000074
800C3684,00000090
800C3714,000000C4
800C37D8,000000BC
800C3894,000000CC
800C3960,000000EC
800C3A4C,00000180
800C3BCC,000000D8
800C3CA4,00000090
800C3D34,0000007C
800C3DB0,00000054
800C3E04,00000088
800C3E8C,0000005C
800C3EE8,0000006C
800C3F54,00000010
800C3F64,00000010
800C3F74,00000010
800C3F84,00000010
800C3F94,00000010
800C3FA4,00000010
800C3FB4,00000010
800C3FC4,00000010
800C3FD4,00000010
800C3FE4,00000010
800C3FF4,00000008
800C3FFC,00000008
800C4004,00000008
800C400C,00000008
800C4014,00000008
800C401C,00000008
800C4024,00000008
800C402C,00000008
800C4034,00000008
800C403C,00000008
800C4044,00000044
800C4088,0000005C
800C40E4,00000068
800C414C,00000008
800C4154,00000044
800C4198,00000050
800C41E8,00000058
800C4240,00000008
800C4248,00000020
800C4268,00000008
800C4270,00000008
800C4278,0000005C
800C42D4,00000074
800C4348,0000006C
800C43B4,0000006C
800C4420,0000006C
800C448C,0000019C
800C4628,0000000C
800C4634,00000060
800C4694,00000058
800C46EC,00000078
800C4764,00000050
800C47B4,00000050
800C4804,00000050
800C4854,00000068
800C48BC,00000064
800C4920,00000030
800C4950,00000040
800C4990,00000040
800C49D0,0000004C
800C4A1C,0000005C
800C4A78,000003C0
800C4E38,0000001C
800C4E54,00000040
800C4E94,00000024
800C4EB8,0000004C
800C4F04,0000008C
800C4F90,0000003C
800C4FCC,0000002C
800C4FF8,0000002C
800C5024,00000058
800C507C,00000008
800C5084,00000008
800C508C,000000B8
800C5144,00000004
800C5148,000000AC
800C51F4,0000006C
800C5260,0000004C
800C52AC,000000B0
800C535C,00000028
800C5384,00000058
800C53DC,000000C0
800C549C,00000114
800C55B0,00000034
800C55E4,00000028
800C560C,00000008
800C5614,00000008
800C561C,00000008
800C5624,00000008
800C562C,00000008
800C5634,00000044
800C5678,00000034
800C56AC,00000008
800C56B4,00000008
800C56BC,00000034
800C56F0,00000024
800C5714,00000098
800C57AC,00000240
800C59EC,00000060
800C5A4C,00000078
800C5AC4,00000060
800C5B24,0000005C
800C5B80,000000F0
800C5C70,00000058
800C5CC8,00000098
800C5D60,0000005C
800C5DBC,00000034
800C5DF0,0000000C
800C5DFC,00000008
800C5E04,00000028
800C5E2C,0000006C
800C5E98,00000058
800C5EF0,0000005C
800C5F4C,00000134
800C6080,00000010
800C6090,000000CC
800C615C,000000BC
800C6218,000000C4
800C62DC,000000C0
800C639C,00000038
800C63D4,000000D4
800C64A8,000000D0
800C6578,000000A8
800C6620,000000CC
800C66EC,000000C4
800C67B0,00000038
800C67E8,00000070
800C6858,00000070
800C68C8,00000008
800C68D0,00000008
800C68D8,00000020
800C68F8,00000008
800C6900,00000034
800C6934,00000014
800C6948,0000004C
800C6994,000000A4
800C6A38,00000090
800C6AC8,00000008
800C6AD0,00000008
800C6AD8,00000008
800C6AE0,00000084
800C6B64,0000000C
800C6B70,00000008
800C6B78,0000000C
800C6B84,00000010
800C6B94,00000010
800C6BA4,000000E8
800C6C8C,000000E0
800C6D6C,00000094
800C6E00,0000001C
800C6E1C,00000098
800C6EB4,000001B0
800C7064,0000004C
800C70B0,00000078
800C7128,00000078
800C71A0,00000074
800C7214,00000008
800C721C,0000001C
800C7238,0000009C
800C72D4,000000AC
800C7380,0000009C
800C741C,0000009C
800C74B8,000000F4
800C75AC,000000F4
800C76A0,000000A4
800C7744,000000A0
800C77E4,000000A0
800C7884,000000A4
800C7928,000000A4
800C79CC,000000A4
800C7A70,000000A4
800C7B14,0000009C
800C7BB0,0000008C
800C7C3C,0000001C
800C7C58,0000004C
800C7CA4,00000050
800C7CF4,00000014
800C7D08,00000014
800C7D1C,0000000C
800C7D28,00000014
800C7D3C,00000024
800C7D60,00000070
800C7DD0,000000AC
800C7E7C,00000010
800C7E8C,00000058
800C7EE4,000000B8
800C7F9C,000000B0
800C804C,000000B4
800C8100,00000054
800C8154,00000018
800C816C,00000018
800C8184,00000024
800C81A8,00000010
800C81B8,00000010
800C81C8,00000010
800C81D8,00000010
800C81E8,00000008
800C81F0,00000180
800C8370,00000288
800C85F8,000000C0
800C86B8,0000002C
800C86E4,000000BC
800C87A0,00000130
800C88D0,000001C8
800C8A98,0000004C
800C8AE4,00000010
800C8AF4,00000010
800C8B04,00000024
800C8B28,00000004
800C8B2C,00000004
800C8B30,00000004
800C8B34,00000004
800C8B38,00000004
800C8B3C,0000005C
800C8B98,00000010
800C8BA8,00000058
800C8C00,00000004
800C8C04,00000004
800C8C08,0000005C
800C8C64,000000E8
800C8D4C,00000054
800C8DA0,00000054
800C8DF4,0000000C
800C8E00,00000040
800C8E40,000001F8
800C9038,00000040
800C9078,00000030
800C90A8,00000068
800C9110,00000074
800C9184,00000068
800C91EC,0000005C
800C9248,00000038
800C9280,00000184
800C9404,000000B0
800C94B4,00000038
800C94EC,00000068
800C9554,00000038
800C958C,00000038
800C95C4,00000080
800C9644,00000064
800C96A8,00000064
800C970C,00000064
800C9770,000002A0
800C9A10,00000040
800C9A50,00000050
800C9AA0,0000000C
800C9AAC,00000030
800C9ADC,00000068
800C9B44,00000014
800C9B58,0000000C
800C9B64,00000020
800C9B84,00000040
800C9BC4,00000028
800C9BEC,00000074
800C9C60,000000F4
800C9D54,0000007C
800C9DD0,00000060
800C9E30,0000007C
800C9EAC,000000B4
800C9F60,00000078
800C9FD8,00000010
800C9FE8,00000024
800CA00C,0000012C
800CA138,00000124
800CA25C,00000178
800CA3D4,00000008
800CA3DC,00000050
800CA42C,00000008
800CA434,00000090
800CA4C4,0000005C
800CA520,0000005C
800CA57C,00000038
800CA5B4,00000088
800CA63C,000000FC
800CA738,00000008
800CA740,00000008
800CA748,00000058
800CA7A0,00000074
800CA814,00000044
800CA858,00000234
800CAA8C,00000008
800CAA94,00000064
800CAAF8,00000068
800CAB60,0000003C
800CAB9C,00000008
800CABA4,00000164
800CAD08,0000002C
800CAD34,00000010
800CAD44,00000010
800CAD54,00000008
800CAD5C,00000004
800CAD60,00000040
800CADA0,00000030
800CADD0,00000068
800CAE38,0000001C
800CAE54,00000008
800CAE5C,0000003C
800CAE98,00000074
800CAF0C,0000004C
800CAF58,00000024
800CAF7C,00000014
800CAF90,0000003C
800CAFCC,00000044
800CB010,000000B8
800CB0C8,00000084
800CB14C,0000005C
800CB1A8,00000058
800CB200,00000020
800CB220,00000094
800CB2B4,00000024
800CB2D8,00000014
800CB2EC,000000E8
800CB3D4,000000FC
800CB4D0,00000050
800CB520,000000F4
800CB614,00000048
800CB65C,00000024
800CB680,0000007C
800CB6FC,0000006C
800CB768,0000008C
800CB7F4,000000A4
800CB898,0000001C
800CB8B4,00000068
800CB91C,00000060
800CB97C,0000008C
800CBA08,00000014
800CBA1C,00000008
800CBA24,00000008
800CBA2C,00000008
800CBA34,00000014
800CBA48,00000008
800CBA50,00000040
800CBA90,0000001C
800CBAAC,00000040
800CBAEC,00000064
800CBB50,00000084
800CBBD4,00000098
800CBC6C,00000068
800CBCD4,00000070
800CBD44,00000004
800CBD48,0000009C
800CBDE4,00000058
800CBE3C,00000050
800CBE8C,00000010
800CBE9C,00000010
800CBEAC,00000010
800CBEBC,00000010
800CBECC,00000010
800CBEDC,00000008
800CBEE4,00000008
800CBEEC,00000008
800CBEF4,00000004
800CBEF8,00000008
800CBF00,0000007C
800CBF7C,00000058
800CBFD4,00000050
800CC024,00000150
800CC174,00000008
800CC17C,00000058
800CC1D4,0000002C
800CC200,00000010
800CC210,00000010
800CC220,00000004
800CC224,00000008
800CC22C,00000050
800CC27C,0000007C
800CC2F8,00000350
800CC648,0000000C
800CC654,0000000C
800CC660,00000098
800CC6F8,0000006C
800CC764,00000080
800CC7E4,00000068
800CC84C,00000120
800CC96C,00000068
800CC9D4,00000008
800CC9DC,00000008
800CC9E4,00000008
800CC9EC,00000034
800CCA20,00000010
800CCA30,00000010
800CCA40,00000010
800CCA50,00000008
800CCA58,00000008
800CCA60,00000008
800CCA68,00000040
800CCAA8,00000030
800CCAD8,00000068
800CCB40,0000005C
800CCB9C,00000064
800CCC00,000001F4
800CCDF4,00000054
800CCE48,00000054
800CCE9C,00000008
800CCEA4,000001C4
800CD068,000002AC
800CD314,00000094
800CD3A8,000000B4
800CD45C,00000098
800CD4F4,00000238
800CD72C,0000003C
800CD768,00000010
800CD778,00000010
800CD788,00000010
800CD798,00000010
800CD7A8,0000004C
800CD7F4,00000008
800CD7FC,00000008
800CD804,00000008
800CD80C,00000008
800CD814,00000030
800CD844,00000068
800CD8AC,0000005C
800CD908,000000A4
800CD9AC,000002B4
800CDC60,000000A4
800CDD04,000000C8
800CDDCC,000000E8
800CDEB4,00000178
800CE02C,00000068
800CE094,00000084
800CE118,000000C4
800CE1DC,0000008C
800CE268,000000EC
800CE354,0000019C
800CE4F0,000000B4
800CE5A4,000000B4
800CE658,00000118
800CE770,00000070
800CE7E0,00000118
800CE8F8,00000110
800CEA08,00000088
800CEA90,00000090
800CEB20,000000A4
800CEBC4,00000068
800CEC2C,00000068
800CEC94,000000A8
800CED3C,000001D4
800CEF10,000001C0
800CF0D0,000000C4
800CF194,000000C8
800CF25C,000000C0
800CF31C,00000084
800CF3A0,00000114
800CF4B4,00000058
800CF50C,00000068
800CF574,00000070
800CF5E4,000001FC
800CF7E0,000000E8
800CF8C8,0000006C
800CF934,000000A0
800CF9D4,0000005C
800CFA30,000000AC
800CFADC,00000010
800CFAEC,00000010
800CFAFC,00000010
800CFB0C,00000010
800CFB1C,00000010
800CFB2C,00000010
800CFB3C,00000010
800CFB4C,00000010
800CFB5C,00000010
800CFB6C,00000010
800CFB7C,00000010
800CFB8C,00000010
800CFB9C,00000010
800CFBAC,00000010
800CFBBC,00000010
800CFBCC,00000010
800CFBDC,00000010
800CFBEC,00000010
800CFBFC,00000008
800CFC04,00000040
800CFC44,00000008
800CFC4C,00000008
800CFC54,00000008
800CFC5C,00000008
800CFC64,00000008
800CFC6C,00000008
800CFC74,00000008
800CFC7C,00000008
800CFC84,00000008
800CFC8C,00000008
800CFC94,00000008
800CFC9C,00000008
800CFCA4,00000008
800CFCAC,00000008
800CFCB4,00000008
800CFCBC,00000008
800CFCC4,00000008
800CFCCC,00000054
800CFD20,00000064
800CFD84,000001D8
800CFF5C,00000040
800CFF9C,000000B8
800D0054,00000038
800D008C,00000054
800D00E0,000000D4
800D01B4,000002B0
800D0464,000000A4
800D0508,000000A0
800D05A8,000000C8
800D0670,0000010C
800D077C,000001A4
800D0920,00000090
800D09B0,0000009C
800D0A4C,000000F0
800D0B3C,00000174
800D0CB0,00000008
800D0CB8,000002E0
800D0F98,0000016C
800D1104,00000078
800D117C,00000008
800D1184,000000DC
800D1260,00000028
800D1288,00000008
800D1290,0000008C
800D131C,00000034
800D1350,000000BC
800D140C,00000010
800D141C,00000010
800D142C,00000010
800D143C,00000010
800D144C,00000010
800D145C,00000010
800D146C,00000010
800D147C,00000010
800D148C,00000010
800D149C,00000010
800D14AC,00000010
800D14BC,00000010
800D14CC,00000010
800D14DC,00000010
800D14EC,00000010
800D14FC,00000010
800D150C,00000010
800D151C,00000010
800D152C,00000010
800D153C,00000010
800D154C,00000008
800D1554,00000008
800D155C,00000054
800D15B0,00000008
800D15B8,00000008
800D15C0,00000008
800D15C8,00000008
800D15D0,00000008
800D15D8,00000008
800D15E0,00000070
800D1650,0000004C
800D169C,00000008
800D16A4,00000068
800D170C,00000044
800D1750,0000004C
800D179C,0000007C
800D1818,0000008C
800D18A4,00000008
800D18AC,00000008
800D18B4,00000070
800D1924,00000008
800D192C,00000010
800D193C,00000008
800D1944,00000040
800D1984,00000068
800D19EC,00000068
800D1A54,00000058
800D1AAC,000000DC
800D1B88,00000008
800D1B90,00000008
800D1B98,00000230
800D1DC8,000000D4
800D1E9C,00000004
800D1EA0,00000060
800D1F00,000000E4
800D1FE4,0000013C
800D2120,00000068
800D2188,00000004
800D218C,00000050
800D21DC,00000044
800D2220,0000011C
800D233C,00000004
800D2340,00000108
800D2448,0000003C
800D2484,0000020C
800D2690,000000D0
800D2760,000002C0
800D2A20,000001F4
800D2C14,00000174
800D2D88,00000078
800D2E00,000000C0
800D2EC0,000000A0
800D2F60,000000A4
800D3004,000000E4
800D30E8,0000019C
800D3284,000000BC
800D3340,00000090
800D33D0,00000048
800D3418,00000014
800D342C,0000005C
800D3488,00000038
800D34C0,00000070
800D3530,00000028
800D3558,0000030C
800D3864,0000007C
800D38E0,00000004
800D38E4,0000005C
800D3940,00000074
800D39B4,00000054
800D3A08,00000050
800D3A58,000000CC
800D3B24,00000170
800D3C94,000000F8
800D3D8C,00000008
800D3D94,00000008
800D3D9C,00000104
800D3EA0,00000078
800D3F18,00000160
800D4078,000000B4
800D412C,000000FC
800D4228,0000007C
800D42A4,00000090
800D4334,0000010C
800D4440,000000A0
800D44E0,00000164
800D4644,000000B4
800D46F8,00000108
800D4800,00000088
800D4888,0000003C
800D48C4,00000054
800D4918,00000054
800D496C,0000000C
800D4978,00000158
800D4AD0,00000048
800D4B18,0000005C
800D4B74,00000034
800D4BA8,00000010
800D4BB8,00000010
800D4BC8,00000010
800D4BD8,00000050
800D4C28,00000008
800D4C30,00000008
800D4C38,00000040
800D4C78,00000068
800D4CE0,00000068
800D4D48,0000005C
800D4DA4,00000124
800D4EC8,00000054
800D4F1C,0000039C
800D52B8,00000004
800D52BC,00000090
800D534C,00000054
800D53A0,000000D8
800D5478,00000178
800D55F0,000000A8
800D5698,0000008C
800D5724,0000004C
800D5770,00000010
800D5780,00000010
800D5790,00000010
800D57A0,00000010
800D57B0,00000010
800D57C0,00000010
800D57D0,00000008
800D57D8,00000008
800D57E0,00000008
800D57E8,00000048
800D5830,00000008
800D5838,00000048
800D5880,00000040
800D58C0,00000030
800D58F0,00000068
800D5958,0000005C
800D59B4,0000005C
800D5A10,00000258
800D5C68,00000008
800D5C70,00000060
800D5CD0,000002A4
800D5F74,0000011C
800D6090,00000028
800D60B8,00000008
800D60C0,00000008
800D60C8,000000A4
800D616C,000000D8
800D6244,00000064
800D62A8,000000B4
800D635C,0000006C
800D63C8,000000B0
800D6478,00000140
800D65B8,000000DC
800D6694,000000AC
800D6740,000000B8
800D67F8,00000068
800D6860,00000174
800D69D4,00000008
800D69DC,00000244
800D6C20,000002C4
800D6EE4,00000008
800D6EEC,00000038
800D6F24,000000B4
800D6FD8,00000010
800D6FE8,00000010
800D6FF8,00000010
800D7008,00000010
800D7018,00000010
800D7028,00000010
800D7038,00000010
800D7048,00000010
800D7058,00000010
800D7068,00000010
800D7078,00000010
800D7088,00000010
800D7098,00000010
800D70A8,00000010
800D70B8,00000010
800D70C8,00000010
800D70D8,00000010
800D70E8,00000010
800D70F8,00000010
800D7108,00000008
800D7110,00000008
800D7118,00000008
800D7120,00000054
800D7174,00000008
800D717C,00000008
800D7184,00000008
800D718C,00000008
800D7194,00000070
800D7204,0000005C
800D7260,0000004C
800D72AC,0000005C
800D7308,00000008
800D7310,0000005C
800D736C,00000068
800D73D4,00000044
800D7418,00000008
800D7420,0000007C
800D749C,00000010
800D74AC,00000008
800D74B4,00000008
800D74BC,00000008
800D74C4,0000005C
800D7520,00000008
800D7528,00000008
800D7530,00000070
800D75A0,00000008
800D75A8,00000010
800D75B8,00000008
800D75C0,00000030
800D75F0,00000068
800D7658,00000058
800D76B0,00000028
800D76D8,00000098
800D7770,000002CC
800D7A3C,0000008C
800D7AC8,00000068
800D7B30,00000048
800D7B78,00000054
800D7BCC,00000330
800D7EFC,00000110
800D800C,00000028
800D8034,00000008
800D803C,000000A4
800D80E0,000000B4
800D8194,000000A0
800D8234,0000006C
800D82A0,00000218
800D84B8,0000012C
800D85E4,00000060
800D8644,00000158
800D879C,000000C4
800D8860,00000100
800D8960,0000009C
800D89FC,000000B8
800D8AB4,00000068
800D8B1C,00000018
800D8B34,000000C8
800D8BFC,00000014
800D8C10,00000174
800D8D84,00000008
800D8D8C,00000274
800D9000,00000320
800D9320,00000008
800D9328,00000038
800D9360,000000BC
800D941C,00000010
800D942C,00000010
800D943C,00000010
800D944C,00000010
800D945C,00000010
800D946C,00000010
800D947C,00000010
800D948C,00000010
800D949C,00000010
800D94AC,00000010
800D94BC,00000010
800D94CC,00000010
800D94DC,00000010
800D94EC,00000010
800D94FC,00000010
800D950C,00000010
800D951C,00000010
800D952C,00000010
800D953C,00000010
800D954C,00000010
800D955C,00000008
800D9564,00000008
800D956C,00000054
800D95C0,00000008
800D95C8,00000008
800D95D0,00000008
800D95D8,00000008
800D95E0,00000008
800D95E8,00000008
800D95F0,00000070
800D9660,00000008
800D9668,00000008
800D9670,00000008
800D9678,00000068
800D96E0,00000044
800D9724,00000008
800D972C,0000007C
800D97A8,00000008
800D97B0,00000010
800D97C0,00000008
800D97C8,00000008
800D97D0,00000008
800D97D8,00000070
800D9848,00000008
800D9850,00000010
800D9860,00000008
800D9868,00000030
800D9898,00000068
800D9900,00000058
800D9958,0000005C
800D99B4,00000060
800D9A14,00000058
800D9A6C,00000094
800D9B00,0000002C
800D9B2C,0000000C
800D9B38,00000044
800D9B7C,0000005C
800D9BD8,00000044
800D9C1C,00000054
800D9C70,00000058
800D9CC8,00000064
800D9D2C,00000058
800D9D84,00000068
800D9DEC,00000064
800D9E50,0000005C
800D9EAC,00000044
800D9EF0,00000010
800D9F00,00000010
800D9F10,00000010
800D9F20,00000010
800D9F30,00000010
800D9F40,00000008
800D9F48,00000008
800D9F50,00000008
800D9F58,00000008
800D9F60,00000008
800D9F68,0000009C
800DA004,00000130
800DA134,000000C0
800DA1F4,00000038
800DA22C,00000008
800DA234,0000000C
800DA240,000000AC
800DA2EC,00000008
800DA2F4,000000D8
800DA3CC,00000038
800DA404,00000038
800DA43C,00000068
800DA4A4,00000068
800DA50C,000000A0
800DA5AC,000000A0
800DA64C,00000084
800DA6D0,0000001C
800DA6EC,000000B4
800DA7A0,000000E4
800DA884,00000074
800DA8F8,000000B4
800DA9AC,000000D8
800DAA84,00000044
800DAAC8,0000005C
800DAB24,00000060
800DAB84,000000FC
800DAC80,00000008
800DAC88,0000000C
800DAC94,00000058
800DACEC,0000004C
800DAD38,00000010
800DAD48,00000010
800DAD58,00000010
800DAD68,00000010
800DAD78,00000010
800DAD88,00000010
800DAD98,00000008
800DADA0,00000008
800DADA8,00000004
800DADAC,00000008
800DADB4,00000008
800DADBC,00000008
800DADC4,0000005C
800DAE20,00000078
800DAE98,00000374
800DB20C,00000034
800DB240,00000058
800DB298,00000118
800DB3B0,00000150
800DB500,000000EC
800DB5EC,000001A4
800DB790,00000084
800DB814,0000008C
800DB8A0,00000074
800DB914,0000016C
800DBA80,000000BC
800DBB3C,00000114
800DBC50,000000C0
800DBD10,0000009C
800DBDAC,000000FC
800DBEA8,00000110
800DBFB8,00000150
800DC108,0000013C
800DC244,000000E8
800DC32C,00000054
800DC380,00000264
800DC5E4,0000009C
800DC680,00000144
800DC7C4,00000084
800DC848,00000010
800DC858,00000010
800DC868,00000010
800DC878,00000010
800DC888,00000010
800DC898,00000010
800DC8A8,00000010
800DC8B8,00000010
800DC8C8,00000010
800DC8D8,00000010
800DC8E8,00000010
800DC8F8,00000010
800DC908,00000010
800DC918,00000018
800DC930,00000008
800DC938,00000008
800DC940,00000008
800DC948,00000008
800DC950,00000008
800DC958,00000008
800DC960,00000008
800DC968,00000008
800DC970,00000008
800DC978,00000008
800DC980,00000008
800DC988,00000008
800DC990,00000008
800DC998,00000060
800DC9F8,0000014C
800DCB44,0000003C
800DCB80,00000034
800DCBB4,0000003C
800DCBF0,00000054
800DCC44,00000088
800DCCCC,000000DC
800DCDA8,00000008
800DCDB0,00000008
800DCDB8,0000004C
800DCE04,00000170
800DCF74,000000F4
800DD068,0000005C
800DD0C4,00000034
800DD0F8,00000010
800DD108,00000010
800DD118,00000010
800DD128,00000008
800DD130,00000008
800DD138,00000008
800DD140,000000C4
800DD204,00000424
800DD628,00000008
800DD630,00000004
800DD634,00000074
800DD6A8,0000004C
800DD6F4,00000050
800DD744,00000060
800DD7A4,0000021C
800DD9C0,000000B4
800DDA74,0000012C
800DDBA0,00000174
800DDD14,00000164
800DDE78,000000FC
800DDF74,00000130
800DE0A4,00000094
800DE138,00000220
800DE358,00000118
800DE470,000001F0
800DE660,000000DC
800DE73C,00000180
800DE8BC,000000BC
800DE978,000001F8
800DEB70,00000208
800DED78,00000240
800DEFB8,000001AC
800DF164,000000E0
800DF244,000000A4
800DF2E8,0000017C
800DF464,000000E0
800DF544,0000005C
800DF5A0,00000094
800DF634,00000010
800DF644,00000010
800DF654,00000010
800DF664,00000010
800DF674,00000010
800DF684,00000010
800DF694,00000010
800DF6A4,00000010
800DF6B4,00000010
800DF6C4,00000010
800DF6D4,00000010
800DF6E4,00000010
800DF6F4,00000010
800DF704,00000010
800DF714,00000010
800DF724,00000018
800DF73C,00000010
800DF74C,00000008
800DF754,00000008
800DF75C,00000008
800DF764,00000030
800DF794,00000008
800DF79C,00000008
800DF7A4,00000008
800DF7AC,00000008
800DF7B4,00000004
800DF7B8,00000008
800DF7C0,00000008
800DF7C8,00000008
800DF7D0,00000008
800DF7D8,00000008
800DF7E0,00000008
800DF7E8,00000008
800DF7F0,00000008
800DF7F8,00000040
800DF838,00000068
800DF8A0,00000068
800DF908,0000005C
800DF964,00000070
800DF9D4,0000029C
800DFC70,000000C0
800DFD30,00000018
800DFD48,00000018
800DFD60,0000006C
800DFDCC,00000144
800DFF10,00000068
800DFF78,00000034
800DFFAC,00000018
800DFFC4,0000002C
800DFFF0,00000010
800E0000,00000010
800E0010,00000008
800E0018,00000008
800E0020,00000040
800E0060,00000030
800E0090,00000068
800E00F8,0000005C
800E0154,000000E8
800E023C,00000180
800E03BC,00000004
800E03C0,000000BC
800E047C,00000170
800E05EC,000000D8
800E06C4,00000084
800E0748,000000B0
800E07F8,00000070
800E0868,00000080
800E08E8,00000080
800E0968,00000104
800E0A6C,00000184
800E0BF0,00000150
800E0D40,000000F4
800E0E34,000000BC
800E0EF0,0000013C
800E102C,00000084
800E10B0,00000054
800E1104,00000074
800E1178,00000078
800E11F0,00000064
800E1254,0000003C
800E1290,00000060
800E12F0,00000088
800E1378,00000074
800E13EC,000000C8
800E14B4,00000110
800E15C4,0000022C
800E17F0,000000FC
800E18EC,0000010C
800E19F8,000000C4
800E1ABC,000000A0
800E1B5C,000000C0
800E1C1C,000000E8
800E1D04,0000034C
800E2050,000000D0
800E2120,000000C0
800E21E0,000000C0
800E22A0,000000B0
800E2350,00000094
800E23E4,00000008
800E23EC,000000D0
800E24BC,000000BC
800E2578,00000048
800E25C0,00000050
800E2610,00000058
800E2668,000000BC
800E2724,000000BC
800E27E0,0000006C
800E284C,000000A0
800E28EC,0000005C
800E2948,00000090
800E29D8,00000078
800E2A50,0000009C
800E2AEC,00000010
800E2AFC,00000010
800E2B0C,00000010
800E2B1C,00000010
800E2B2C,00000010
800E2B3C,00000010
800E2B4C,00000010
800E2B5C,00000010
800E2B6C,00000010
800E2B7C,00000010
800E2B8C,00000010
800E2B9C,00000010
800E2BAC,00000010
800E2BBC,00000010
800E2BCC,00000010
800E2BDC,00000010
800E2BEC,00000008
800E2BF4,00000008
800E2BFC,00000008
800E2C04,00000008
800E2C0C,00000018
800E2C24,00000010
800E2C34,00000008
800E2C3C,00000008
800E2C44,00000008
800E2C4C,00000008
800E2C54,00000008
800E2C5C,00000008
800E2C64,00000008
800E2C6C,00000008
800E2C74,00000008
800E2C7C,00000008
800E2C84,00000008
800E2C8C,00000084
800E2D10,00000040
800E2D50,00000068
800E2DB8,00000068
800E2E20,0000005C
800E2E7C,00000058
800E2ED4,0000001C
800E2EF0,00000094
800E2F84,00000078
800E2FFC,000000BC
800E30B8,00000158
800E3210,00000048
800E3258,000000B0
800E3308,00000090
800E3398,000000A4
800E343C,0000008C
800E34C8,00000068
800E3530,000001DC
800E370C,000000A8
800E37B4,0000007C
800E3830,000000D8
800E3908,00000218
800E3B20,000000B0
800E3BD0,000000A8
800E3C78,00000110
800E3D88,000000C8
800E3E50,000002FC
800E414C,00000054
800E41A0,000000F8
800E4298,000000A0
800E4338,00000164
800E449C,0000008C
800E4528,000000F4
800E461C,00000238
800E4854,00000074
800E48C8,0000004C
800E4914,00000010
800E4924,00000010
800E4934,00000010
800E4944,00000010
800E4954,00000010
800E4964,00000010
800E4974,00000008
800E497C,00000008
800E4984,00000008
800E498C,00000008
800E4994,00000008
800E499C,00000008
800E49A4,0000006C
800E4A10,0000010C
800E4B1C,00000054
800E4B70,000000A4
800E4C14,000001B4
800E4DC8,000000F8
800E4EC0,000000A8
800E4F68,000000CC
800E5034,00000204
800E5238,0000007C
800E52B4,00000068
800E531C,0000008C
800E53A8,00000124
800E54CC,00000094
800E5560,00000214
800E5774,00000038
800E57AC,00000094
800E5840,000000CC
800E590C,00000084
800E5990,00000084
800E5A14,0000008C
800E5AA0,00000008
800E5AA8,00000078
800E5B20,00000118
800E5C38,00000080
800E5CB8,0000009C
800E5D54,00000084
800E5DD8,00000100
800E5ED8,00000100
800E5FD8,0000005C
800E6034,00000074
800E60A8,00000098
800E6140,0000013C
800E627C,000000EC
800E6368,000000C4
800E642C,000000EC
800E6518,00000094
800E65AC,00000134
800E66E0,00000064
800E6744,0000006C
800E67B0,00000088
800E6838,000000A0
800E68D8,000000BC
800E6994,000000BC
800E6A50,00000084
800E6AD4,00000058
800E6B2C,0000005C
800E6B88,000000B4
800E6C3C,00000010
800E6C4C,00000010
800E6C5C,00000010
800E6C6C,00000010
800E6C7C,00000010
800E6C8C,00000010
800E6C9C,00000010
800E6CAC,00000010
800E6CBC,00000010
800E6CCC,00000010
800E6CDC,00000010
800E6CEC,00000010
800E6CFC,00000010
800E6D0C,00000010
800E6D1C,00000010
800E6D2C,00000010
800E6D3C,00000010
800E6D4C,00000010
800E6D5C,00000010
800E6D6C,00000008
800E6D74,00000008
800E6D7C,00000008
800E6D84,00000008
800E6D8C,00000008
800E6D94,00000008
800E6D9C,00000008
800E6DA4,00000008
800E6DAC,00000008
800E6DB4,00000008
800E6DBC,00000008
800E6DC4,00000008
800E6DCC,00000008
800E6DD4,00000008
800E6DDC,00000008
800E6DE4,00000008
800E6DEC,00000008
800E6DF4,00000008
800E6DFC,00000008
800E6E04,00000004
800E6E08,00000058
800E6E60,00000058
800E6EB8,00000024
800E6EDC,00000090
800E6F6C,000002BC
800E7228,00000004
800E722C,00000078
800E72A4,00000098
800E733C,00000488
800E77C4,000000F0
800E78B4,00000104
800E79B8,000001AC
800E7B64,000001D4
800E7D38,000001CC
800E7F04,000000E0
800E7FE4,0000009C
800E8080,000001F0
800E8270,000001C4
800E8434,000000DC
800E8510,00000128
800E8638,00000150
800E8788,000000F4
800E887C,00000040
800E88BC,00000040
800E88FC,0000003C
800E8938,00000064
800E899C,00000064
800E8A00,0000004C
800E8A4C,00000090
800E8ADC,00000088
800E8B64,000000E8
800E8C4C,00000040
800E8C8C,000000A0
800E8D2C,00000010
800E8D3C,00000088
800E8DC4,0000005C
800E8E20,000000A0
800E8EC0,00000058
800E8F18,000000AC
800E8FC4,000002E4
800E92A8,000001C8
800E9470,000000B4
800E9524,00000010
800E9534,00000010
800E9544,00000010
800E9554,00000010
800E9564,00000010
800E9574,00000010
800E9584,00000010
800E9594,00000010
800E95A4,00000010
800E95B4,00000010
800E95C4,00000010
800E95D4,00000010
800E95E4,00000010
800E95F4,00000010
800E9604,00000010
800E9614,00000010
800E9624,00000010
800E9634,00000010
800E9644,00000010
800E9654,00000044
800E9698,00000008
800E96A0,00000008
800E96A8,00000008
800E96B0,00000008
800E96B8,00000008
800E96C0,00000008
800E96C8,00000008
800E96D0,00000008
800E96D8,00000008
800E96E0,00000008
800E96E8,00000008
800E96F0,00000008
800E96F8,00000008
800E9700,00000008
800E9708,00000008
800E9710,00000008
800E9718,00000010
800E9728,00000008
800E9730,00000008
800E9738,00000008
800E9740,00000008
800E9748,00000120
800E9868,00000060
800E98C8,00000060
800E9928,0000007C
800E99A4,00000058
800E99FC,00000080
800E9A7C,0000014C
800E9BC8,00000080
800E9C48,000000A0
800E9CE8,00000074
800E9D5C,0000016C
800E9EC8,000000CC
800E9F94,00000068
800E9FFC,000000B4
800EA0B0,000000BC
800EA16C,000000B0
800EA21C,000000F8
800EA314,0000005C
800EA370,0000004C
800EA3BC,00000010
800EA3CC,00000010
800EA3DC,00000010
800EA3EC,00000010
800EA3FC,00000010
800EA40C,00000010
800EA41C,00000008
800EA424,00000008
800EA42C,00000008
800EA434,00000008
800EA43C,00000008
800EA444,00000044
800EA488,00000058
800EA4E0,00000104
800EA5E4,00000054
800EA638,000000B8
800EA6F0,00000198
800EA888,00000054
800EA8DC,00000070
800EA94C,0000005C
800EA9A8,00000018
800EA9C0,00000008
800EA9C8,00000064
800EAA2C,000000FC
800EAB28,00000268
800EAD90,00000084
800EAE14,00000120
800EAF34,00000160
800EB094,0000009C
800EB130,000000A8
800EB1D8,000000E8
800EB2C0,00000050
800EB310,00000054
800EB364,00000054
800EB3B8,00000014
800EB3CC,00000098
800EB464,00000004
800EB468,00000078
800EB4E0,0000004C
800EB52C,00000050
800EB57C,00000050
800EB5CC,000000FC
800EB6C8,00000078
800EB740,000000A4
800EB7E4,00000048
800EB82C,0000011C
800EB948,000000DC
800EBA24,0000006C
800EBA90,0000005C
800EBAEC,00000010
800EBAFC,00000010
800EBB0C,00000010
800EBB1C,00000010
800EBB2C,00000010
800EBB3C,00000010
800EBB4C,00000010
800EBB5C,00000010
800EBB6C,00000008
800EBB74,00000008
800EBB7C,00000008
800EBB84,00000004
800EBB88,00000008
800EBB90,00000008
800EBB98,00000040
800EBBD8,00000004
800EBBDC,00000030
800EBC0C,00000068
800EBC74,0000005C
800EBCD0,00000058
800EBD28,00000118
800EBE40,00000038
800EBE78,00000068
800EBEE0,000001DC
800EC0BC,00000070
800EC12C,00000068
800EC194,000000BC
800EC250,000000A8
800EC2F8,0000007C
800EC374,000000AC
800EC420,000000A0
800EC4C0,000000E8
800EC5A8,00000110
800EC6B8,000000B0
800EC768,0000002C
800EC794,00000010
800EC7A4,00000010
800EC7B4,00000008
800EC7BC,00000008
800EC7C4,0000001C
800EC7E0,0000009C
800EC87C,0000017C
800EC9F8,0000005C
800ECA54,0000006C
800ECAC0,00000048
800ECB08,00000004
800ECB0C,000000A8
800ECBB4,0000009C
800ECC50,00000080
800ECCD0,000000A0
800ECD70,00000148
800ECEB8,00000060
800ECF18,000000A0
800ECFB8,0000005C
800ED014,0000009C
800ED0B0,00000060
800ED110,000001A8
800ED2B8,0000010C
800ED3C4,000000D8
800ED49C,000000F0
800ED58C,00000084
800ED610,000000A0
800ED6B0,000000DC
800ED78C,000000B4
800ED840,0000005C
800ED89C,00000010
800ED8AC,00000010
800ED8BC,00000010
800ED8CC,00000010
800ED8DC,00000010
800ED8EC,00000010
800ED8FC,00000010
800ED90C,00000010
800ED91C,00000008
800ED924,00000008
800ED92C,00000008
800ED934,00000008
800ED93C,00000008
800ED944,00000008
800ED94C,00000008
800ED954,00000008
800ED95C,00000098
800ED9F4,00000224
800EDC18,0000004C
800EDC64,0000019C
800EDE00,00000078
800EDE78,00000104
800EDF7C,00000108
800EE084,00000104
800EE188,000000F4
800EE27C,00000088
800EE304,000000C8
800EE3CC,000000C4
800EE490,00000144
800EE5D4,000000E0
800EE6B4,00000154
800EE808,00000084
800EE88C,000000E0
800EE96C,000000BC
800EEA28,000000A4
800EEACC,00000090
800EEB5C,000000A8
800EEC04,00000080
800EEC84,000000B0
800EED34,00000240
800EEF74,00000154
800EF0C8,000000A0
800EF168,00000048
800EF1B0,00000060
800EF210,00000060
800EF270,0000005C
800EF2CC,000000A0
800EF36C,0000005C
800EF3C8,0000007C
800EF444,00000010
800EF454,00000010
800EF464,00000010
800EF474,00000010
800EF484,00000010
800EF494,00000010
800EF4A4,00000010
800EF4B4,00000010
800EF4C4,00000010
800EF4D4,00000010
800EF4E4,00000010
800EF4F4,00000010
800EF504,00000008
800EF50C,00000018
800EF524,00000010
800EF534,00000008
800EF53C,00000008
800EF544,00000008
800EF54C,00000008
800EF554,00000008
800EF55C,00000008
800EF564,00000008
800EF56C,00000008
800EF574,00000008
800EF57C,00000008
800EF584,0000007C
800EF600,00000168
800EF768,00000038
800EF7A0,000000A8
800EF848,00000008
800EF850,00000090
800EF8E0,00000078
800EF958,000000EC
800EFA44,0000008C
800EFAD0,0000009C
800EFB6C,00000110
800EFC7C,000000FC
800EFD78,000000A4
800EFE1C,000000B4
800EFED0,000000C0
800EFF90,000000F0
800F0080,000000A4
800F0124,00000218
800F033C,00000230
800F056C,00000110
800F067C,0000005C
800F06D8,00000160
800F0838,00000058
800F0890,00000178
800F0A08,000000CC
800F0AD4,00000088
800F0B5C,00000110
800F0C6C,000000D4
800F0D40,0000009C
800F0DDC,000000D8
800F0EB4,000000B8
800F0F6C,00000050
800F0FBC,00000058
800F1014,000000EC
800F1100,0000005C
800F115C,0000007C
800F11D8,00000010
800F11E8,00000010
800F11F8,00000010
800F1208,00000010
800F1218,00000010
800F1228,00000010
800F1238,00000010
800F1248,00000010
800F1258,00000010
800F1268,00000010
800F1278,00000010
800F1288,00000010
800F1298,00000010
800F12A8,00000008
800F12B0,00000008
800F12B8,00000008
800F12C0,00000008
800F12C8,00000044
800F130C,00000008
800F1314,00000008
800F131C,00000008
800F1324,00000008
800F132C,00000008
800F1334,00000008
800F133C,00000008
800F1344,00000114
800F1458,000001CC
800F1624,00000094
800F16B8,000000A0
800F1758,000001BC
800F1914,0000047C
800F1D90,00000008
800F1D98,00000110
800F1EA8,00000148
800F1FF0,00000140
800F2130,000001DC
800F230C,00000134
800F2440,00000144
800F2584,000001AC
800F2730,00000144
800F2874,00000150
800F29C4,00000130
800F2AF4,00000108
800F2BFC,000001E0
800F2DDC,000001C0
800F2F9C,000000D4
800F3070,00000060
800F30D0,00000080
800F3150,00000050
800F31A0,00000050
800F31F0,00000074
800F3264,000003AC
800F3610,00000008
800F3618,0000005C
800F3674,00000060
800F36D4,00000060
800F3734,00000144
800F3878,0000005C
800F38D4,000000F8
800F39CC,00000110
800F3ADC,000000D4
800F3BB0,000001D8
800F3D88,00000178
800F3F00,0000012C
800F402C,00000074
800F40A0,00000114
800F41B4,00000160
800F4314,000001A8
800F44BC,0000008C
800F4548,000000B0
800F45F8,000000B8
800F46B0,0000006C
800F471C,0000027C
800F4998,000000CC
800F4A64,00000068
800F4ACC,00000068
800F4B34,00000074
800F4BA8,00000130
800F4CD8,000000E4
800F4DBC,000001A0
800F4F5C,0000005C
800F4FB8,0000005C
800F5014,00000114
800F5128,00000010
800F5138,00000010
800F5148,00000010
800F5158,00000010
800F5168,00000010
800F5178,00000010
800F5188,00000010
800F5198,00000010
800F51A8,00000010
800F51B8,00000010
800F51C8,00000010
800F51D8,00000010
800F51E8,00000010
800F51F8,00000010
800F5208,00000010
800F5218,00000010
800F5228,00000010
800F5238,00000010
800F5248,00000010
800F5258,00000010
800F5268,00000010
800F5278,00000010
800F5288,00000010
800F5298,00000010
800F52A8,00000010
800F52B8,00000010
800F52C8,00000010
800F52D8,00000010
800F52E8,00000010
800F52F8,00000010
800F5308,00000010
800F5318,00000008
800F5320,0000000C
800F532C,00000008
800F5334,00000008
800F533C,0000000C
800F5348,00000008
800F5350,00000008
800F5358,00000008
800F5360,00000008
800F5368,00000008
800F5370,00000008
800F5378,00000008
800F5380,00000008
800F5388,00000008
800F5390,00000008
800F5398,00000008
800F53A0,00000008
800F53A8,00000008
800F53B0,00000008
800F53B8,00000044
800F53FC,00000008
800F5404,00000008
800F540C,00000008
800F5414,00000008
800F541C,00000008
800F5424,00000008
800F542C,00000008
800F5434,00000008
800F543C,00000008
800F5444,00000008
800F544C,00000008
800F5454,00000008
800F545C,00000008
800F5464,00000008
800F546C,00000008
800F5474,00000008
800F547C,00000008
800F5484,00000038
800F54BC,00000100
800F55BC,000003E8
800F59A4,000000A0
800F5A44,00000084
800F5AC8,00000058
800F5B20,0000000C
800F5B2C,000002A0
800F5DCC,00000160
800F5F2C,00000150
800F607C,000000D8
800F6154,00000088
800F61DC,00000004
800F61E0,000000D0
800F62B0,000000D8
800F6388,00000054
800F63DC,00000160
800F653C,00000140
800F667C,000001D0
800F684C,000000E8
800F6934,000000D0
800F6A04,000000A8
800F6AAC,00000140
800F6BEC,00000080
800F6C6C,0000008C
800F6CF8,000000A8
800F6DA0,00000090
800F6E30,00000078
800F6EA8,00000074
800F6F1C,00000070
800F6F8C,000000F0
800F707C,00000070
800F70EC,000000B0
800F719C,00000384
800F7520,00000074
800F7594,00000078
800F760C,000000C8
800F76D4,00000068
800F773C,0000024C
800F7988,00000234
800F7BBC,000000B0
800F7C6C,0000004C
800F7CB8,000000B4
800F7D6C,00000038
800F7DA4,00000004
800F7DA8,00000074
800F7E1C,0000005C
800F7E78,0000005C
800F7ED4,0000006C
800F7F40,00000010
800F7F50,00000010
800F7F60,00000010
800F7F70,00000010
800F7F80,00000010
800F7F90,00000010
800F7FA0,00000010
800F7FB0,00000010
800F7FC0,00000010
800F7FD0,00000010
800F7FE0,00000048
800F8028,00000008
800F8030,00000008
800F8038,00000008
800F8040,00000008
800F8048,00000008
800F8050,00000008
800F8058,00000008
800F8060,00000008
800F8068,00000008
800F8070,00000058
800F80C8,0000010C
800F81D4,00000560
800F8734,00000088
800F87BC,0000009C
800F8858,00000200
800F8A58,00000148
800F8BA0,00000228
800F8DC8,00000074
800F8E3C,000001D8
800F9014,000001D0
800F91E4,0000018C
800F9370,00000178
800F94E8,0000017C
800F9664,000000FC
800F9760,000000A8
800F9808,000000EC
800F98F4,000000FC
800F99F0,000002AC
800F9C9C,00000220
800F9EBC,0000014C
800FA008,00000134
800FA13C,00000180
800FA2BC,000000CC
800FA388,00000058
800FA3E0,00000070
800FA450,000000B8
800FA508,000000CC
800FA5D4,0000011C
800FA6F0,000000CC
800FA7BC,00000054
800FA810,000000C4
800FA8D4,00000120
800FA9F4,000000D4
800FAAC8,00000010
800FAAD8,00000010
800FAAE8,00000010
800FAAF8,00000010
800FAB08,00000010
800FAB18,00000010
800FAB28,00000010
800FAB38,00000010
800FAB48,00000010
800FAB58,00000010
800FAB68,00000010
800FAB78,00000010
800FAB88,00000010
800FAB98,00000010
800FABA8,00000010
800FABB8,00000010
800FABC8,00000010
800FABD8,00000008
800FABE0,00000048
800FAC28,00000008
800FAC30,00000008
800FAC38,00000008
800FAC40,00000008
800FAC48,00000008
800FAC50,00000008
800FAC58,00000008
800FAC60,00000008
800FAC68,00000008
800FAC70,00000010
800FAC80,00000008
800FAC88,00000008
800FAC90,00000008
800FAC98,00000008
800FACA0,00000008
800FACA8,00000008
800FACB0,00000008
800FACB8,00000008
800FACC0,00000008
800FACC8,00000040
800FAD08,00000068
800FAD70,00000068
800FADD8,00000060
800FAE38,00000070
800FAEA8,00000058
800FAF00,00000010
800FAF10,00000010
800FAF20,00000010
800FAF30,00000010
800FAF40,000000F0
800FB030,0000000C
800FB03C,00000080
800FB0BC,0000023C
800FB2F8,0000004C
800FB344,0000016C
800FB4B0,00000084
800FB534,00000094
800FB5C8,00000094
800FB65C,00000088
800FB6E4,000000E8
800FB7CC,000000B0
800FB87C,00000088
800FB904,00000104
800FBA08,000000A0
800FBAA8,00000078
800FBB20,00000098
800FBBB8,000001C0
800FBD78,00000084
800FBDFC,000000F0
800FBEEC,00000168
800FC054,00000084
800FC0D8,0000005C
800FC134,0000008C
800FC1C0,00000010
800FC1D0,00000010
800FC1E0,00000010
800FC1F0,00000010
800FC200,00000010
800FC210,00000010
800FC220,00000010
800FC230,00000010
800FC240,00000010
800FC250,00000010
800FC260,00000010
800FC270,00000010
800FC280,00000008
800FC288,00000008
800FC290,00000008
800FC298,00000008
800FC2A0,00000008
800FC2A8,00000008
800FC2B0,00000008
800FC2B8,00000040
800FC2F8,00000040
800FC338,00000008
800FC340,00000088
800FC3C8,00000238
800FC600,0000003C
800FC63C,00000174
800FC7B0,00000084
800FC834,000000C0
800FC8F4,000000AC
800FC9A0,000000CC
800FCA6C,0000007C
800FCAE8,00000090
800FCB78,0000004C
800FCBC4,000000A8
800FCC6C,000000E4
800FCD50,00000060
800FCDB0,000000C0
800FCE70,0000001C
800FCE8C,00000090
800FCF1C,000000D8
800FCFF4,000000A8
800FD09C,0000005C
800FD0F8,00000074
800FD16C,00000010
800FD17C,00000010
800FD18C,00000010
800FD19C,00000010
800FD1AC,00000010
800FD1BC,00000010
800FD1CC,00000010
800FD1DC,00000010
800FD1EC,00000018
800FD204,00000008
800FD20C,00000008
800FD214,00000008
800FD21C,00000008
800FD224,00000008
800FD22C,00000038
800FD264,00000038
800FD29C,00000008
800FD2A4,0000004C
800FD2F0,00000204
800FD4F4,00000040
800FD534,00000044
800FD578,00000008
800FD580,00000084
800FD604,000000B8
800FD6BC,00000158
800FD814,00000098
800FD8AC,00000090
800FD93C,00000114
800FDA50,000000B0
800FDB00,00000088
800FDB88,0000005C
800FDBE4,0000004C
800FDC30,00000010
800FDC40,00000010
800FDC50,00000010
800FDC60,00000010
800FDC70,00000010
800FDC80,00000010
800FDC90,00000008
800FDC98,00000008
800FDCA0,00000008
800FDCA8,00000008
800FDCB0,00000008
800FDCB8,00000008
800FDCC0,0000003C
800FDCFC,0000005C
800FDD58,00000094
800FDDEC,00000358
800FE144,00000050
800FE194,00000114
800FE2A8,00000068
800FE310,00000064
800FE374,000000E8
800FE45C,000000EC
800FE548,000000B0
800FE5F8,000000E0
800FE6D8,000000D8
800FE7B0,000000A4
800FE854,0000007C
800FE8D0,000000D4
800FE9A4,00000094
800FEA38,00000118
800FEB50,00000064
800FEBB4,000000F0
800FECA4,0000007C
800FED20,00000010
800FED30,00000010
800FED40,00000010
800FED50,00000010
800FED60,00000010
800FED70,00000010
800FED80,00000010
800FED90,00000010
800FEDA0,00000010
800FEDB0,00000010
800FEDC0,00000010
800FEDD0,00000010
800FEDE0,00000008
800FEDE8,00000008
800FEDF0,00000008
800FEDF8,00000008
800FEE00,00000008
800FEE08,00000008
800FEE10,00000008
800FEE18,00000008
800FEE20,00000008
800FEE28,00000008
800FEE30,00000008
800FEE38,00000008
800FEE40,00000030
800FEE70,00000068
800FEED8,00000058
800FEF30,0000006C
800FEF9C,00000034
800FEFD0,0000008C
800FF05C,00000054
800FF0B0,000000B8
800FF168,0000002C
800FF194,000001C8
800FF35C,00000114
800FF470,00000064
800FF4D4,000000AC
800FF580,000000B8
800FF638,000000E4
800FF71C,00000090
800FF7AC,000000E0
800FF88C,00000120
800FF9AC,000000A4
800FFA50,0000007C
800FFACC,000000D4
800FFBA0,00000094
800FFC34,00000408
8010003C,00000080
801000BC,00000080
8010013C,00000064
801001A0,0000032C
801004CC,00000044
80100510,00000058
80100568,00000144
801006AC,0000008C
80100738,0000003C
80100774,00000100
80100874,00000058
801008CC,0000007C
80100948,00000010
80100958,00000010
80100968,00000010
80100978,00000010
80100988,00000010
80100998,00000010
801009A8,00000010
801009B8,00000010
801009C8,00000010
801009D8,00000010
801009E8,00000010
801009F8,00000010
80100A08,00000008
80100A10,00000008
80100A18,00000008
80100A20,00000008
80100A28,00000008
80100A30,00000008
80100A38,00000008
80100A40,00000008
80100A48,00000008
80100A50,00000008
80100A58,00000008
80100A60,00000008
80100A68,00000070
80100AD8,00000228
80100D00,00000104
80100E04,00000054
80100E58,0000003C
80100E94,0000003C
80100ED0,000000E4
80100FB4,00000080
80101034,00000094
801010C8,00000128
801011F0,00000078
80101268,000000DC
80101344,00000088
801013CC,000000B4
80101480,000000A0
80101520,00000094
801015B4,0000011C
801016D0,00000088
80101758,00000098
801017F0,00000088
80101878,000001F0
80101A68,0000018C
80101BF4,000000B0
80101CA4,00000078
80101D1C,0000005C
80101D78,00000094
80101E0C,00000010
80101E1C,00000010
80101E2C,00000010
80101E3C,00000010
80101E4C,00000010
80101E5C,00000010
80101E6C,00000010
80101E7C,00000010
80101E8C,00000010
80101E9C,00000010
80101EAC,00000010
80101EBC,00000010
80101ECC,00000010
80101EDC,00000010
80101EEC,00000010
80101EFC,00000008
80101F04,00000008
80101F0C,00000008
80101F14,00000008
80101F1C,00000008
80101F24,00000008
80101F2C,00000040
80101F6C,00000008
80101F74,00000008
80101F7C,00000008
80101F84,00000008
80101F8C,00000008
80101F94,00000008
80101F9C,00000008
80101FA4,00000008
80101FAC,00000008
80101FB4,00000008
80101FBC,00000008
80101FC4,00000008
80101FCC,00000084
80102050,000002D8
80102328,000000A4
801023CC,00000054
80102420,00000060
80102480,00000118
80102598,00000070
80102608,0000014C
80102754,000000F4
80102848,000000D0
80102918,0000004C
80102964,00000054
801029B8,0000005C
80102A14,00000080
80102A94,0000005C
80102AF0,0000006C
80102B5C,000000A8
80102C04,00000078
80102C7C,00000068
80102CE4,00000080
80102D64,00000068
80102DCC,00000080
80102E4C,00000110
80102F5C,000000C0
8010301C,0000006C
80103088,00000080
80103108,000000BC
801031C4,00000058
8010321C,0000005C
80103278,0000006C
801032E4,00000010
801032F4,00000010
80103304,00000010
80103314,00000010
80103324,00000010
80103334,00000010
80103344,00000010
80103354,00000010
80103364,00000010
80103374,00000010
80103384,00000008
8010338C,00000008
80103394,00000008
8010339C,00000018
801033B4,00000010
801033C4,00000008
801033CC,00000008
801033D4,00000008
801033DC,00000008
801033E4,00000008
801033EC,00000008
801033F4,00000044
80103438,000000B8
801034F0,000000A8
80103598,00000004
8010359C,00000024
801035C0,0000007C
8010363C,00000090
801036CC,0000005C
80103728,00000018
80103740,00000008
80103748,00000008
80103750,00000098
801037E8,0000005C
80103844,00000008
8010384C,00000050
8010389C,0000007C
80103918,00000058
80103970,000000E4
80103A54,00000204
80103C58,00000058
80103CB0,000000A8
80103D58,000000D0
80103E28,00000034
80103E5C,00000040
80103E9C,0000004C
80103EE8,0000005C
80103F44,00000034
80103F78,00000060
80103FD8,00000074
8010404C,00000114
80104160,00000060
801041C0,00000058
80104218,000000B8
801042D0,00000098
80104368,000000C4
8010442C,0000006C
80104498,00000054
801044EC,00000058
80104544,00000048
8010458C,0000008C
80104618,0000004C
80104664,00000048
801046AC,0000005C
80104708,00000064
8010476C,0000004C
801047B8,0000005C
80104814,000000B4
801048C8,00000050
80104918,00000050
80104968,0000004C
801049B4,0000004C
80104A00,00000050
80104A50,00000058
80104AA8,00000068
80104B10,000000B4
80104BC4,00000044
80104C08,00000058
80104C60,000000DC
80104D3C,00000084
80104DC0,000000A0
80104E60,00000078
80104ED8,000000CC
80104FA4,00000060
80105004,000000B4
801050B8,00000144
801051FC,000000D0
801052CC,000000BC
80105388,00000050
801053D8,00000008
801053E0,0000002C
8010540C,00000094
801054A0,000000A8
80105548,00000084
801055CC,00000048
80105614,00000048
8010565C,00000008
80105664,00000094
801056F8,00000010
80105708,00000010
80105718,00000010
80105728,00000010
80105738,00000010
80105748,00000010
80105758,00000010
80105768,00000010
80105778,00000010
80105788,00000010
80105798,00000010
801057A8,00000010
801057B8,00000010
801057C8,00000010
801057D8,00000010
801057E8,00000008
801057F0,00000008
801057F8,00000018
80105810,00000010
80105820,00000008
80105828,00000008
80105830,00000008
80105838,00000008
80105840,00000008
80105848,00000008
80105850,00000004
80105854,00000008
8010585C,00000008
80105864,00000008
8010586C,00000008
80105874,00000008
8010587C,00000040
801058BC,00000030
801058EC,00000068
80105954,0000005C
801059B0,00000010
801059C0,00000018
801059D8,00000088
80105A60,000000A0
80105B00,0000017C
80105C7C,00000004
80105C80,00000034
80105CB4,00000024
80105CD8,00000124
80105DFC,00000090
80105E8C,00000008
80105E94,00000008
80105E9C,00000008
80105EA4,000000C0
80105F64,000000D8
8010603C,000000AC
801060E8,000000A4
8010618C,0000009C
80106228,000000C8
801062F0,000000A8
80106398,00000090
80106428,00000184
801065AC,000000E8
80106694,000000D4
80106768,0000006C
801067D4,000000CC
801068A0,00000050
801068F0,00000038
80106928,00000038
80106960,00000054
801069B4,0000005C
80106A10,00000044
80106A54,00000010
80106A64,00000010
80106A74,00000010
80106A84,00000010
80106A94,00000010
80106AA4,00000008
80106AAC,00000008
80106AB4,00000008
80106ABC,00000008
80106AC4,00000008
80106ACC,00000004
80106AD0,00000098
80106B68,0000005C
80106BC4,000000AC
80106C70,0000005C
80106CCC,000000AC
80106D78,0000005C
80106DD4,00000008
80106DDC,00000008
80106DE4,00000008
80106DEC,000000A4
80106E90,00000050
80106EE0,00000050
80106F30,00000050
80106F80,00000058
80106FD8,00000058
80107030,00000058
80107088,0000005C
801070E4,00000124
80107208,00000054
8010725C,00000040
8010729C,00000034
801072D0,00000054
80107324,0000003C
80107360,000000B0
80107410,00000090
801074A0,00000058
801074F8,000000B8
801075B0,00000008
801075B8,00000164
8010771C,00000064
80107780,0000005C
801077DC,00000044
80107820,00000008
80107828,00000008
80107830,00000010
80107840,00000010
80107850,00000048
80107898,0000005C
801078F4,00000074
80107968,00000058
801079C0,0000006C
80107A2C,00000058
80107A84,00000074
80107AF8,00000128
80107C20,0000005C
80107C7C,00000070
80107CEC,00000048
80107D34,00000018
80107D4C,0000003C
80107D88,000000EC
80107E74,0000005C
80107ED0,0000006C
80107F3C,000000A4
80107FE0,00000238
80108218,000000A4
801082BC,0000004C
80108308,0000009C
801083A4,0000005C
80108400,0000002C
8010842C,00000010
8010843C,00000010
8010844C,00000008
80108454,00000008
8010845C,00000090
801084EC,000000B0
8010859C,0000026C
80108808,00000004
8010880C,00000054
80108860,00000090
801088F0,0000006C
8010895C,000000D8
80108A34,000000E0
80108B14,00000160
80108C74,00000188
80108DFC,00000088
80108E84,00000050
80108ED4,00000118
80108FEC,00000068
80109054,0000008C
801090E0,000002D4
801093B4,00000084
80109438,0000006C
801094A4,00000068
8010950C,000000CC
801095D8,000000AC
80109684,0000008C
80109710,0000005C
8010976C,00000074
801097E0,000000BC
8010989C,00000100
8010999C,00000104
80109AA0,00000080
80109B20,0000009C
80109BBC,00000064
80109C20,00000058
80109C78,0000009C
80109D14,00000100
80109E14,000001B8
80109FCC,000000EC
8010A0B8,00000134
8010A1EC,000000D8
8010A2C4,0000008C
8010A350,00000074
8010A3C4,000000F8
8010A4BC,00000080
8010A53C,0000009C
8010A5D8,00000064
8010A63C,000000E4
8010A720,000000B0
8010A7D0,00000084
8010A854,00000094
8010A8E8,0000008C
8010A974,00000074
8010A9E8,00000068
8010AA50,000000A8
8010AAF8,0000005C
8010AB54,000000CC
8010AC20,00000010
8010AC30,00000010
8010AC40,00000010
8010AC50,00000010
8010AC60,00000010
8010AC70,00000010
8010AC80,00000010
8010AC90,00000010
8010ACA0,00000010
8010ACB0,00000010
8010ACC0,00000010
8010ACD0,00000010
8010ACE0,00000010
8010ACF0,00000010
8010AD00,00000010
8010AD10,00000010
8010AD20,00000010
8010AD30,00000010
8010AD40,00000010
8010AD50,00000010
8010AD60,00000010
8010AD70,00000010
8010AD80,00000008
8010AD88,00000008
8010AD90,00000008
8010AD98,00000008
8010ADA0,00000008
8010ADA8,00000010
8010ADB8,00000008
8010ADC0,00000008
8010ADC8,00000008
8010ADD0,00000008
8010ADD8,00000008
8010ADE0,00000008
8010ADE8,00000008
8010ADF0,00000008
8010ADF8,00000008
8010AE00,00000008
8010AE08,00000008
8010AE10,00000008
8010AE18,00000008
8010AE20,00000008
8010AE28,00000008
8010AE30,00000008
8010AE38,00000008
8010AE40,00000074
8010AEB4,000001BC
8010B070,00000178
8010B1E8,0000009C
8010B284,00000074
8010B2F8,000000EC
8010B3E4,000001CC
8010B5B0,00000084
8010B634,0000012C
8010B760,000001A8
8010B908,00000254
8010BB5C,000001BC
8010BD18,0000019C
8010BEB4,000000F8
8010BFAC,000000C4
8010C070,00000110
8010C180,00000130
8010C2B0,00000120
8010C3D0,00000164
8010C534,00000168
8010C69C,00000130
8010C7CC,000000F8
8010C8C4,00000198
8010CA5C,00000094
8010CAF0,000000A0
8010CB90,0000003C
8010CBCC,000001B4
8010CD80,00000114
8010CE94,00000080
8010CF14,00000054
8010CF68,00000098
8010D000,00000178
8010D178,0000007C
8010D1F4,000000DC
8010D2D0,0000010C
8010D3DC,00000278
8010D654,000001DC
8010D830,0000006C
8010D89C,0000005C
8010D8F8,000000AC
8010D9A4,00000010
8010D9B4,00000010
8010D9C4,00000010
8010D9D4,00000010
8010D9E4,00000010
8010D9F4,00000010
8010DA04,00000010
8010DA14,00000010
8010DA24,00000010
8010DA34,00000010
8010DA44,00000010
8010DA54,00000010
8010DA64,00000010
8010DA74,00000010
8010DA84,00000010
8010DA94,00000010
8010DAA4,00000010
8010DAB4,00000010
8010DAC4,00000008
8010DACC,00000008
8010DAD4,00000008
8010DADC,00000008
8010DAE4,00000008
8010DAEC,00000008
8010DAF4,00000008
8010DAFC,00000008
8010DB04,00000008
8010DB0C,00000008
8010DB14,00000008
8010DB1C,00000008
8010DB24,00000008
8010DB2C,00000008
8010DB34,00000008
8010DB3C,00000008
8010DB44,00000008
8010DB4C,00000008
8010DB54,00000018
8010DB6C,00000160
8010DCCC,00000014
8010DCE0,0000006C
8010DD4C,00000068
8010DDB4,0000005C
8010DE10,00000150
8010DF60,00000028
8010DF88,00000048
8010DFD0,00000060
8010E030,00000048
8010E078,00000044
8010E0BC,00000044
8010E100,0000003C
8010E13C,0000005C
8010E198,00000054
8010E1EC,00000278
8010E464,00000004
8010E468,0000006C
8010E4D4,000000A4
8010E578,0000014C
8010E6C4,00000100
8010E7C4,00000130
8010E8F4,000000A8
8010E99C,00000098
8010EA34,000000BC
8010EAF0,00000190
8010EC80,00000190
8010EE10,000000E4
8010EEF4,00000194
8010F088,000000BC
8010F144,000000FC
8010F240,00000038
8010F278,00000214
8010F48C,0000006C
8010F4F8,00000250
8010F748,00000210
8010F958,0000008C
8010F9E4,000000C0
8010FAA4,00000090
8010FB34,0000005C
8010FB90,0000005C
8010FBEC,0000009C
8010FC88,00000010
8010FC98,00000010
8010FCA8,00000010
8010FCB8,00000010
8010FCC8,00000010
8010FCD8,00000010
8010FCE8,00000010
8010FCF8,00000010
8010FD08,00000010
8010FD18,00000010
8010FD28,00000010
8010FD38,00000010
8010FD48,00000010
8010FD58,00000010
8010FD68,00000010
8010FD78,00000010
8010FD88,00000018
8010FDA0,00000008
8010FDA8,00000008
8010FDB0,00000008
8010FDB8,00000008
8010FDC0,00000008
8010FDC8,00000008
8010FDD0,00000008
8010FDD8,00000008
8010FDE0,00000008
8010FDE8,00000008
8010FDF0,00000008
8010FDF8,00000008
8010FE00,00000008
8010FE08,00000008
8010FE10,00000008
8010FE18,00000008
8010FE20,00000008
8010FE28,00000084
8010FEAC,00000230
801100DC,00000048
80110124,00000090
801101B4,000000BC
80110270,000000A4
80110314,00000058
8011036C,00000100
8011046C,000000B0
8011051C,00000148
80110664,000001D0
80110834,00000148
8011097C,000000C0
80110A3C,000000B8
80110AF4,00000074
80110B68,00000058
80110BC0,0000017C
80110D3C,00000068
80110DA4,000000AC
80110E50,0000005C
80110EAC,0000005C
80110F08,00000010
80110F18,00000010
80110F28,00000010
80110F38,00000010
80110F48,00000010
80110F58,00000010
80110F68,00000010
80110F78,00000010
80110F88,00000008
80110F90,00000008
80110F98,00000008
80110FA0,00000008
80110FA8,00000040
80110FE8,00000008
80110FF0,00000008
80110FF8,00000008
80111000,0000005C
8011105C,00000294
801112F0,000000E4
801113D4,000001B0
80111584,00000104
80111688,00000430
80111AB8,000000E8
80111BA0,000000E8
80111C88,000000D4
80111D5C,000000D4
80111E30,000000F8
80111F28,00000024
80111F4C,00000090
80111FDC,000000E8
801120C4,0000024C
80112310,00000038
80112348,00000038
80112380,0000018C
8011250C,0000006C
80112578,00000070
801125E8,000000CC
801126B4,00000080
80112734,00000078
801127AC,000001B0
8011295C,00000058
801129B4,000000B4
80112A68,0000010C
80112B74,00000074
80112BE8,0000010C
80112CF4,000000A0
80112D94,000000C4
80112E58,0000008C
80112EE4,0000005C
80112F40,00000070
80112FB0,00000090
80113040,0000014C
8011318C,00000030
801131BC,00000094
80113250,000000B4
80113304,00000094
80113398,00000064
801133FC,00000070
8011346C,000000E0
8011354C,00000124
80113670,000000EC
8011375C,000000B8
80113814,000000C0
801138D4,00000080
80113954,0000004C
801139A0,00000150
80113AF0,000001C0
80113CB0,000001D8
80113E88,00000190
80114018,00000084
8011409C,00000010
801140AC,00000010
801140BC,00000010
801140CC,00000010
801140DC,00000010
801140EC,00000010
801140FC,00000010
8011410C,00000010
8011411C,00000010
8011412C,00000010
8011413C,00000010
8011414C,00000010
8011415C,00000010
8011416C,00000008
80114174,00000050
801141C4,00000008
801141CC,00000008
801141D4,00000008
801141DC,00000008
801141E4,00000008
801141EC,00000008
801141F4,00000008
801141FC,00000008
80114204,00000008
8011420C,00000008
80114214,00000008
8011421C,0000001C
80114238,00000030
80114268,00000068
801142D0,0000005C
8011432C,00000054
80114380,0000005C
801143DC,00000168
80114544,0000005C
801145A0,00000008
801145A8,000000D0
80114678,00000064
801146DC,000000BC
80114798,00000008
801147A0,00000078
80114818,000000CC
801148E4,00000094
80114978,00000058
801149D0,0000002C
801149FC,00000010
80114A0C,00000010
80114A1C,00000008
80114A24,00000004
80114A28,00000008
80114A30,00000008
80114A38,000000A4
80114ADC,000001B0
80114C8C,00000048
80114CD4,00000008
80114CDC,000000D8
80114DB4,0000013C
80114EF0,00000088
80114F78,00000070
80114FE8,000000B8
801150A0,0000008C
8011512C,0000009C
801151C8,00000078
80115240,00000078
801152B8,000000C8
80115380,0000011C
8011549C,000001CC
80115668,00000094
801156FC,00000058
80115754,00000044
80115798,00000010
801157A8,00000010
801157B8,00000010
801157C8,00000010
801157D8,00000010
801157E8,00000008
801157F0,00000008
801157F8,00000008
80115800,00000008
80115808,00000004
8011580C,00000088
80115894,00000358
80115BEC,0000003C
80115C28,00000054
80115C7C,00000240
80115EBC,00000080
80115F3C,000000F0
8011602C,000000B8
801160E4,000000D8
801161BC,000000A4
80116260,000000AC
8011630C,000001D4
801164E0,00000174
80116654,000000E0
80116734,000000B4
801167E8,00000094
8011687C,000000DC
80116958,000000CC
80116A24,000000C4
80116AE8,000000D4
80116BBC,000002DC
80116E98,00000110
80116FA8,000000BC
80117064,00000100
80117164,00000158
801172BC,000000B8
80117374,000000D0
80117444,000000D8
8011751C,000000A4
801175C0,00000010
801175D0,00000010
801175E0,00000010
801175F0,00000010
80117600,00000010
80117610,00000010
80117620,00000010
80117630,00000010
80117640,00000010
80117650,00000010
80117660,00000010
80117670,00000010
80117680,00000010
80117690,00000010
801176A0,00000010
801176B0,00000010
801176C0,00000010
801176D0,00000018
801176E8,00000010
801176F8,00000008
80117700,00000008
80117708,00000008
80117710,00000008
80117718,00000008
80117720,00000008
80117728,00000008
80117730,00000008
80117738,00000008
80117740,00000008
80117748,00000008
80117750,00000008
80117758,00000008
80117760,00000008
80117768,00000008
80117770,00000008
80117778,00000044
801177BC,00000008
801177C4,00000040
80117804,00000068
8011786C,00000068
801178D4,0000005C
80117930,000000B4
801179E4,0000009C
80117A80,000002E0
80117D60,00000040
80117DA0,000000F8
80117E98,000000B4
80117F4C,0000009C
80117FE8,00000038
80118020,00000004
80118024,00000084
801180A8,000000F0
80118198,00000060
801181F8,0000010C
80118304,00000150
80118454,000000C8
8011851C,000000C0
801185DC,000000A8
80118684,000000AC
80118730,000000E4
80118814,000000CC
801188E0,000000B8
80118998,0000006C
80118A04,0000008C
80118A90,0000005C
80118AEC,0000000C
80118AF8,00000078
80118B70,00000070
80118BE0,000000A4
80118C84,0000006C
80118CF0,00000050
80118D40,00000078
80118DB8,00000050
80118E08,00000050
80118E58,0000005C
80118EB4,000000CC
80118F80,0000004C
80118FCC,00000064
80119030,00000074
801190A4,000000C8
8011916C,00000074
801191E0,00000074
80119254,00000050
801192A4,00000080
80119324,0000007C
801193A0,0000007C
8011941C,0000007C
80119498,000000C0
80119558,00000090
801195E8,00000048
80119630,00000048
80119678,000000BC
80119734,00000080
801197B4,0000006C
80119820,000000A8
801198C8,00000094
8011995C,00000080
801199DC,00000048
80119A24,0000005C
80119A80,00000098
80119B18,00000010
80119B28,00000010
80119B38,00000010
80119B48,00000010
80119B58,00000010
80119B68,00000010
80119B78,00000010
80119B88,00000010
80119B98,00000010
80119BA8,00000010
80119BB8,00000010
80119BC8,00000010
80119BD8,00000010
80119BE8,00000010
80119BF8,00000008
80119C00,00000008
80119C08,00000008
80119C10,00000008
80119C18,00000008
80119C20,00000018
80119C38,00000010
80119C48,00000008
80119C50,00000008
80119C58,00000008
80119C60,00000008
80119C68,00000038
80119CA0,00000008
80119CA8,00000008
80119CB0,00000044
80119CF4,00000008
80119CFC,0000013C
80119E38,00000084
80119EBC,000001F0
8011A0AC,00000004
8011A0B0,0000015C
8011A20C,000000FC
8011A308,00000068
8011A370,00000048
8011A3B8,00000068
8011A420,00000054
8011A474,00000060
8011A4D4,000000D4
8011A5A8,000000E8
8011A690,000000A4
8011A734,000000EC
8011A820,00000070
8011A890,0000007C
8011A90C,00000050
8011A95C,00000050
8011A9AC,0000004C
8011A9F8,00000098
8011AA90,00000050
8011AAE0,00000120
8011AC00,0000006C
8011AC6C,00000088
8011ACF4,000000F0
8011ADE4,000000A8
8011AE8C,0000006C
8011AEF8,00000048
8011AF40,00000058
8011AF98,0000005C
8011AFF4,00000070
8011B064,00000010
8011B074,00000010
8011B084,00000010
8011B094,00000010
8011B0A4,00000010
8011B0B4,00000010
8011B0C4,00000010
8011B0D4,00000010
8011B0E4,00000010
8011B0F4,00000008
8011B0FC,00000008
8011B104,00000018
8011B11C,00000010
8011B12C,00000008
8011B134,00000008
8011B13C,00000008
8011B144,00000008
8011B14C,00000008
8011B154,00000008
8011B15C,000000B4
8011B210,00000080
8011B290,00000274
8011B504,00000004
8011B508,000000F8
8011B600,00000038
8011B638,00000078
8011B6B0,00000048
8011B6F8,00000060
8011B758,00000104
8011B85C,00000180
8011B9DC,000000F8
8011BAD4,000000D8
8011BBAC,000000D4
8011BC80,000000A0
8011BD20,0000007C
8011BD9C,0000007C
8011BE18,00000094
8011BEAC,00000088
8011BF34,00000064
8011BF98,00000050
8011BFE8,00000050
8011C038,00000098
8011C0D0,0000005C
8011C12C,00000080
8011C1AC,00000090
8011C23C,000000D4
8011C310,0000009C
8011C3AC,0000007C
8011C428,0000007C
8011C4A4,0000007C
8011C520,000000C0
8011C5E0,00000090
8011C670,0000006C
8011C6DC,00000008
8011C6E4,00000080
8011C764,00000078
8011C7DC,00000010
8011C7EC,00000010
8011C7FC,00000010
8011C80C,00000010
8011C81C,00000010
8011C82C,00000010
8011C83C,00000010
8011C84C,00000010
8011C85C,00000010
8011C86C,00000010
8011C87C,00000008
8011C884,00000008
8011C88C,00000008
8011C894,00000008
8011C89C,00000008
8011C8A4,00000018
8011C8BC,00000048
8011C904,00000008
8011C90C,00000008
8011C914,00000008
8011C91C,00000008
8011C924,00000030
8011C954,00000068
8011C9BC,0000005C
8011CA18,00000050
8011CA68,0000001C
8011CA84,000002F4
8011CD78,00000004
8011CD7C,00000040
8011CDBC,0000006C
8011CE28,000000BC
8011CEE4,00000184
8011D068,000000F0
8011D158,00000100
8011D258,000000B4
8011D30C,000000D8
8011D3E4,00000180
8011D564,00000108
8011D66C,00000110
8011D77C,000000B4
8011D830,000000C4
8011D8F4,00000108
8011D9FC,000000E4
8011DAE0,00000098
8011DB78,000000EC
8011DC64,00000134
8011DD98,00000200
8011DF98,00000068
8011E000,00000058
8011E058,00000068
8011E0C0,00000128
8011E1E8,0000005C
8011E244,000000AC
8011E2F0,00000010
8011E300,00000010
8011E310,00000010
8011E320,00000010
8011E330,00000010
8011E340,00000010
8011E350,00000010
8011E360,00000010
8011E370,00000010
8011E380,00000010
8011E390,00000010
8011E3A0,00000010
8011E3B0,00000010
8011E3C0,00000010
8011E3D0,00000010
8011E3E0,00000018
8011E3F8,00000010
8011E408,00000008
8011E410,00000008
8011E418,00000008
8011E420,00000008
8011E428,00000008
8011E430,0000004C
8011E47C,00000008
8011E484,00000008
8011E48C,00000008
8011E494,00000008
8011E49C,00000008
8011E4A4,00000008
8011E4AC,00000008
8011E4B4,00000008
8011E4BC,00000008
8011E4C4,00000030
8011E4F4,00000068
8011E55C,0000005C
8011E5B8,00000168
8011E720,0000014C
8011E86C,00000080
8011E8EC,000000D8
8011E9C4,00000124
8011EAE8,00000048
8011EB30,0000008C
8011EBBC,0000009C
8011EC58,00000004
8011EC5C,00000098
8011ECF4,0000003C
8011ED30,00000038
8011ED68,00000084
8011EDEC,00000060
8011EE4C,00000090
8011EEDC,000000F4
8011EFD0,00000118
8011F0E8,00000060
8011F148,00000090
8011F1D8,00000104
8011F2DC,000000AC
8011F388,00000060
8011F3E8,000000B8
8011F4A0,000000C8
8011F568,000000BC
8011F624,000000F0
8011F714,0000003C
8011F750,000000BC
8011F80C,00000070
8011F87C,00000070
8011F8EC,0000004C
8011F938,00000050
8011F988,00000050
8011F9D8,00000050
8011FA28,00000080
8011FAA8,00000064
8011FB0C,00000060
8011FB6C,00000050
8011FBBC,00000050
8011FC0C,00000050
8011FC5C,00000050
8011FCAC,00000070
8011FD1C,00000078
8011FD94,000000AC
8011FE40,00000050
8011FE90,00000138
8011FFC8,000000C4
8012008C,000000C4
80120150,000000B4
80120204,00000134
80120338,00000150
80120488,000000DC
80120564,000001B4
80120718,000002C0
801209D8,00000094
80120A6C,00000168
80120BD4,0000012C
80120D00,00000138
80120E38,00000100
80120F38,000000C8
80121000,000000B0
801210B0,000001BC
8012126C,000000D0
8012133C,00000100
8012143C,0000009C
801214D8,000000B0
80121588,000000A8
80121630,00000068
80121698,00000068
80121700,00000114
80121814,000001B4
801219C8,000000D4
80121A9C,000000D4
80121B70,00000150
80121CC0,00000068
80121D28,00000124
80121E4C,000000F4
80121F40,00000080
80121FC0,00000138
801220F8,0000010C
80122204,000000AC
801222B0,000000A8
80122358,0000005C
801223B4,0000005C
80122410,0000005C
8012246C,0000008C
801224F8,0000003C
80122534,0000003C
80122570,0000005C
801225CC,000000D4
801226A0,00000010
801226B0,00000010
801226C0,00000010
801226D0,00000010
801226E0,00000010
801226F0,00000010
80122700,00000010
80122710,00000010
80122720,00000010
80122730,00000010
80122740,00000010
80122750,00000010
80122760,00000010
80122770,00000010
80122780,00000010
80122790,00000010
801227A0,00000010
801227B0,00000010
801227C0,00000010
801227D0,00000010
801227E0,0000004C
8012282C,00000008
80122834,00000008
8012283C,00000018
80122854,00000010
80122864,00000018
8012287C,00000010
8012288C,00000008
80122894,00000008
8012289C,00000008
801228A4,00000008
801228AC,00000008
801228B4,00000008
801228BC,00000010
801228CC,00000008
801228D4,00000010
801228E4,00000008
801228EC,00000008
801228F4,00000008
801228FC,00000008
80122904,00000008
8012290C,00000008
80122914,00000008
8012291C,00000008
80122924,0000007C
801229A0,0000027C
80122C1C,000000BC
80122CD8,000000BC
80122D94,00000184
80122F18,00000090
80122FA8,000000A4
8012304C,0000012C
80123178,00000078
801231F0,000000B0
801232A0,00000064
80123304,00000078
8012337C,0000007C
801233F8,000000A4
8012349C,00000094
80123530,00000094
801235C4,00000098
8012365C,00000090
801236EC,00000004
801236F0,0000006C
8012375C,0000009C
801237F8,00000110
80123908,00000110
80123A18,000000CC
80123AE4,000003D4
80123EB8,000000B4
80123F6C,00000058
80123FC4,000000B8
8012407C,00000128
801241A4,00000064
80124208,00000108
80124310,00000134
80124444,0000009C
801244E0,0000005C
8012453C,000000A4
801245E0,00000010
801245F0,00000010
80124600,00000010
80124610,00000010
80124620,00000010
80124630,00000010
80124640,00000010
80124650,00000010
80124660,00000010
80124670,00000010
80124680,00000010
80124690,00000010
801246A0,00000010
801246B0,00000010
801246C0,00000010
801246D0,00000010
801246E0,00000010
801246F0,00000018
80124708,00000010
80124718,00000008
80124720,00000008
80124728,00000008
80124730,00000008
80124738,00000008
80124740,00000008
80124748,00000008
80124750,00000008
80124758,00000008
80124760,00000008
80124768,00000010
80124778,00000008
80124780,00000008
80124788,00000008
80124790,00000008
80124798,00000008
801247A0,00000054
801247F4,00000008
801247FC,0000008C
80124888,0000036C
80124BF4,00000054
80124C48,00000008
80124C50,0000004C
80124C9C,000000B8
80124D54,00000120
80124E74,00000160
80124FD4,00000090
80125064,00000290
801252F4,00000248
8012553C,0000004C
80125588,000000CC
80125654,000000A0
801256F4,00000060
80125754,000000A4
801257F8,000000F4
801258EC,00000140
80125A2C,00000064
80125A90,000000BC
80125B4C,00000240
80125D8C,00000118
80125EA4,000000C4
80125F68,0000005C
80125FC4,0000007C
80126040,00000010
80126050,00000010
80126060,00000010
80126070,00000010
80126080,00000010
80126090,00000010
801260A0,00000010
801260B0,00000010
801260C0,00000010
801260D0,00000010
801260E0,00000010
801260F0,00000010
80126100,00000008
80126108,00000008
80126110,00000008
80126118,00000008
80126120,00000008
80126128,00000008
80126130,00000008
80126138,00000008
80126140,00000008
80126148,00000008
80126150,00000008
80126158,00000008
80126160,00000008
80126168,00000080
801261E8,00000164
8012634C,00000060
801263AC,00000064
80126410,00000074
80126484,00000058
801264DC,00000110
801265EC,0000010C
801266F8,00000098
80126790,000000A0
80126830,0000022C
80126A5C,000000A4
80126B00,000000E8
80126BE8,00000080
80126C68,000000C4
80126D2C,000000AC
80126DD8,00000068
80126E40,00000094
80126ED4,00000088
80126F5C,00000198
801270F4,0000005C
80127150,000000F8
80127248,00000070
801272B8,00000148
80127400,000001E8
801275E8,0000002C
80127614,000000A8
801276BC,0000005C
80127718,0000004C
80127764,00000010
80127774,00000010
80127784,00000010
80127794,00000010
801277A4,00000010
801277B4,00000010
801277C4,00000008
801277CC,00000008
801277D4,00000008
801277DC,00000008
801277E4,00000008
801277EC,00000010
801277FC,00000008
80127804,00000060
80127864,000000E4
80127948,000000AC
801279F4,00000050
80127A44,00000014
80127A58,00000088
80127AE0,00000058
80127B38,00000080
80127BB8,00000084
80127C3C,00000058
80127C94,00000060
80127CF4,00000008
80127CFC,00000160
80127E5C,00000228
80128084,000000E4
80128168,00000060
801281C8,000000CC
80128294,00000054
801282E8,00000064
8012834C,00000008
80128354,0000000C
80128360,0000000C
8012836C,00000090
801283FC,00000060
8012845C,00000068
801284C4,00000008
801284CC,00000088
80128554,00000150
801286A4,0000000C
801286B0,0000005C
8012870C,00000178
80128884,00000030
801288B4,00000060
80128914,00000044
80128958,00000050
801289A8,00000044
801289EC,00000010
801289FC,00000010
80128A0C,00000010
80128A1C,00000010
80128A2C,00000010
80128A3C,00000010
80128A4C,00000008
80128A54,00000008
80128A5C,00000008
80128A64,00000008
80128A6C,00000008
80128A74,0000005C
80128AD0,0000003C
80128B0C,0000008C
80128B98,00000060
80128BF8,00000094
80128C8C,00000008
80128C94,00000038
80128CCC,00000038
80128D04,00000038
80128D3C,00000008
80128D44,00000008
80128D4C,00000008
80128D54,000000F8
80128E4C,00000080
80128ECC,0000008C
80128F58,00000054
80128FAC,00000080
8012902C,00000064
80129090,00000060
801290F0,000000C8
801291B8,00000068
80129220,00000078
80129298,00000090
80129328,00000068
80129390,000000A0
80129430,00000050
80129480,00000090
80129510,00000058
80129568,00000084
801295EC,00000010
801295FC,00000010
8012960C,00000010
8012961C,00000010
8012962C,00000010
8012963C,00000010
8012964C,00000010
8012965C,00000010
8012966C,00000010
8012967C,00000010
8012968C,00000010
8012969C,00000010
801296AC,00000010
801296BC,00000008
801296C4,00000050
80129714,00000008
8012971C,00000008
80129724,00000008
8012972C,00000008
80129734,00000008
8012973C,00000008
80129744,00000008
8012974C,00000008
80129754,00000008
8012975C,00000008
80129764,00000008
8012976C,00000070
801297DC,000000A0
8012987C,000000E0
8012995C,00000038
80129994,000000D8
80129A6C,00000128
80129B94,00000014
80129BA8,00000018
80129BC0,000000D0
80129C90,000000B8
80129D48,00000008
80129D50,000000A8
80129DF8,000000CC
80129EC4,000000E8
80129FAC,0000007C
8012A028,00000058
8012A080,000000E0
8012A160,000000C0
8012A220,000000BC
8012A2DC,000000D0
8012A3AC,00000084
8012A430,00000014
8012A444,00000004
8012A448,0000005C
8012A4A4,00000034
8012A4D8,00000010
8012A4E8,00000010
8012A4F8,00000010
8012A508,00000008
8012A510,00000008
8012A518,00000004
8012A51C,0000006C
8012A588,000000D0
8012A658,00000358
8012A9B0,0000004C
8012A9FC,00000004
8012AA00,0000003C
8012AA3C,0000005C
8012AA98,0000009C
8012AB34,000001C4
8012ACF8,00000158
8012AE50,000001AC
8012AFFC,000000C0
8012B0BC,00000064
8012B120,000000D8
8012B1F8,000000B0
8012B2A8,000000DC
8012B384,000000D4
8012B458,000000F4
8012B54C,00000074
8012B5C0,00000098
8012B658,00000130
8012B788,00000100
8012B888,00000158
8012B9E0,0000013C
8012BB1C,00000100
8012BC1C,00000064
8012BC80,00000120
8012BDA0,00000074
8012BE14,00000064
8012BE78,000001C0
8012C038,0000008C
8012C0C4,00000120
8012C1E4,00000064
8012C248,00000070
8012C2B8,00000118
8012C3D0,00000068
8012C438,00000088
8012C4C0,000000A4
8012C564,00000070
8012C5D4,000000E8
8012C6BC,00000160
8012C81C,00000068
8012C884,000000F0
8012C974,000000E0
8012CA54,000000C4
8012CB18,00000010
8012CB28,00000010
8012CB38,00000010
8012CB48,00000010
8012CB58,00000010
8012CB68,00000010
8012CB78,00000010
8012CB88,00000010
8012CB98,00000010
8012CBA8,00000010
8012CBB8,00000010
8012CBC8,00000010
8012CBD8,00000010
8012CBE8,00000010
8012CBF8,00000010
8012CC08,00000010
8012CC18,00000010
8012CC28,00000010
8012CC38,00000010
8012CC48,00000010
8012CC58,00000010
8012CC68,00000008
8012CC70,00000008
8012CC78,00000008
8012CC80,00000008
8012CC88,00000008
8012CC90,00000018
8012CCA8,00000008
8012CCB0,00000018
8012CCC8,00000008
8012CCD0,00000008
8012CCD8,00000008
8012CCE0,00000008
8012CCE8,00000008
8012CCF0,00000008
8012CCF8,00000008
8012CD00,00000008
8012CD08,00000008
8012CD10,00000008
8012CD18,00000008
8012CD20,00000008
8012CD28,00000008
8012CD30,00000008
8012CD38,00000008
8012CD40,00000048
8012CD88,00000004
8012CD8C,00000030
8012CDBC,00000068
8012CE24,0000005C
8012CE80,0000005C
8012CEDC,000000B8
8012CF94,00000198
8012D12C,00000108
8012D234,000003F4
8012D628,00000104
8012D72C,000000F0
8012D81C,0000009C
8012D8B8,00000098
8012D950,000000EC
8012DA3C,00000050
8012DA8C,00000034
8012DAC0,00000030
8012DAF0,00000148
8012DC38,0000007C
8012DCB4,0000007C
8012DD30,00000128
8012DE58,00000110
8012DF68,00000108
8012E070,00000044
8012E0B4,00000010
8012E0C4,00000010
8012E0D4,00000010
8012E0E4,00000010
8012E0F4,00000010
8012E104,00000008
8012E10C,00000008
8012E114,00000008
8012E11C,00000008
8012E124,00000008
8012E12C,00000004
8012E130,00000004
8012E134,0000004C
8012E180,000001A0
8012E320,00000034
8012E354,00000044
8012E398,00000014
8012E3AC,00000064
8012E410,0000004C
8012E45C,00000090
8012E4EC,00000004
8012E4F0,00000050
8012E540,00000008
8012E548,00000068
8012E5B0,00000068
8012E618,0000007C
8012E694,00000068
8012E6FC,000001DC
8012E8D8,000001E0
8012EAB8,0000000C
8012EAC4,0000003C
8012EB00,00000044
8012EB44,00000014
8012EB58,00000054
8012EBAC,00000090
8012EC3C,00000068
8012ECA4,00000078
8012ED1C,000000EC
8012EE08,00000054
8012EE5C,0000006C
8012EEC8,00000058
8012EF20,00000008
8012EF28,00000060
8012EF88,00000074
8012EFFC,0000007C
8012F078,00000028
8012F0A0,00000184
8012F224,00000088
8012F2AC,000000AC
8012F358,0000006C
8012F3C4,0000006C
8012F430,00000068
8012F498,00000068
8012F500,0000009C
8012F59C,00000060
8012F5FC,000000A0
8012F69C,00000110
8012F7AC,000000A0
8012F84C,000000BC
8012F908,00000178
8012FA80,00000074
8012FAF4,00000088
8012FB7C,00000070
8012FBEC,0000005C
8012FC48,00000054
8012FC9C,00000010
8012FCAC,00000010
8012FCBC,00000010
8012FCCC,00000010
8012FCDC,00000010
8012FCEC,00000010
8012FCFC,00000010
8012FD0C,00000008
8012FD14,00000008
8012FD1C,00000008
8012FD24,00000008
8012FD2C,00000008
8012FD34,00000008
8012FD3C,00000008
8012FD44,00000064
8012FDA8,00000204
8012FFAC,00000004
8012FFB0,00000074
80130024,00000074
80130098,00000064
801300FC,00000114
80130210,000000F8
80130308,00000068
80130370,0000007C
801303EC,0000006C
80130458,0000008C
801304E4,00000170
80130654,00000064
801306B8,00000080
80130738,00000064
8013079C,00000110
801308AC,0000008C
80130938,00000038
80130970,0000014C
80130ABC,000001DC
80130C98,000000D4
80130D6C,000000C4
80130E30,00000078
80130EA8,000000BC
80130F64,00000078
80130FDC,00000050
8013102C,000000B0
801310DC,000000F0
801311CC,0000005C
80131228,000000A4
801312CC,00000010
801312DC,00000010
801312EC,00000010
801312FC,00000010
8013130C,00000010
8013131C,00000010
8013132C,00000010
8013133C,00000010
8013134C,00000010
8013135C,00000010
8013136C,00000010
8013137C,00000010
8013138C,00000010
8013139C,00000010
801313AC,00000010
801313BC,00000010
801313CC,00000010
801313DC,00000018
801313F4,00000044
80131438,00000008
80131440,00000008
80131448,00000008
80131450,00000008
80131458,00000008
80131460,00000008
80131468,00000008
80131470,00000050
801314C0,00000048
80131508,00000008
80131510,00000008
80131518,00000008
80131520,00000008
80131528,00000008
80131530,00000008
80131538,00000048
80131580,00000008
80131588,00000094
8013161C,000001D0
801317EC,00000004
801317F0,00000048
80131838,00000074
801318AC,00000068
80131914,0000016C
80131A80,00000120
80131BA0,00000134
80131CD4,000000E0
80131DB4,000000CC
80131E80,00000118
80131F98,000000B0
80132048,000000C0
80132108,00000158
80132260,000000D8
80132338,00000134
8013246C,00000048
801324B4,00000068
8013251C,00000098
801325B4,000000AC
80132660,0000007C
801326DC,000000A8
80132784,000000B8
8013283C,0000004C
80132888,00000048
801328D0,00000068
80132938,00000054
8013298C,00000054
801329E0,00000054
80132A34,00000054
80132A88,00000254
80132CDC,000000C0
80132D9C,000000B4
80132E50,00000094
80132EE4,000000A0
80132F84,000000F4
80133078,00000078
801330F0,00000084
80133174,00000158
801332CC,000001DC
801334A8,00000064
8013350C,000000A8
801335B4,0000008C
80133640,000000A8
801336E8,00000070
80133758,00000058
801337B0,00000054
80133804,00000048
8013384C,0000005C
801338A8,00000084
8013392C,00000010
8013393C,00000010
8013394C,00000010
8013395C,00000010
8013396C,00000010
8013397C,00000010
8013398C,00000010
8013399C,00000010
801339AC,00000010
801339BC,00000010
801339CC,00000010
801339DC,00000010
801339EC,00000010
801339FC,00000040
80133A3C,00000008
80133A44,00000008
80133A4C,00000008
80133A54,00000008
80133A5C,00000008
80133A64,00000008
80133A6C,00000008
80133A74,00000008
80133A7C,00000010
80133A8C,00000008
80133A94,00000010
80133AA4,00000008
80133AAC,00000004
80133AB0,00000008
80133AB8,0000000C
80133AC4,00000048
80133B0C,00000030
80133B3C,0000009C
80133BD8,0000031C
80133EF4,00000064
80133F58,00000084
80133FDC,000000AC
80134088,000000A4
8013412C,00000098
801341C4,000000DC
801342A0,00000138
801343D8,00000090
80134468,00000080
801344E8,000000D4
801345BC,00000094
80134650,000000D4
80134724,00000088
801347AC,00000154
80134900,00000088
80134988,000000E8
80134A70,00000090
80134B00,00000078
80134B78,00000084
80134BFC,000000E4
80134CE0,000000E8
80134DC8,000000B4
80134E7C,00000084
80134F00,00000148
80135048,00000054
8013509C,00000084
80135120,00000184
801352A4,000001D8
8013547C,00000054
801354D0,00000090
80135560,00000160
801356C0,000000AC
8013576C,00000040
801357AC,0000007C
80135828,0000001C
80135844,0000016C
801359B0,000000D4
80135A84,00000228
80135CAC,00000060
80135D0C,00000074
80135D80,000000B0
80135E30,00000064
80135E94,000000D8
80135F6C,00000060
80135FCC,0000009C
80136068,000000D4
8013613C,0000007C
801361B8,00000078
80136230,0000005C
8013628C,000000BC
80136348,00000010
80136358,00000010
80136368,00000010
80136378,00000010
80136388,00000010
80136398,00000010
801363A8,00000010
801363B8,00000010
801363C8,00000010
801363D8,00000010
801363E8,00000010
801363F8,00000010
80136408,00000010
80136418,00000010
80136428,00000010
80136438,00000010
80136448,00000010
80136458,00000010
80136468,00000010
80136478,00000010
80136488,00000008
80136490,00000008
80136498,00000008
801364A0,00000008
801364A8,00000008
801364B0,00000008
801364B8,00000008
801364C0,00000008
801364C8,00000008
801364D0,00000008
801364D8,00000008
801364E0,00000008
801364E8,00000008
801364F0,00000008
801364F8,00000008
80136500,00000008
80136508,00000008
80136510,00000008
80136518,00000008
80136520,00000008
80136528,00000008
80136530,00000008
80136538,00000008
80136540,000000B8
801365F8,0000011C
80136714,0000014C
80136860,00000108
80136968,000000A8
80136A10,00000054
80136A64,00000130
80136B94,0000005C
80136BF0,00000120
80136D10,000000C4
80136DD4,0000008C
80136E60,0000021C
8013707C,00000154
801371D0,0000007C
8013724C,00000080
801372CC,000000A8
80137374,00000054
801373C8,000000D8
801374A0,00000114
801375B4,00000088
8013763C,00000064
801376A0,00000118
801377B8,00000138
801378F0,000000E0
801379D0,000000D0
80137AA0,00000058
80137AF8,000000EC
80137BE4,0000009C
80137C80,0000005C
80137CDC,000000B0
80137D8C,0000015C
80137EE8,00000120
80138008,000000C8
801380D0,0000006C
8013813C,00000058
80138194,0000005C
801381F0,00000074
80138264,00000010
80138274,00000010
80138284,00000010
80138294,00000010
801382A4,00000010
801382B4,00000010
801382C4,00000010
801382D4,00000010
801382E4,00000010
801382F4,00000010
80138304,00000010
80138314,00000008
8013831C,00000008
80138324,00000008
8013832C,00000008
80138334,00000008
8013833C,00000008
80138344,00000008
8013834C,00000008
80138354,00000008
8013835C,00000008
80138364,00000008
8013836C,0000005C
801383C8,0000005C
80138424,0000005C
80138480,00000058
801384D8,0000053C
80138A14,00000008
80138A1C,00000078
80138A94,00000008
80138A9C,00000008
80138AA4,000001F0
80138C94,00000040
80138CD4,00000064
80138D38,0000004C
80138D84,0000021C
80138FA0,000000A0
80139040,00000120
80139160,00000008
80139168,00000480
801395E8,00000018
80139600,00000008
80139608,00000014
8013961C,0000005C
80139678,00000058
801396D0,00000044
80139714,00000294
801399A8,00000068
80139A10,00000080
80139A90,000001A0
80139C30,00000080
80139CB0,00000070
80139D20,00000064
80139D84,00000048
80139DCC,00000034
80139E00,00000010
80139E10,00000010
80139E20,00000010
80139E30,00000008
80139E38,00000008
80139E40,00000008
80139E48,00000030
80139E78,00000068
80139EE0,0000005C
80139F3C,00000074
80139FB0,00000080
8013A030,000002D0
8013A300,00000038
8013A338,0000006C
8013A3A4,00000120
8013A4C4,000000F4
8013A5B8,00000094
8013A64C,000000A8
8013A6F4,00000160
8013A854,000000EC
8013A940,000000EC
8013AA2C,0000008C
8013AAB8,000000E8
8013ABA0,000000B4
8013AC54,00000074
8013ACC8,0000008C
8013AD54,000000A0
8013ADF4,00000078
8013AE6C,00000050
8013AEBC,00000098
8013AF54,00000244
8013B198,000001A8
8013B340,000000E4
8013B424,00000150
8013B574,00000078
8013B5EC,0000005C
8013B648,0000009C
8013B6E4,00000010
8013B6F4,00000010
8013B704,00000010
8013B714,00000010
8013B724,00000010
8013B734,00000010
8013B744,00000010
8013B754,00000010
8013B764,00000010
8013B774,00000010
8013B784,00000010
8013B794,00000010
8013B7A4,00000010
8013B7B4,00000010
8013B7C4,00000010
8013B7D4,00000010
8013B7E4,00000008
8013B7EC,00000018
8013B804,00000008
8013B80C,00000008
8013B814,00000008
8013B81C,00000008
8013B824,00000008
8013B82C,00000008
8013B834,00000008
8013B83C,00000008
8013B844,00000008
8013B84C,00000008
8013B854,00000008
8013B85C,00000008
8013B864,00000008
8013B86C,00000008
8013B874,00000008
8013B87C,00000008
8013B884,00000008
8013B88C,00000008
8013B894,000000B0
8013B944,0000035C
8013BCA0,0000006C
8013BD0C,000000BC
8013BDC8,00000060
8013BE28,000000BC
8013BEE4,00000084
8013BF68,00000068
8013BFD0,0000012C
8013C0FC,00000158
8013C254,00000100
8013C354,000000AC
8013C400,00000074
8013C474,00000068
8013C4DC,00000080
8013C55C,00000090
8013C5EC,00000040
8013C62C,00000080
8013C6AC,000000FC
8013C7A8,00000070
8013C818,00000084
8013C89C,00000030
8013C8CC,00000030
8013C8FC,00000030
8013C92C,000000D8
8013CA04,0000009C
8013CAA0,000000B0
8013CB50,00000054
8013CBA4,000000C4
8013CC68,00000104
8013CD6C,0000008C
8013CDF8,0000008C
8013CE84,00000050
8013CED4,000000B4
8013CF88,000000C4
8013D04C,0000008C
8013D0D8,00000010
8013D0E8,00000010
8013D0F8,00000010
8013D108,00000010
8013D118,00000010
8013D128,00000010
8013D138,00000010
8013D148,00000010
8013D158,00000010
8013D168,00000010
8013D178,00000010
8013D188,00000010
8013D198,00000010
8013D1A8,00000010
8013D1B8,00000018
8013D1D0,00000008
8013D1D8,00000008
8013D1E0,00000054
8013D234,00000008
8013D23C,00000008
8013D244,00000008
8013D24C,00000008
8013D254,00000008
8013D25C,00000008
8013D264,00000008
8013D26C,00000008
8013D274,00000008
8013D27C,00000008
8013D284,00000048
8013D2CC,00000008
8013D2D4,000000D8
8013D3AC,00000040
8013D3EC,00000068
8013D454,00000068
8013D4BC,0000005C
8013D518,0000008C
8013D5A4,00000480
8013DA24,000000DC
8013DB00,00000110
8013DC10,00000108
8013DD18,0000009C
8013DDB4,000000F0
8013DEA4,000000AC
8013DF50,000000DC
8013E02C,0000005C
8013E088,000000A4
8013E12C,000000F4
8013E220,00000228
8013E448,000000A8
8013E4F0,00000188
8013E678,000000A0
8013E718,00000060
8013E778,0000005C
8013E7D4,00000054
8013E828,00000010
8013E838,00000010
8013E848,00000010
8013E858,00000010
8013E868,00000010
8013E878,00000010
8013E888,00000010
8013E898,00000018
8013E8B0,00000010
8013E8C0,00000008
8013E8C8,00000008
8013E8D0,00000008
8013E8D8,00000008
8013E8E0,00000008
8013E8E8,00000008
8013E8F0,00000050
8013E940,00000030
8013E970,00000024
8013E994,000000CC
8013EA60,00000034
8013EA94,0000014C
8013EBE0,000000A0
8013EC80,0000005C
8013ECDC,00000080
8013ED5C,00000080
8013EDDC,00000098
8013EE74,00000068
8013EEDC,0000001C
8013EEF8,000001F8
8013F0F0,000000D0
8013F1C0,000000FC
8013F2BC,0000001C
8013F2D8,0000004C
8013F324,000001B0
8013F4D4,000000AC
8013F580,000000C4
8013F644,000000B0
8013F6F4,000000DC
8013F7D0,0000006C
8013F83C,000000F0
8013F92C,000000C4
8013F9F0,0000006C
8013FA5C,00000084
8013FAE0,000000E8
8013FBC8,0000006C
8013FC34,00000068
8013FC9C,00000120
8013FDBC,0000016C
8013FF28,00000050
8013FF78,000000CC
80140044,00000048
8014008C,00000170
801401FC,000001C8
801403C4,00000138
801404FC,00000090
8014058C,000000E8
80140674,000000A8
8014071C,0000009C
801407B8,00000058
80140810,000000A4
801408B4,00000010
801408C4,00000010
801408D4,00000010
801408E4,00000010
801408F4,00000010
80140904,00000010
80140914,00000010
80140924,00000010
80140934,00000010
80140944,00000010
80140954,00000010
80140964,00000010
80140974,00000010
80140984,00000010
80140994,00000010
801409A4,00000010
801409B4,00000010
801409C4,00000008
801409CC,00000008
801409D4,00000048
80140A1C,00000008
80140A24,00000044
80140A68,00000008
80140A70,00000008
80140A78,00000008
80140A80,00000008
80140A88,00000008
80140A90,00000008
80140A98,00000008
80140AA0,00000008
80140AA8,00000048
80140AF0,00000008
80140AF8,00000008
80140B00,00000008
80140B08,0000004C
80140B54,00000230
80140D84,000000C0
80140E44,000000A0
80140EE4,000000B0
80140F94,000000D4
80141068,0000006C
801410D4,000000EC
801411C0,000000D8
80141298,0000006C
80141304,00000084
80141388,00000068
801413F0,000000E0
801414D0,0000006C
8014153C,00000078
801415B4,00000060
80141614,000000B4
801416C8,000000B0
80141778,00000198
80141910,0000009C
801419AC,00000150
80141AFC,000001AC
80141CA8,0000015C
80141E04,00000084
80141E88,00000094
80141F1C,0000007C
80141F98,0000009C
80142034,00000058
8014208C,0000009C
80142128,00000010
80142138,00000010
80142148,00000010
80142158,00000010
80142168,00000010
80142178,00000010
80142188,00000010
80142198,00000010
801421A8,00000010
801421B8,00000010
801421C8,00000010
801421D8,00000010
801421E8,00000010
801421F8,00000010
80142208,00000010
80142218,00000010
80142228,00000008
80142230,00000018
80142248,00000008
80142250,00000008
80142258,00000008
80142260,00000044
801422A4,00000008
801422AC,00000008
801422B4,00000008
801422BC,00000008
801422C4,00000008
801422CC,00000008
801422D4,00000008
801422DC,00000048
80142324,00000008
8014232C,00000008
80142334,00000008
8014233C,00000090
801423CC,00000018
801423E4,000003E4
801427C8,000000E0
801428A8,00000080
80142928,00000050
80142978,00000050
801429C8,000001CC
80142B94,00000188
80142D1C,000000F4
80142E10,00000090
80142EA0,000001B0
80143050,0000004C
8014309C,00000134
801431D0,000000C4
80143294,0000007C
80143310,0000007C
8014338C,000000E4
80143470,000000C4
80143534,0000013C
80143670,000000C0
80143730,00000090
801437C0,000001E4
801439A4,000000D4
80143A78,0000006C
80143AE4,00000088
80143B6C,00000190
80143CFC,0000005C
80143D58,0000004C
80143DA4,00000048
80143DEC,000000E0
80143ECC,00000040
80143F0C,0000027C
80144188,00000110
80144298,0000014C
801443E4,0000012C
80144510,0000035C
8014486C,00000008
80144874,000000D8
8014494C,000000A0
801449EC,00000110
80144AFC,0000005C
80144B58,0000005C
80144BB4,0000008C
80144C40,00000010
80144C50,00000010
80144C60,00000010
80144C70,00000010
80144C80,00000010
80144C90,00000010
80144CA0,00000010
80144CB0,00000010
80144CC0,00000010
80144CD0,00000010
80144CE0,00000010
80144CF0,00000010
80144D00,00000010
80144D10,00000010
80144D20,00000008
80144D28,00000008
80144D30,00000008
80144D38,00000008
80144D40,00000008
80144D48,00000008
80144D50,00000008
80144D58,00000008
80144D60,00000008
80144D68,00000008
80144D70,00000008
80144D78,00000008
80144D80,00000008
80144D88,00000008
80144D90,00000008
80144D98,00000008
80144DA0,000000B4
80144E54,000003B4
80145208,00000034
8014523C,000000B8
801452F4,0000006C
80145360,00000180
801454E0,00000068
80145548,00000068
801455B0,000002C4
80145874,0000006C
801458E0,00000084
80145964,000000B8
80145A1C,00000060
80145A7C,00000060
80145ADC,000000C4
80145BA0,000000A0
80145C40,00000090
80145CD0,00000080
80145D50,00000094
80145DE4,000001A0
80145F84,00000088
8014600C,0000020C
80146218,00000134
8014634C,00000078
801463C4,0000005C
80146420,00000074
80146494,00000010
801464A4,00000010
801464B4,00000010
801464C4,00000010
801464D4,00000010
801464E4,00000010
801464F4,00000010
80146504,00000010
80146514,00000010
80146524,00000010
80146534,00000010
80146544,00000040
80146584,00000008
8014658C,00000008
80146594,00000008
8014659C,00000008
801465A4,00000008
801465AC,00000008
801465B4,00000008
801465BC,00000030
801465EC,00000008
801465F4,00000008
801465FC,00000038
80146634,00000008
8014663C,00000038
80146674,00000008
8014667C,000000E4
80146760,00000174
801468D4,00000044
80146918,000000DC
801469F4,000000BC
80146AB0,00000064
80146B14,00000060
80146B74,00000148
80146CBC,00000128
80146DE4,0000010C
80146EF0,00000098
80146F88,0000007C
80147004,00000064
80147068,00000064
801470CC,00000064
80147130,0000004C
8014717C,0000008C
80147208,0000007C
80147284,00000050
801472D4,00000074
80147348,00000050
80147398,000000DC
80147474,0000004C
801474C0,00000050
80147510,00000050
80147560,0000007C
801475DC,00000078
80147654,00000070
801476C4,00000050
80147714,00000050
80147764,00000050
801477B4,00000050
80147804,00000060
80147864,000000B4
80147918,000000E8
80147A00,00000118
80147B18,000000C8
80147BE0,00000080
80147C60,00000158
80147DB8,000000A8
80147E60,00000114
80147F74,00000134
801480A8,0000007C
80148124,000000BC
801481E0,00000084
80148264,0000009C
80148300,0000009C
8014839C,0000009C
80148438,000000E8
80148520,00000074
80148594,00000070
80148604,00000070
80148674,0000006C
801486E0,000000A8
80148788,000000AC
80148834,00000008
8014883C,00000080
801488BC,00000080
8014893C,000000E0
80148A1C,0000005C
80148A78,000000BC
80148B34,00000010
80148B44,00000010
80148B54,00000010
80148B64,00000010
80148B74,00000010
80148B84,00000010
80148B94,00000010
80148BA4,00000010
80148BB4,00000010
80148BC4,00000010
80148BD4,00000010
80148BE4,00000010
80148BF4,00000010
80148C04,00000010
80148C14,00000010
80148C24,00000010
80148C34,00000010
80148C44,00000008
80148C4C,00000008
80148C54,00000008
80148C5C,00000008
80148C64,00000008
80148C6C,00000008
80148C74,00000018
80148C8C,00000010
80148C9C,00000008
80148CA4,00000008
80148CAC,00000008
80148CB4,00000008
80148CBC,00000008
80148CC4,00000008
80148CCC,00000008
80148CD4,00000008
80148CDC,00000008
80148CE4,00000008
80148CEC,0000003C
80148D28,000000F8
80148E20,0000003C
80148E5C,00000004
80148E60,00000088
80148EE8,00000088
80148F70,000000DC
8014904C,0000005C
801490A8,00000018
801490C0,00000008
801490C8,00000098
80149160,0000005C
801491BC,00000008
801491C4,00000084
80149248,00000058
801492A0,00000110
801493B0,000001E0
80149590,000000E4
80149674,00000094
80149708,000000D4
801497DC,000000A0
8014987C,00000034
801498B0,000000B4
80149964,000000A0
80149A04,000000E0
80149AE4,0000005C
80149B40,00000080
80149BC0,000000BC
80149C7C,000000BC
80149D38,00000078
80149DB0,00000094
80149E44,000000A4
80149EE8,0000004C
80149F34,00000078
80149FAC,0000004C
80149FF8,00000078
8014A070,00000048
8014A0B8,00000048
8014A100,00000054
8014A154,00000050
8014A1A4,000000C4
8014A268,0000006C
8014A2D4,00000078
8014A34C,00000070
8014A3BC,00000090
8014A44C,000000A8
8014A4F4,00000060
8014A554,00000060
8014A5B4,0000004C
8014A600,0000004C
8014A64C,0000004C
8014A698,00000050
8014A6E8,0000004C
8014A734,00000050
8014A784,000000D4
8014A858,000000C0
8014A918,00000068
8014A980,0000006C
8014A9EC,00000054
8014AA40,00000160
8014ABA0,00000160
8014AD00,000000BC
8014ADBC,000000B4
8014AE70,00000108
8014AF78,000000B8
8014B030,000000DC
8014B10C,000000C8
8014B1D4,000000B4
8014B288,00000080
8014B308,000000F0
8014B3F8,000000E8
8014B4E0,0000009C
8014B57C,000000B0
8014B62C,00000108
8014B734,0000005C
8014B790,00000098
8014B828,00000094
8014B8BC,00000084
8014B940,00000074
8014B9B4,0000007C
8014BA30,000000C0
8014BAF0,0000008C
8014BB7C,00000030
8014BBAC,0000009C
8014BC48,00000094
8014BCDC,00000058
8014BD34,00000094
8014BDC8,000000BC
8014BE84,00000094
8014BF18,00000084
8014BF9C,000000CC
8014C068,00000008
8014C070,00000008
8014C078,00000008
8014C080,00000008
8014C088,00000054
8014C0DC,00000008
8014C0E4,00000008
8014C0EC,00000008
8014C0F4,00000008
8014C0FC,00000008
8014C104,00000008
8014C10C,00000008
8014C114,00000008
8014C11C,00000008
8014C124,00000008
8014C12C,00000008
8014C134,00000008
8014C13C,00000008
8014C144,00000008
8014C14C,00000008
8014C154,00000008
8014C15C,00000008
8014C164,00000030
8014C194,0000005C
8014C1F0,00000010
8014C200,00000010
8014C210,00000010
8014C220,00000010
8014C230,00000010
8014C240,00000010
8014C250,00000010
8014C260,00000010
8014C270,00000010
8014C280,00000010
8014C290,00000010
8014C2A0,00000010
8014C2B0,00000010
8014C2C0,00000010
8014C2D0,00000010
8014C2E0,00000010
8014C2F0,00000010
8014C300,00000010
8014C310,00000010
8014C320,00000078
8014C398,000001D8
8014C570,000000B8
8014C628,00000088
8014C6B0,00000064
8014C714,00000080
8014C794,00000068
8014C7FC,0000009C
8014C898,0000009C
8014C934,000000A0
8014C9D4,00000084
8014CA58,0000005C
8014CAB4,0000003C
8014CAF0,00000010
8014CB00,00000010
8014CB10,00000010
8014CB20,00000010
8014CB30,00000018
8014CB48,00000010
8014CB58,00000008
8014CB60,00000008
8014CB68,00000008
8014CB70,00000008
8014CB78,000000C0
8014CC38,000000A4
8014CCDC,000000A8
8014CD84,00000098
8014CE1C,00000394
8014D1B0,00000004
8014D1B4,000000A4
8014D258,00000050
8014D2A8,000001AC
8014D454,00000010
8014D464,00000058
8014D4BC,00000034
8014D4F0,00000228
8014D718,000000A4
8014D7BC,000000C0
8014D87C,00000078
8014D8F4,000000A0
8014D994,000000B8
8014DA4C,0000006C
8014DAB8,00000138
8014DBF0,0000010C
8014DCFC,000000F0
8014DDEC,000000EC
8014DED8,000000D4
8014DFAC,0000004C
8014DFF8,00000050
8014E048,00000228
8014E270,00000314
8014E584,00000058
8014E5DC,00000150
8014E72C,00000030
8014E75C,000000DC
8014E838,000000C0
8014E8F8,000000BC
8014E9B4,00000128
8014EADC,0000015C
8014EC38,00000110
8014ED48,00000080
8014EDC8,0000006C
8014EE34,0000005C
8014EE90,000000A8
8014EF38,000001C4
8014F0FC,000000D8
8014F1D4,0000005C
8014F230,0000006C
8014F29C,00000010
8014F2AC,00000010
8014F2BC,00000010
8014F2CC,00000010
8014F2DC,00000010
8014F2EC,00000010
8014F2FC,00000010
8014F30C,00000010
8014F31C,00000010
8014F32C,00000010
8014F33C,00000018
8014F354,00000010
8014F364,00000008
8014F36C,00000008
8014F374,00000008
8014F37C,00000008
8014F384,00000050
8014F3D4,00000008
8014F3DC,00000008
8014F3E4,00000008
8014F3EC,00000008
8014F3F4,00000008
8014F3FC,0000003C
8014F438,00000158
8014F590,000000D0
8014F660,0000005C
8014F6BC,0000002C
8014F6E8,00000010
8014F6F8,00000010
8014F708,00000008
8014F710,00000050
8014F760,000000A0
8014F800,0000005C
8014F85C,00000010
8014F86C,00000088
8014F8F4,00000014
8014F908,000000F8
8014FA00,00000058
8014FA58,00000018
8014FA70,00000008
8014FA78,00000070
8014FAE8,00000010
8014FAF8,000000D4
8014FBCC,00000058
8014FC24,0000002C
8014FC50,00000010
8014FC60,00000010
8014FC70,00000050
8014FCC0,00000008
8014FCC8,00000024
8014FCEC,0000008C
8014FD78,00000010
8014FD88,00000120
8014FEA8,0000007C
8014FF24,0000005C
8014FF80,00000058
8014FFD8,00000038
80150010,00000010
80150020,00000010
80150030,00000008
80150038,00000008
80150040,0000001C
8015005C,00000090
801500EC,00000010
801500FC,0000009C
80150198,0000006C
80150204,00000090
80150294,00000074
80150308,00000014
8015031C,0000005C
80150378,0000005C
801503D4,00000058
8015042C,00000048
80150474,00000010
80150484,00000010
80150494,00000010
801504A4,00000010
801504B4,00000008
801504BC,00000008
801504C4,00000008
801504CC,00000008
801504D4,00000010
801504E4,00000080
80150564,00000034
80150598,000000B0
80150648,00000094
801506DC,00000044
80150720,00000058
80150778,0000005C
801507D4,0000010C
801508E0,000000BC
8015099C,00000198
80150B34,000000C8
80150BFC,00000008
80150C04,00000058
80150C5C,00000040
80150C9C,00000010
80150CAC,00000010
80150CBC,00000010
80150CCC,00000008
80150CD4,00000008
80150CDC,00000008
80150CE4,0000005C
80150D40,000000A0
80150DE0,00000010
80150DF0,00000094
80150E84,00000228
801510AC,00000074
80151120,000000B8
801511D8,00000070
80151248,0000006C
801512B4,00000060
80151314,00000064
80151378,0000007C
801513F4,0000005C
80151450,00000058
801514A8,00000038
801514E0,00000010
801514F0,00000010
80151500,00000008
80151508,00000008
80151510,00000028
80151538,000000C0
801515F8,00000010
80151608,00000008
80151610,00000080
80151690,00000118
801517A8,00000058
80151800,00000038
80151838,00000010
80151848,00000010
80151858,00000008
80151860,00000008
80151868,0000001C
80151884,0000008C
80151910,0000035C
80151C6C,00000130
80151D9C,000000A8
80151E44,00000130
80151F74,00000048
80151FBC,00000008
80151FC4,00000060
80152024,0000001C
80152040,00000014
80152054,000000B4
80152108,000000C4
801521CC,000000E4
801522B0,000000D0
80152380,0000011C
8015249C,000000E0
8015257C,00000088
80152604,00000100
80152704,00000208
8015290C,0000007C
80152988,000000EC
80152A74,000001B0
80152C24,00000064
80152C88,00000050
80152CD8,00000150
80152E28,00000130
80152F58,0000008C
80152FE4,00000058
8015303C,000000D4
80153110,00000034
80153144,00000058
8015319C,00000074
80153210,00000060
80153270,000001F4
80153464,000000A0
80153504,00000164
80153668,000000E8
80153750,00000030
80153780,00000048
801537C8,0000008C
80153854,000000D8
8015392C,000000B0
801539DC,00000034
80153A10,00000034
80153A44,00000060
80153AA4,0000005C
80153B00,000000B4
80153BB4,00000080
80153C34,000000B0
80153CE4,000000C4
80153DA8,0000006C
80153E14,00000108
80153F1C,00000144
80154060,000000AC
8015410C,00000098
801541A4,0000009C
80154240,00000010
80154250,00000010
80154260,00000010
80154270,00000010
80154280,00000010
80154290,00000010
801542A0,00000010
801542B0,00000010
801542C0,00000010
801542D0,00000010
801542E0,00000010
801542F0,00000010
80154300,00000010
80154310,00000010
80154320,00000010
80154330,00000010
80154340,00000054
80154394,00000008
8015439C,00000008
801543A4,00000008
801543AC,00000008
801543B4,00000008
801543BC,00000008
801543C4,00000008
801543CC,00000008
801543D4,00000008
801543DC,00000008
801543E4,00000008
801543EC,00000008
801543F4,00000008
801543FC,00000008
80154404,00000008
8015440C,00000008
80154414,00000040
80154454,00000068
801544BC,00000068
80154524,0000005C
80154580,00000050
801545D0,000000F0
801546C0,00000008
801546C8,00000008
801546D0,00000028
801546F8,00000078
80154770,00000080
801547F0,00000094
80154884,00000094
80154918,00000094
801549AC,00000058
80154A04,00000034
80154A38,00000010
80154A48,00000010
80154A58,00000010
80154A68,00000008
80154A70,00000008
80154A78,00000048
80154AC0,0000004C
80154B0C,00000068
80154B74,00000014
80154B88,00000068
80154BF0,00000058
80154C48,0000015C
80154DA4,0000009C
80154E40,00000064
80154EA4,00000014
80154EB8,0000008C
80154F44,00000048
80154F8C,00000070
80154FFC,0000004C
80155048,00000088
801550D0,00000078
80155148,0000005C
801551A4,000000C8
8015526C,00000064
801552D0,00000074
80155344,0000002C
80155370,000007D8
80155B48,00000008
80155B50,00000054
80155BA4,00000014
80155BB8,00000058
80155C10,00000030
80155C40,000000CC
80155D0C,00000040
80155D4C,00000058
80155DA4,00000060
80155E04,0000006C
80155E70,00000124
80155F94,000000F8
8015608C,00000010
8015609C,00000014
801560B0,0000014C
801561FC,00000058
80156254,00000074
801562C8,0000007C
80156344,00000048
8015638C,0000000C
80156398,0000000C
801563A4,00000190
80156534,00000094
801565C8,00000098
80156660,00000070
801566D0,00000034
80156704,00000008
8015670C,0000002C
80156738,00000060
80156798,00000518
80156CB0,0000002C
80156CDC,00000064
80156D40,00000028
80156D68,000001E0
80156F48,00000160
801570A8,000003D4
8015747C,000002F0
8015776C,00000104
80157870,0000007C
801578EC,00000068
80157954,000000E8
80157A3C,00000008
80157A44,00000040
80157A84,00000038
80157ABC,00000008
80157AC4,00000008
80157ACC,00000008
80157AD4,00000008
80157ADC,00000228
80157D04,00000084
80157D88,000001F0
80157F78,000000A8
80158020,00000008
80158028,00000008
80158030,00000008
80158038,0000001C
80158054,00000008
8015805C,00000008
80158064,000000D8
8015813C,000002A0
801583DC,00000044
80158420,000000C0
801584E0,00000050
80158530,00000048
80158578,000000C0
80158638,00000004
8015863C,00000014
80158650,00000084
801586D4,00000084
80158758,00000084
801587DC,00000084
80158860,00000084
801588E4,00000084
80158968,00000084
801589EC,00000084
80158A70,00000084
80158AF4,00000088
80158B7C,0000005C
80158BD8,0000005C
80158C34,0000000C
80158C40,000000A4
80158CE4,00000070
80158D54,00000010
80158D64,0000015C
80158EC0,00000040
80158F00,000000B8
80158FB8,0000006C
80159024,00000008
8015902C,00000040
8015906C,00000094
80159100,00000098
80159198,00000008
801591A0,00000040
801591E0,0000007C
8015925C,000000D0
8015932C,00000008
80159334,00000040
80159374,00000068
801593DC,00000074
80159450,00000008
80159458,00000040
80159498,0000005C
801594F4,00000008
801594FC,0000004C
80159548,000000B8
80159600,00000008
80159608,000000BC
801596C4,0000004C
80159710,00000008
80159718,00000078
80159790,00000044
801597D4,00000040
80159814,0000002C
80159840,00000008
80159848,00000040
80159888,000000A0
80159928,0000013C
80159A64,00000008
80159A6C,00000040
80159AAC,000000FC
80159BA8,00000008
80159BB0,00000004
80159BB4,00000004
80159BB8,00000004
80159BBC,00000024
80159BE0,00000024
80159C04,000000C4
80159CC8,00000070
80159D38,00000124
80159E5C,0000006C
80159EC8,00000028
80159EF0,0000000C
80159EFC,00000008
80159F04,00000020
80159F24,00000008
80159F2C,0000008C
80159FB8,000001CC
8015A184,000000CC
8015A250,0000003C
8015A28C,00000054
8015A2E0,00000008
8015A2E8,00000114
8015A3FC,00000008
8015A404,00000034
8015A438,00000030
8015A468,000000B8
8015A520,00000004
8015A524,00000048
8015A56C,00000044
8015A5B0,00000004
8015A5B4,000001D8
8015A78C,00000068
8015A7F4,00000058
8015A84C,00000064
8015A8B0,00000114
8015A9C4,00000014
8015A9D8,00000108
8015AAE0,00000200
8015ACE0,00000100
8015ADE0,00000050
8015AE30,00000040
8015AE70,00000008
8015AE78,00000014
8015AE8C,00000214
8015B0A0,0000004C
8015B0EC,00000068
8015B154,0000001C
8015B170,0000019C
8015B30C,00000050
8015B35C,0000001C
8015B378,00000030
8015B3A8,000000A4
8015B44C,00000038
8015B484,00000090
8015B514,00000064
8015B578,000000DC
8015B654,00000018
8015B66C,00000258
8015B8C4,00000004
8015B8C8,00000064
8015B92C,000000C8
8015B9F4,0000013C
8015BB30,0000007C
8015BBAC,00000074
8015BC20,0000000C
8015BC2C,000000A4
8015BCD0,00000008
8015BCD8,00000008
8015BCE0,00000008
8015BCE8,00000008
8015BCF0,00000008
8015BCF8,00000008
8015BD00,00000008
8015BD08,00000008
8015BD10,00000034
8015BD44,00000064
8015BDA8,00000064
8015BE0C,00000064
8015BE70,00000064
8015BED4,00000074
8015BF48,00000084
8015BFCC,00000058
8015C024,00000048
8015C06C,00000094
8015C100,00000070
8015C170,0000002C
8015C19C,00000020
8015C1BC,00000018
8015C1D4,000000DC
8015C2B0,000000F0
8015C3A0,0000006C
8015C40C,0000004C
8015C458,0000021C
8015C674,00000094
8015C708,00000114
8015C81C,00000094
8015C8B0,000000FC
8015C9AC,00000024
8015C9D0,000000F0
8015CAC0,00000058
8015CB18,00000088
8015CBA0,00000028
8015CBC8,00000028
8015CBF0,00000004
8015CBF4,0000004C
8015CC40,00000058
8015CC98,00000040
8015CCD8,00000050
8015CD28,00000090
8015CDB8,00000028
8015CDE0,00000030
8015CE10,0000003C
8015CE4C,00000030
8015CE7C,0000005C
8015CED8,0000008C
8015CF64,00000070
8015CFD4,00000068
8015D03C,00000078
8015D0B4,00000058
8015D10C,0000002C
8015D138,00000010
8015D148,00000010
8015D158,00000008
8015D160,00000008
8015D168,00000100
8015D268,00000008
8015D270,00000008
8015D278,00000020
8015D298,00000010
8015D2A8,00000128
8015D3D0,00000018
8015D3E8,000004A4
8015D88C,00000104
8015D990,00000184
8015DB14,00000094
8015DBA8,000000E4
8015DC8C,000000D8
8015DD64,000001DC
8015DF40,00000100
8015E040,000002E8
8015E328,000002E8
8015E610,00000014
8015E624,000000F0
8015E714,000000A8
8015E7BC,000000E8
8015E8A4,00000068
8015E90C,00000068
8015E974,0000006C
8015E9E0,00000068
8015EA48,00000008
8015EA50,00000094
8015EAE4,000000C0
8015EBA4,000000A8
8015EC4C,00000098
8015ECE4,000000EC
8015EDD0,00000044
8015EE14,00000030
8015EE44,00000088
8015EECC,00000058
8015EF24,00000064
8015EF88,00000080
8015F008,00000070
8015F078,00000010
8015F088,00000024
8015F0AC,00000064
8015F110,00000078
8015F188,00000020
8015F1A8,00000064
8015F20C,0000005C
8015F268,00000044
8015F2AC,00000040
8015F2EC,000000C8
8015F3B4,00000008
8015F3BC,00000064
8015F420,00000008
8015F428,00000008
8015F430,00000080
8015F4B0,00000008
8015F4B8,00000028
8015F4E0,00000040
8015F520,00000040
8015F560,00000058
8015F5B8,00000094
8015F64C,0000006C
8015F6B8,00000014
8015F6CC,00000020
8015F6EC,000000A8
8015F794,000000A4
8015F838,000000A0
8015F8D8,00000094
8015F96C,00000068
8015F9D4,00000090
8015FA64,00000098
8015FAFC,00000058
8015FB54,00000058
8015FBAC,00000080
8015FC2C,000000C8
8015FCF4,00000004
8015FCF8,00000004
8015FCFC,00000078
8015FD74,0000002C
8015FDA0,00000050
8015FDF0,000002E4
801600D4,00000024
801600F8,00000058
80160150,00000084
801601D4,00000090
80160264,00000050
801602B4,000000A0
80160354,00000084
801603D8,000000D0
801604A8,00000088
80160530,00000008
80160538,00000018
80160550,00000018
80160568,0000004C
801605B4,0000007C
80160630,000000A0
801606D0,00000090
80160760,00000064
801607C4,00000064
80160828,0000000C
80160834,0000000C
80160840,0000000C
8016084C,0000000C
80160858,0000000C
80160864,0000000C
80160870,0000000C
8016087C,0000001C
80160898,00000028
801608C0,00000068
80160928,00000088
801609B0,000000C0
80160A70,00000064
80160AD4,00000064
80160B38,0000000C
80160B44,00000180
80160CC4,000000B0
80160D74,000000EC
80160E60,00000008
80160E68,00000080
80160EE8,00000038
80160F20,00000020
80160F40,000000E0
80161020,00000028
80161048,00000028
80161070,000000AC
8016111C,000001B8
801612D4,00000050
80161324,00000100
80161424,0000005C
80161480,00000274
801616F4,0000007C
80161770,00000080
801617F0,00000064
80161854,000001E4
80161A38,0000005C
80161A94,0000005C
80161AF0,00000038
80161B28,00000038
80161B60,0000005C
80161BBC,00000084
80161C40,00000040
80161C80,00000068
80161CE8,00000068
80161D50,0000007C
80161DCC,000000AC
80161E78,00000014
80161E8C,00000188
80162014,00000014
80162028,0000004C
80162074,000000A0
80162114,00000090
801621A4,00000098
8016223C,00000068
801622A4,000000B8
8016235C,00000034
80162390,00000024
801623B4,00000024
801623D8,00000064
8016243C,00000064
801624A0,0000015C
801625FC,00000010
8016260C,00000060
8016266C,00000034
801626A0,0000007C
8016271C,000000F8
80162814,000000E8
801628FC,00000064
80162960,00000064
801629C4,00000064
80162A28,00000014
80162A3C,00000070
80162AAC,00000070
80162B1C,00000044
80162B60,00000008
80162B68,00000080
80162BE8,0000007C
80162C64,000000A0
80162D04,0000009C
80162DA0,00000054
80162DF4,000000A4
80162E98,00000080
80162F18,00000078
80162F90,00000168
801630F8,00000044
8016313C,00000044
80163180,00000018
80163198,00000014
801631AC,000000DC
80163288,00000040
801632C8,00000068
80163330,00000068
80163398,0000008C
80163424,000000BC
801634E0,0000001C
801634FC,0000007C
80163578,0000002C
801635A4,0000001C
801635C0,00000040
80163600,00000054
80163654,00000058
801636AC,000000B4
80163760,00000018
80163778,00000090
80163808,00000014
8016381C,0000003C
80163858,00000068
801638C0,00000060
80163920,00000064
80163984,0000002C
801639B0,00000078
80163A28,0000025C
80163C84,0000008C
80163D10,00000080
80163D90,000000C0
80163E50,000000C4
80163F14,000000C4
80163FD8,000000D8
801640B0,000000B8
80164168,0000005C
801641C4,0000005C
80164220,00000038
80164258,00000060
801642B8,00000060
80164318,00000060
80164378,00000060
801643D8,00000010
801643E8,000000B0
80164498,00000024
801644BC,000000B4
80164570,000001CC
8016473C,000000AC
801647E8,00000064
8016484C,00000010
8016485C,00000078
801648D4,00000038
8016490C,00000038
80164944,000000C8
80164A0C,00000064
80164A70,00000088
80164AF8,0000006C
80164B64,00000044
80164BA8,00000044
80164BEC,00000074
80164C60,00000064
80164CC4,00000070
80164D34,00000080
80164DB4,000001D8
80164F8C,000000DC
80165068,00000040
801650A8,00000068
80165110,00000068
80165178,0000000C
80165184,0000000C
80165190,00000074
80165204,000000E8
801652EC,00000004
801652F0,00000010
80165300,000000C4
801653C4,00000010
801653D4,000000A4
80165478,0000011C
80165594,0000004C
801655E0,0000005C
8016563C,00000024
80165660,00000110
80165770,000000A4
80165814,00000010
80165824,00000008
8016582C,0000003C
80165868,0000000C
80165874,00000018
8016588C,00000048
801658D4,00000074
80165948,0000007C
801659C4,000000A0
80165A64,00000054
80165AB8,00000050
80165B08,000000B8
80165BC0,00000050
80165C10,000000AC
80165CBC,000000A8
80165D64,00000054
80165DB8,00000114
80165ECC,00000030
80165EFC,00000088
80165F84,00000044
80165FC8,00000004
80165FCC,0000002C
80165FF8,00000008
80166000,00000084
80166084,0000001C
801660A0,00000030
801660D0,0000003C
8016610C,00000004
80166110,00000010
80166120,00000074
80166194,00000070
80166204,0000007C
80166280,00000068
801662E8,000000A8
80166390,00000014
801663A4,00000084
80166428,00000010
80166438,00000044
8016647C,00000004
80166480,00000004
80166484,00000088
8016650C,000000B4
801665C0,000000D0
80166690,000000BC
8016674C,0000005C
801667A8,00000058
80166800,000000AC
801668AC,00000038
801668E4,000000A8
8016698C,000000A4
80166A30,00000034
80166A64,00000034
80166A98,000001A4
80166C3C,00000028
80166C64,00000008
80166C6C,00000020
80166C8C,00000008
80166C94,0000000C
80166CA0,0000000C
80166CAC,00000088
80166D34,0000000C
80166D40,0000000C
80166D4C,00000074
80166DC0,000000C4
80166E84,000000C4
80166F48,000000C4
8016700C,000000A0
801670AC,00000014
801670C0,0000009C
8016715C,00000054
801671B0,00000054
80167204,0000004C
80167250,00000164
801673B4,00000044
801673F8,0000005C
80167454,00000090
801674E4,00000170
80167654,000000A0
801676F4,00000054
80167748,00000020
80167768,00000118
80167880,000000B4
80167934,000001E0
80167B14,00000074
80167B88,0000001C
80167BA4,00000044
80167BE8,000000A0
80167C88,00000084
80167D0C,00000080
80167D8C,00000098
80167E24,00000020
80167E44,00000064
80167EA8,0000007C
80167F24,00000174
80168098,0000005C
801680F4,00000010
80168104,00000074
80168178,00000004
8016817C,00000004
80168180,00000008
80168188,00000004
8016818C,00000004
80168190,00000004
80168194,00000004
80168198,00000004
8016819C,00000004
801681A0,00000084
80168224,0000003C
80168260,00000058
801682B8,0000005C
80168314,0000005C
80168370,00000070
801683E0,000000D0
801684B0,000000D8
80168588,00000038
801685C0,00000008
801685C8,00000060
80168628,0000005C
80168684,00000070
801686F4,00000014
80168708,00000028
80168730,0000005C
8016878C,00000104
80168890,000001A0
80168A30,000000AC
80168ADC,00000064
80168B40,00000028
80168B68,0000003C
80168BA4,00000058
80168BFC,0000004C
80168C48,000000D0
80168D18,00000050
80168D68,000000BC
80168E24,0000006C
80168E90,00000014
80168EA4,0000005C
80168F00,0000005C
80168F5C,00000030
80168F8C,0000009C
80169028,00000038
80169060,00000030
80169090,00000030
801690C0,00000008
801690C8,0000012C
801691F4,00000060
80169254,00000054
801692A8,00000054
801692FC,00000054
80169350,00000054
801693A4,00000054
801693F8,00000044
8016943C,00000048
80169484,00000048
801694CC,00000048
80169514,00000048
8016955C,00000018
80169574,0000000C
80169580,0000000C
8016958C,0000000C
80169598,0000000C
801695A4,0000000C
801695B0,0000000C
801695BC,0000001C
801695D8,00000018
801695F0,00000018
80169608,00000018
80169620,00000018
80169638,00000018
80169650,00000008
80169658,00000008
80169660,00000008
80169668,00000008
80169670,00000008
80169678,0000003C
801696B4,0000006C
80169720,0000001C
8016973C,00000008
80169744,0000001C
80169760,00000024
80169784,00000018
8016979C,00000094
80169830,0000011C
8016994C,00000080
801699CC,00000098
80169A64,0000006C
80169AD0,0000015C
80169C2C,0000004C
80169C78,000000F4
80169D6C,00000010
80169D7C,0000005C
80169DD8,00000060
80169E38,00000038
80169E70,00000064
80169ED4,0000005C
80169F30,000000C8
80169FF8,00000004
80169FFC,00000128
8016A124,00000034
8016A158,00000034
8016A18C,0000006C
8016A1F8,000000E4
8016A2DC,00000080
8016A35C,00000014
8016A370,000000A0
8016A410,00000074
8016A484,00000068
8016A4EC,00000060
8016A54C,00000010
8016A55C,0000006C
8016A5C8,000000AC
8016A674,000000B0
8016A724,00000074
8016A798,0000003C
8016A7D4,000000C0
8016A894,00000044
8016A8D8,00000024
8016A8FC,00000008
8016A904,00000008
8016A90C,00000008
8016A914,00000008
8016A91C,00000008
8016A924,0000000C
8016A930,000000C0
8016A9F0,00000088
8016AA78,00000048
8016AAC0,00000008
8016AAC8,00000054
8016AB1C,00000064
8016AB80,00000038
8016ABB8,00000010
8016ABC8,0000000C
8016ABD4,00000050
8016AC24,00000008
8016AC2C,00000094
8016ACC0,00000084
8016AD44,00000068
8016ADAC,00000088
8016AE34,0000006C
8016AEA0,0000008C
8016AF2C,00000070
8016AF9C,00000074
8016B010,00000124
8016B134,00000078
8016B1AC,00000024
8016B1D0,00000050
8016B220,00000034
8016B254,00000014
8016B268,00000140
8016B3A8,00000134
8016B4DC,00000108
8016B5E4,00000100
8016B6E4,000000D8
8016B7BC,0000003C
8016B7F8,00000058
8016B850,00000128
8016B978,000000E8
8016BA60,000000EC
8016BB4C,00000014
8016BB60,00000058
8016BBB8,00000020
8016BBD8,00000004
8016BBDC,00000068
8016BC44,00000080
8016BCC4,00000054
8016BD18,00000028
8016BD40,00000008
8016BD48,00000010
8016BD58,00000098
8016BDF0,00000038
8016BE28,0000005C
8016BE84,0000004C
8016BED0,0000004C
8016BF1C,00000058
8016BF74,000000CC
8016C040,00000150
8016C190,00000008
8016C198,00000008
8016C1A0,00000014
8016C1B4,00000040
8016C1F4,00000028
8016C21C,00000008
8016C224,00000028
8016C24C,00000028
8016C274,00000094
8016C308,00000010
8016C318,00000044
8016C35C,00000034
8016C390,0000003C
8016C3CC,00000020
8016C3EC,00000008
8016C3F4,00000010
8016C404,00000020
8016C424,0000003C
8016C460,00000010
8016C470,00000020
8016C490,0000003C
8016C4CC,00000008
8016C4D4,00000008
8016C4DC,0000000C
8016C4E8,0000000C
8016C4F4,00000058
8016C54C,0000000C
8016C558,0000000C
8016C564,00000014
8016C578,00000058
8016C5D0,0000005C
8016C62C,0000000C
8016C638,00000058
8016C690,0000005C
8016C6EC,0000000C
8016C6F8,00000008
8016C700,0000000C
8016C70C,0000000C
8016C718,00000010
8016C728,0000000C
8016C734,0000000C
8016C740,0000000C
8016C74C,0000000C
8016C758,00000038
8016C790,00000054
8016C7E4,00000014
8016C7F8,00000060
8016C858,00000074
8016C8CC,00000044
8016C910,00000008
8016C918,00000008
8016C920,00000058
8016C978,0000005C
8016C9D4,00000058
8016CA2C,00000054
8016CA80,0000001C
8016CA9C,0000042C
8016CEC8,00000058
8016CF20,0000004C
8016CF6C,00000008
8016CF74,00000138
8016D0AC,00000060
8016D10C,000000D4
8016D1E0,0000005C
8016D23C,00000058
8016D294,00000084
8016D318,0000003C
8016D354,00000008
8016D35C,00000014
8016D370,000001F0
8016D560,00000058
8016D5B8,0000007C
8016D634,00000008
8016D63C,0000006C
8016D6A8,00000788
8016DE30,00000148
8016DF78,00000058
8016DFD0,00000058
8016E028,0000005C
8016E084,00000060
8016E0E4,00000008
8016E0EC,000000F8
8016E1E4,00000068
8016E24C,00000070
8016E2BC,00000008
8016E2C4,00000008
8016E2CC,0000000C
8016E2D8,0000000C
8016E2E4,00000048
8016E32C,000000D8
8016E404,00000038
8016E43C,00000090
8016E4CC,00000004
8016E4D0,00000004
8016E4D4,00000024
8016E4F8,00000110
8016E608,00000058
8016E660,0000004C
8016E6AC,00000078
8016E724,00000058
8016E77C,00000008
8016E784,00000034
8016E7B8,00000060
8016E818,00000040
8016E858,00000114
8016E96C,00000084
8016E9F0,00000080
8016EA70,00000058
8016EAC8,0000005C
8016EB24,00000058
8016EB7C,000002C8
8016EE44,00000008
8016EE4C,00000008
8016EE54,00000008
8016EE5C,00000008
8016EE64,00000058
8016EEBC,00000044
8016EF00,00000034
8016EF34,00000008
8016EF3C,00000058
8016EF94,00000068
8016EFFC,0000005C
8016F058,00000284
8016F2DC,00000014
8016F2F0,00000058
8016F348,00000068
8016F3B0,000002C0
8016F670,00000014
8016F684,00000058
8016F6DC,0000005C
8016F738,00000008
8016F740,0000005C
8016F79C,000000D8
8016F874,000000EC
8016F960,00000078
8016F9D8,00000030
8016FA08,00000068
8016FA70,0000005C
8016FACC,0000001C
8016FAE8,00000058
8016FB40,00000064
8016FBA4,0000001C
8016FBC0,00000068
8016FC28,00000050
8016FC78,00000128
8016FDA0,000000A4
8016FE44,00000004
8016FE48,00000058
8016FEA0,00000074
8016FF14,0000001C
8016FF30,0000004C
8016FF7C,00000004
8016FF80,00000074
8016FFF4,00000128
8017011C,0000013C
80170258,00000068
801702C0,000000B0
80170370,00000190
80170500,00000044
80170544,00000058
8017059C,00000058
801705F4,0000001C
80170610,00000058
80170668,00000058
801706C0,00000028
801706E8,00000050
80170738,000001DC
80170914,000000BC
801709D0,0000004C
80170A1C,0000000C
80170A28,00000084
80170AAC,00000054
80170B00,00000054
80170B54,000000B0
80170C04,000000E0
80170CE4,0000003C
80170D20,0000005C
80170D7C,00000058
80170DD4,00000004
80170DD8,0000003C
80170E14,00000004
80170E18,00000058
80170E70,0000004C
80170EBC,0000001C
80170ED8,00000070
80170F48,00000044
80170F8C,0000002C
80170FB8,00000010
80170FC8,00000010
80170FD8,00000008
80170FE0,00000008
80170FE8,00000040
80171028,00000030
80171058,00000068
801710C0,00000058
80171118,00000058
80171170,00000058
801711C8,00000058
80171220,00000020
80171240,000000D0
80171310,00000160
80171470,000000F0
80171560,000000C0
80171620,00000204
80171824,00000158
8017197C,00000100
80171A7C,000000C0
80171B3C,00000018
80171B54,00000010
80171B64,00000050
80171BB4,00000050
80171C04,00000080
80171C84,0000017C
80171E00,00000048
80171E48,0000004C
80171E94,00000010
80171EA4,0000017C
80172020,00000170
80172190,00000220
801723B0,00000074
80172424,000001F4
80172618,00000098
801726B0,00000080
80172730,000000D8
80172808,00000068
80172870,00000200
80172A70,0000015C
80172BCC,00000150
80172D1C,000000F0
80172E0C,00000064
80172E70,000000BC
80172F2C,00000138
80173064,000000B0
80173114,00000104
80173218,000000E8
80173300,000000F0
801733F0,000000A8
80173498,000000A8
80173540,0000005C
8017359C,00000054
801735F0,00000010
80173600,00000010
80173610,00000010
80173620,00000010
80173630,00000010
80173640,00000010
80173650,00000010
80173660,00000008
80173668,00000008
80173670,00000008
80173678,00000008
80173680,00000008
80173688,00000008
80173690,00000008
80173698,00000034
801736CC,00000030
801736FC,00000098
80173794,000000E0
80173874,00000044
801738B8,00000044
801738FC,0000003C
80173938,0000003C
80173974,000001E0
80173B54,0000024C
80173DA0,0000025C
80173FFC,000002BC
801742B8,000001B8
80174470,00000160
801745D0,0000008C
8017465C,00000078
801746D4,00000010
801746E4,000000A0
80174784,0000007C
80174800,0000002C
8017482C,000001B8
801749E4,000000EC
80174AD0,000000DC
80174BAC,00000074
80174C20,00000058
80174C78,00000010
80174C88,00000064
80174CEC,0000005C
80174D48,00000068
80174DB0,0000007C
80174E2C,0000005C
80174E88,00000044
80174ECC,0000005C
80174F28,00000044
80174F6C,000000C8
80175034,00000044
80175078,000000F8
80175170,00000280
801753F0,000000E0
801754D0,00000150
80175620,00000068
80175688,00000010
80175698,00000010
801756A8,00000010
801756B8,00000010
801756C8,00000060
80175728,000000CC
801757F4,00000004
801757F8,00000004
801757FC,00000060
8017585C,00000028
80175884,00000058
801758DC,000000AC
80175988,000000AC
80175A34,000000C4
80175AF8,00000058
80175B50,00000058
80175BA8,00000014
80175BBC,00000014
80175BD0,00000030
80175C00,00000074
80175C74,00000054
80175CC8,00000060
80175D28,00000008
80175D30,0000000C
80175D3C,00000144
80175E80,000001BC
8017603C,00000048
80176084,00000020
801760A4,00000018
801760BC,00000030
801760EC,0000000C
801760F8,00000214
8017630C,000002CC
801765D8,000001A8
80176780,000001B8
80176938,00000348
80176C80,000000B4
80176D34,000001EC
80176F20,000000EC
8017700C,00000110
8017711C,00000088
801771A4,00000074
80177218,0000005C
80177274,00000044
801772B8,0000003C
801772F4,00000008
801772FC,00000074
80177370,00000008
80177378,00000008
80177380,00000060
801773E0,00000060
80177440,00000098
801774D8,0000012C
80177604,00000068
8017766C,00000114
80177780,00000064
801777E4,00000058
8017783C,0000005C
80177898,00000044
801778DC,00000010
801778EC,00000010
801778FC,00000010
8017790C,00000010
8017791C,00000010
8017792C,00000008
80177934,00000008
8017793C,00000008
80177944,00000008
8017794C,00000008
80177954,00000044
80177998,0000006C
80177A04,00000038
80177A3C,000000EC
80177B28,00000070
80177B98,000000A4
80177C3C,00000134
80177D70,00000034
80177DA4,00000010
80177DB4,00000010
80177DC4,00000010
80177DD4,00000008
80177DDC,00000004
80177DE0,00000008
80177DE8,0000005C
80177E44,00000008
80177E4C,000000BC
80177F08,00000010
80177F18,00000014
80177F2C,00000014
80177F40,00000010
80177F50,00000008
80177F58,00000008
80177F60,00000010
80177F70,00000010
80177F80,00000008
80177F88,000000DC
80178064,00000158
801781BC,000000A4
80178260,000000A8
80178308,00000038
80178340,0000008C
801783CC,00000008
801783D4,00000008
801783DC,00000040
8017841C,00000084
801784A0,000000CC
8017856C,00000040
801785AC,0000000C
801785B8,00000014
801785CC,00000008
801785D4,00000010
801785E4,00000008
801785EC,00000080
8017866C,00000050
801786BC,0000000C
801786C8,00000010
801786D8,000000F0
801787C8,000000FC
801788C4,00000150
80178A14,000001F4
80178C08,00000068
80178C70,0000007C
80178CEC,00000120
80178E0C,00000058
80178E64,000000F8
80178F5C,00000678
801795D4,0000009C
80179670,0000009C
8017970C,00000050
8017975C,00000088
801797E4,000000A8
8017988C,000000A8
80179934,000000A8
801799DC,00000094
80179A70,00000064
80179AD4,00000058
80179B2C,00000090
80179BBC,00000090
80179C4C,0000006C
80179CB8,000000D4
80179D8C,00000064
80179DF0,00000088
80179E78,00000130
80179FA8,00000078
8017A020,00000078
8017A098,00000078
8017A110,0000005C
8017A16C,00000058
8017A1C4,00000058
8017A21C,00000084
8017A2A0,00000010
8017A2B0,00000010
8017A2C0,00000010
8017A2D0,00000010
8017A2E0,00000010
8017A2F0,00000010
8017A300,00000010
8017A310,00000010
8017A320,00000010
8017A330,00000010
8017A340,00000010
8017A350,00000010
8017A360,00000010
8017A370,00000008
8017A378,00000008
8017A380,00000008
8017A388,00000008
8017A390,00000010
8017A3A0,00000008
8017A3A8,00000010
8017A3B8,00000008
8017A3C0,00000008
8017A3C8,00000008
8017A3D0,00000008
8017A3D8,00000004
8017A3DC,00000004
8017A3E0,000000C4
8017A4A4,00000004
8017A4A8,00000044
8017A4EC,00000008
8017A4F4,00000008
8017A4FC,00000008
8017A504,00000008
8017A50C,0000000C
8017A518,0000000C
8017A524,0000000C
8017A530,0000000C
8017A53C,0000000C
8017A548,00000060
8017A5A8,00000060
8017A608,0000004C
8017A654,0000005C
8017A6B0,0000003C
8017A6EC,00000010
8017A6FC,00000010
8017A70C,00000010
8017A71C,00000010
8017A72C,00000008
8017A734,00000048
8017A77C,00000008
8017A784,00000048
8017A7CC,00000040
8017A80C,000000A4
8017A8B0,00000130
8017A9E0,0000004C
8017AA2C,00000044
8017AA70,00000008
8017AA78,00000008
8017AA80,00000040
8017AAC0,00000008
8017AAC8,00000048
8017AB10,00000084
8017AB94,0000011C
8017ACB0,0000009C
8017AD4C,00000060
8017ADAC,0000004C
8017ADF8,00000060
8017AE58,0000017C
8017AFD4,00000150
8017B124,00000068
8017B18C,0000004C
8017B1D8,00000044
8017B21C,00000040
8017B25C,00000050
8017B2AC,00000044
8017B2F0,0000004C
8017B33C,00000064
8017B3A0,0000004C
8017B3EC,000000C4
8017B4B0,0000000C
8017B4BC,00000064
8017B520,000000AC
8017B5CC,0000007C
8017B648,000000B8
8017B700,00000058
8017B758,00000058
8017B7B0,00000058
8017B808,00000058
8017B860,00000060
8017B8C0,00000064
8017B924,000000E4
8017BA08,0000007C
8017BA84,000000BC
8017BB40,00000044
8017BB84,00000174
8017BCF8,0000008C
8017BD84,00000050
8017BDD4,00000334
8017C108,00000134
8017C23C,00000058
8017C294,00000058
8017C2EC,0000006C
8017C358,0000005C
8017C3B4,00000034
8017C3E8,00000058
8017C440,00000020
8017C460,00000018
8017C478,00000090
8017C508,00000090
8017C598,000000CC
8017C664,00000030
8017C694,0000008C
8017C720,00000094
8017C7B4,000000C0
8017C874,000000A4
8017C918,0000006C
8017C984,00000084
8017CA08,00000058
8017CA60,00000064
8017CAC4,00000058
8017CB1C,000000BC
8017CBD8,00000058
8017CC30,0000006C
8017CC9C,0000007C
8017CD18,0000018C
8017CEA4,00000078
8017CF1C,00000108
8017D024,00000068
8017D08C,000000BC
8017D148,00000084
8017D1CC,00000090
8017D25C,00000100
8017D35C,0000007C
8017D3D8,000000F4
8017D4CC,000000DC
8017D5A8,000000C4
8017D66C,000000C4
8017D730,00000058
8017D788,00000088
8017D810,00000074
8017D884,0000007C
8017D900,000000DC
8017D9DC,00000128
8017DB04,00000054
8017DB58,00000054
8017DBAC,00000158
8017DD04,0000007C
8017DD80,000000D4
8017DE54,0000006C
8017DEC0,00000054
8017DF14,00000088
8017DF9C,0000006C
8017E008,000000BC
8017E0C4,00000090
8017E154,00000068
8017E1BC,00000080
8017E23C,00000058
8017E294,00000064
8017E2F8,00000194
8017E48C,00000010
8017E49C,00000010
8017E4AC,00000010
8017E4BC,00000010
8017E4CC,00000010
8017E4DC,00000010
8017E4EC,00000010
8017E4FC,00000010
8017E50C,00000010
8017E51C,00000010
8017E52C,00000010
8017E53C,00000010
8017E54C,00000010
8017E55C,00000010
8017E56C,00000010
8017E57C,00000010
8017E58C,00000010
8017E59C,00000010
8017E5AC,00000010
8017E5BC,00000010
8017E5CC,00000010
8017E5DC,00000010
8017E5EC,00000010
8017E5FC,00000010
8017E60C,00000010
8017E61C,00000010
8017E62C,00000010
8017E63C,00000010
8017E64C,00000010
8017E65C,00000010
8017E66C,00000010
8017E67C,00000010
8017E68C,00000010
8017E69C,00000010
8017E6AC,00000010
8017E6BC,00000010
8017E6CC,00000010
8017E6DC,00000010
8017E6EC,00000010
8017E6FC,00000010
8017E70C,00000010
8017E71C,00000010
8017E72C,00000010
8017E73C,00000010
8017E74C,00000010
8017E75C,00000010
8017E76C,00000010
8017E77C,00000008
8017E784,00000008
8017E78C,00000008
8017E794,00000008
8017E79C,00000008
8017E7A4,00000008
8017E7AC,00000008
8017E7B4,00000008
8017E7BC,00000008
8017E7C4,00000008
8017E7CC,00000008
8017E7D4,00000008
8017E7DC,00000008
8017E7E4,00000008
8017E7EC,00000008
8017E7F4,00000008
8017E7FC,00000008
8017E804,00000008
8017E80C,00000008
8017E814,00000008
8017E81C,00000008
8017E824,00000008
8017E82C,00000008
8017E834,00000008
8017E83C,00000008
8017E844,00000008
8017E84C,00000008
8017E854,00000008
8017E85C,00000008
8017E864,00000008
8017E86C,00000008
8017E874,00000008
8017E87C,00000008
8017E884,00000008
8017E88C,00000008
8017E894,00000008
8017E89C,00000008
8017E8A4,00000008
8017E8AC,00000008
8017E8B4,00000008
8017E8BC,00000008
8017E8C4,00000008
8017E8CC,00000008
8017E8D4,00000008
8017E8DC,00000008
8017E8E4,00000008
8017E8EC,00000038
8017E924,00000040
8017E964,00000030
8017E994,00000068
8017E9FC,0000005C
8017EA58,0000005C
8017EAB4,00000030
8017EAE4,0000005C
8017EB40,00000050
8017EB90,0000009C
8017EC2C,00000034
8017EC60,00000008
8017EC68,00000008
8017EC70,00000188
8017EDF8,00000018
8017EE10,00000008
8017EE18,0000005C
8017EE74,0000005C
8017EED0,00000108
8017EFD8,000000DC
8017F0B4,000000C4
8017F178,000001A4
8017F31C,000000F4
8017F410,000001D0
8017F5E0,00000068
8017F648,0000008C
8017F6D4,0000005C
8017F730,00000074
8017F7A4,000001FC
8017F9A0,0000006C
8017FA0C,0000006C
8017FA78,00000058
8017FAD0,00000034
8017FB04,00000010
8017FB14,00000010
8017FB24,00000010
8017FB34,00000008
8017FB3C,00000008
8017FB44,00000008
8017FB4C,0000005C
8017FBA8,00000118
8017FCC0,00000850
80180510,000000AC
801805BC,00000124
801806E0,00000088
80180768,000007BC
80180F24,00000300
80181224,000002F4
80181518,0000000C
80181524,00000044
80181568,00000004
8018156C,00000014
80181580,0000004C
801815CC,000001A0
8018176C,0000005C
801817C8,000000A4
8018186C,00000020
8018188C,0000005C
801818E8,00000054
8018193C,00000088
801819C4,00000108
80181ACC,0000005C
80181B28,00000044
80181B6C,0000005C
80181BC8,000000F4
80181CBC,00000198
80181E54,00000004
80181E58,00000004
80181E5C,00000088
80181EE4,00000088
80181F6C,0000013C
801820A8,00000044
801820EC,00000058
80182144,0000005C
801821A0,00000058
801821F8,0000003C
80182234,00000058
8018228C,0000005C
801822E8,00000034
8018231C,00000010
8018232C,00000010
8018233C,00000010
8018234C,00000008
80182354,00000008
8018235C,00000054
801823B0,00000004
801823B4,00000078
8018242C,000001A8
801825D4,00000008
801825DC,00000008
801825E4,00000014
801825F8,00000014
8018260C,00000010
8018261C,00000008
80182624,00000014
80182638,00000010
80182648,00000158
801827A0,00000124
801828C4,0000008C
80182950,00000008
80182958,00000054
801829AC,0000000C
801829B8,0000000C
801829C4,0000000C
801829D0,0000007C
80182A4C,00000014
80182A60,00000020
80182A80,00000020
80182AA0,00000088
80182B28,00000050
80182B78,0000005C
80182BD4,0000004C
80182C20,0000007C
80182C9C,00000188
80182E24,0000000C
80182E30,00000268
80183098,00000374
8018340C,000002D4
801836E0,000002EC
801839CC,00000708
801840D4,000006B0
80184784,0000067C
80184E00,000000DC
80184EDC,000002C0
8018519C,0000001C
801851B8,00000018
801851D0,00000018
801851E8,00000018
80185200,00000018
80185218,00000014
8018522C,0000004C
80185278,00000200
80185478,00000018
80185490,0000001C
801854AC,00000030
801854DC,000000AC
80185588,00000048
801855D0,00000024
801855F4,0000001C
80185610,00000050
80185660,00000128
80185788,00000064
801857EC,0000005C
80185848,00000044
8018588C,00000008
80185894,00000140
801859D4,00000120
80185AF4,00000044
80185B38,0000017C
80185CB4,00000088
80185D3C,000000A8
80185DE4,00000008
80185DEC,00000080
80185E6C,000000A4
80185F10,0000005C
80185F6C,00000034
80185FA0,00000010
80185FB0,00000010
80185FC0,00000010
80185FD0,00000008
80185FD8,00000008
80185FE0,00000004
80185FE4,0000005C
80186040,00000090
801860D0,00000130
80186200,00000008
80186208,00000084
8018628C,000003C4
80186650,0000005C
801866AC,00000008
801866B4,0000002C
801866E0,00000010
801866F0,00000010
80186700,00000008
80186708,00000048
80186750,00000008
80186758,00000044
8018679C,00000008
801867A4,0000005C
80186800,0000014C
8018694C,000000CC
80186A18,00000090
80186AA8,000001AC
80186C54,00000040
80186C94,00000068
80186CFC,00000034
80186D30,00000080
80186DB0,00000090
80186E40,00000278
801870B8,0000007C
80187134,00000008
8018713C,00000010
8018714C,00000014
80187160,00000014
80187174,00000014
80187188,00000068
801871F0,000000AC
8018729C,000000BC
80187358,0000008C
801873E4,0000005C
80187440,00000044
80187484,00000010
80187494,00000010
801874A4,00000010
801874B4,00000010
801874C4,00000010
801874D4,00000008
801874DC,00000008
801874E4,00000008
801874EC,00000048
80187534,00000008
8018753C,0000003C
80187578,000000BC
80187634,000000A0
801876D4,00000058
8018772C,00000034
80187760,00000010
80187770,00000010
80187780,00000010
80187790,00000004
80187794,00000008
8018779C,00000004
801877A0,00000004
801877A4,0000004C
801877F0,00000050
80187840,000000A4
801878E4,000001AC
80187A90,0000005C
80187AEC,00000010
80187AFC,000000CC
80187BC8,0000007C
80187C44,00000008
80187C4C,00000008
80187C54,00000064
80187CB8,00000078
80187D30,00000058
80187D88,00000038
80187DC0,0000000C
80187DCC,00000008
80187DD4,00000058
80187E2C,00000150
80187F7C,0000002C
80187FA8,0000003C
80187FE4,00000064
80188048,00000084
801880CC,000000C4
80188190,000000F8
80188288,000000CC
80188354,00000030
80188384,00000030
801883B4,00000038
801883EC,00000038
80188424,00000050
80188474,0000005C
801884D0,000000F4
801885C4,000000EC
801886B0,000000A0
80188750,000000CC
8018881C,000000B4
801888D0,000000C8
80188998,000000B4
80188A4C,000000C0
80188B0C,000000A8
80188BB4,000000A0
80188C54,00000008
80188C5C,00000070
80188CCC,00000054
80188D20,000000E4
80188E04,0000001C
80188E20,00000114
80188F34,00000094
80188FC8,00000104
801890CC,00000028
801890F4,00000060
80189154,00000010
80189164,00000010
80189174,00000030
801891A4,0000000C
801891B0,00000010
801891C0,00000040
80189200,00000010
80189210,00000094
801892A4,00000024
801892C8,0000000C
801892D4,000000AC
80189380,000000D0
80189450,00000004
80189454,000000E8
8018953C,000000CC
80189608,00000028
80189630,00000058
80189688,000000F4
8018977C,00000174
801898F0,00000090
80189980,0000023C
80189BBC,000002B0
80189E6C,000002F8
8018A164,00000078
8018A1DC,00000110
8018A2EC,00000110
8018A3FC,00000110
8018A50C,00000110
8018A61C,00000130
8018A74C,000006C8
8018AE14,00000390
8018B1A4,0000005C
8018B200,00000014
8018B214,00000054
8018B268,00000014
8018B27C,00000154
8018B3D0,00000058
8018B428,00000014
8018B43C,00000058
8018B494,000000C0
8018B554,00000094
8018B5E8,00000070
8018B658,00000060
8018B6B8,00000084
8018B73C,0000009C
8018B7D8,00000004
8018B7DC,000000F8
8018B8D4,00000058
8018B92C,000000F8
8018BA24,000001E0
8018BC04,0000005C
8018BC60,000000F4
8018BD54,00000274
8018BFC8,000002C8
8018C290,00000354
8018C5E4,000000CC
8018C6B0,000000E0
8018C790,00000048
8018C7D8,00000048
8018C820,000002D0
8018CAF0,00000260
8018CD50,00000138
8018CE88,000000C0
8018CF48,000000C0
8018D008,0000018C
8018D194,0000003C
8018D1D0,0000005C
8018D22C,00000070
8018D29C,0000001C
8018D2B8,00000054
8018D30C,00000014
8018D320,00000054
8018D374,00000058
8018D3CC,00000128
8018D4F4,000000DC
8018D5D0,0000005C
8018D62C,00000360
8018D98C,000002C0
8018DC4C,0000020C
8018DE58,000000F8
8018DF50,00000150
8018E0A0,00000080
8018E120,000000C4
8018E1E4,00000130
8018E314,000000D8
8018E3EC,000002B0
8018E69C,00000590
8018EC2C,000003B0
8018EFDC,0000008C
8018F068,00000020
8018F088,00000088
8018F110,00000048
8018F158,000000AC
8018F204,00000014
8018F218,0000005C
8018F274,00000004
8018F278,0000009C
8018F314,00000220
8018F534,00000084
8018F5B8,000005A4
8018FB5C,00000078
8018FBD4,000000B8
8018FC8C,000000E8
8018FD74,000000C8
8018FE3C,00000060
8018FE9C,00000350
801901EC,000001C8
801903B4,0000005C
80190410,00000020
80190430,0000005C
8019048C,00000088
80190514,00000070
80190584,000000E0
80190664,00000060
801906C4,000000C8
8019078C,00000054
801907E0,00000524
80190D04,00000160
80190E64,0000005C
80190EC0,00000020
80190EE0,0000005C
80190F3C,00000088
80190FC4,00000114
801910D8,00000454
8019152C,000000A4
801915D0,000001F8
801917C8,00000084
8019184C,00000144
80191990,00000218
80191BA8,00000040
80191BE8,00000068
80191C50,00000188
80191DD8,00000070
80191E48,000006C0
80192508,00000034
8019253C,0000011C
80192658,00000198
801927F0,00000190
80192980,00000108
80192A88,00000108
80192B90,00000108
80192C98,00000108
80192DA0,000001C4
80192F64,0000048C
801933F0,00000340
80193730,000000C4
801937F4,00000550
80193D44,00000170
80193EB4,0000005C
80193F10,00000070
80193F80,00000010
80193F90,00000010
80193FA0,00000004
80193FA4,00000008
80193FAC,0000001C
80193FC8,00000020
80193FE8,00000088
80194070,00000010
80194080,00000094
80194114,000000A0
801941B4,00000070
80194224,00000070
80194294,0000025C
801944F0,0000003C
8019452C,00000040
8019456C,0000013C
801946A8,00000008
801946B0,000000B0
80194760,000000D0
80194830,00000008
80194838,00000034
8019486C,00000034
801948A0,00000050
801948F0,00000050
80194940,00000040
80194980,0000005C
801949DC,00000034
80194A10,00000040
80194A50,00000044
80194A94,00000008
80194A9C,00000058
80194AF4,00000058
80194B4C,00000058
80194BA4,00000008
80194BAC,000000C4
80194C70,00000040
80194CB0,00000040
80194CF0,00000040
80194D30,0000005C
80194D8C,00000040
80194DCC,00000040
80194E0C,00000060
80194E6C,00000040
80194EAC,0000005C
80194F08,00000040
80194F48,00000040
80194F88,00000040
80194FC8,00000040
80195008,00000040
80195048,00000040
80195088,00000040
801950C8,00000060
80195128,00000040
80195168,00000040
801951A8,00000040
801951E8,00000040
80195228,0000006C
80195294,00000080
80195314,000000B0
801953C4,00000044
80195408,00000040
80195448,0000011C
80195564,00000074
801955D8,00000154
8019572C,00000080
801957AC,000000CC
80195878,00000054
801958CC,0000003C
80195908,00000068
80195970,00000044
801959B4,00000058
80195A0C,00000058
80195A64,00000008
80195A6C,0000003C
80195AA8,00000004
80195AAC,00000058
80195B04,000000B0
80195BB4,00000044
80195BF8,00000054
80195C4C,00000084
80195CD0,000000A4
80195D74,0000005C
80195DD0,00000034
80195E04,00000010
80195E14,00000010
80195E24,00000010
80195E34,00000008
80195E3C,00000008
80195E44,00000048
80195E8C,00000040
80195ECC,00000058
80195F24,000000C8
80195FEC,00000058
80196044,0000006C
801960B0,00000074
80196124,00000068
8019618C,00000068
801961F4,00000080
80196274,000000D0
80196344,0000000C
80196350,0000000C
8019635C,00000088
801963E4,00000038
8019641C,00000030
8019644C,00000010
8019645C,0000006C
801964C8,00000094
8019655C,00000004
80196560,000000A8
80196608,000000A4
801966AC,00000068
80196714,00000118
8019682C,00000088
801968B4,0000013C
801969F0,00000468
80196E58,0000004C
80196EA4,00000060
80196F04,00000054
80196F58,00000070
80196FC8,000000E4
801970AC,000000AC
80197158,00000098
801971F0,00000114
80197304,00000040
80197344,0000001C
80197360,000000BC
8019741C,0000001C
80197438,00000078
801974B0,00000040
801974F0,00000048
80197538,00000044
8019757C,00000044
801975C0,00000044
80197604,0000002C
80197630,0000002C
8019765C,0000002C
80197688,0000002C
801976B4,00000014
801976C8,00000018
801976E0,00000084
80197764,0000001C
80197780,0000005C
801977DC,0000005C
80197838,00000094
801978CC,00000010
801978DC,00000010
801978EC,00000010
801978FC,00000010
8019790C,00000010
8019791C,00000010
8019792C,00000010
8019793C,00000010
8019794C,00000010
8019795C,00000010
8019796C,00000010
8019797C,00000010
8019798C,00000010
8019799C,00000010
801979AC,00000010
801979BC,00000008
801979C4,00000008
801979CC,00000008
801979D4,00000008
801979DC,00000008
801979E4,00000008
801979EC,00000008
801979F4,00000008
801979FC,00000008
80197A04,00000008
80197A0C,00000008
80197A14,00000008
80197A1C,00000008
80197A24,00000008
80197A2C,00000004
80197A30,00000044
80197A74,00000018
80197A8C,00000074
80197B00,000002E8
80197DE8,00000014
80197DFC,000000F0
80197EEC,000000A8
80197F94,000000BC
80198050,00000074
801980C4,00000004
801980C8,0000003C
80198104,00000074
80198178,00000004
8019817C,000000B0
8019822C,00000010
8019823C,0000019C
801983D8,00000008
801983E0,00000004
801983E4,00000004
801983E8,0000005C
80198444,00000058
8019849C,00000008
801984A4,00000008
801984AC,00000008
801984B4,00000008
801984BC,00000008
801984C4,00000008
801984CC,00000008
801984D4,00000008
801984DC,00000070
8019854C,00000034
80198580,000001F4
80198774,000000B0
80198824,000000A0
801988C4,00000094
80198958,000000CC
80198A24,00000094
80198AB8,00000010
80198AC8,00000010
80198AD8,00000024
80198AFC,000000B8
80198BB4,00000004
80198BB8,00000040
80198BF8,00000020
80198C18,0000002C
80198C44,00000030
80198C74,00000028
80198C9C,000000E0
80198D7C,0000001C
80198D98,00000048
80198DE0,00000018
80198DF8,0000003C
80198E34,00000040
80198E74,00000014
80198E88,0000000C
80198E94,00000008
80198E9C,0000004C
80198EE8,00000010
80198EF8,00000010
80198F08,00000048
80198F50,00000048
80198F98,00000010
80198FA8,00000010
80198FB8,00000024
80198FDC,0000009C
80199078,00000010
80199088,000000A4
8019912C,00000060
8019918C,00000024
801991B0,00000020
801991D0,00000028
801991F8,00000020
80199218,00000024
8019923C,0000001C
80199258,00000060
801992B8,000000A8
80199360,00000058
801993B8,000000BC
80199474,00000008
8019947C,00000058
801994D4,000000D4
801995A8,00000034
801995DC,00000060
8019963C,00000008
80199644,00000008
8019964C,0000004C
80199698,000000C0
80199758,000000B8
80199810,0000003C
8019984C,00000110
8019995C,000000C4
80199A20,0000004C
80199A6C,000000BC
80199B28,00000070
80199B98,00000098
80199C30,00000104
80199D34,000000E8
80199E1C,0000005C
80199E78,00000054
80199ECC,00000010
80199EDC,00000010
80199EEC,00000010
80199EFC,00000010
80199F0C,00000010
80199F1C,00000010
80199F2C,00000010
80199F3C,00000008
80199F44,00000008
80199F4C,00000008
80199F54,00000008
80199F5C,00000008
80199F64,00000008
80199F6C,00000008
80199F74,000000C0
8019A034,000001B4
8019A1E8,000000D0
8019A2B8,00000074
8019A32C,00000074
8019A3A0,0000017C
8019A51C,000001F8
8019A714,0000009C
8019A7B0,00000048
8019A7F8,000001AC
8019A9A4,0000005C
8019AA00,0000005C
8019AA5C,0000005C
8019AAB8,00000034
8019AAEC,00000010
8019AAFC,00000010
8019AB0C,00000010
8019AB1C,00000008
8019AB24,00000008
8019AB2C,00000008
8019AB34,00000048
8019AB7C,00000234
8019ADB0,00000050
8019AE00,0000000C
8019AE0C,00000080
8019AE8C,00000054
8019AEE0,00000048
8019AF28,00000044
8019AF6C,0000005C
8019AFC8,0000003C
8019B004,00000050
8019B054,0000002C
8019B080,00000010
8019B090,00000010
8019B0A0,00000044
8019B0E4,00000054
8019B138,00000040
8019B178,00000030
8019B1A8,00000068
8019B210,00000058
8019B268,00000050
8019B2B8,00000064
8019B31C,00000090
8019B3AC,00000054
8019B400,00000068
8019B468,0000006C
8019B4D4,00000068
8019B53C,0000002C
8019B568,000000EC
8019B654,000000F4
8019B748,00000074
8019B7BC,0000000C
8019B7C8,0000000C
8019B7D4,00000040
8019B814,00000030
8019B844,00000068
8019B8AC,00000058
8019B904,0000003C
8019B940,0000007C
8019B9BC,00000050
8019BA0C,00000048
8019BA54,00000040
8019BA94,00000048
8019BADC,0000005C
8019BB38,0000002C
8019BB64,00000010
8019BB74,00000010
8019BB84,0000004C
8019BBD0,00000004
8019BBD4,00000074
8019BC48,00000078
8019BCC0,00000058
8019BD18,0000004C
8019BD64,000000C4
8019BE28,00000040
8019BE68,00000040
8019BEA8,00000064
8019BF0C,00000070
8019BF7C,0000008C
8019C008,0000009C
8019C0A4,00000200
8019C2A4,00000064
8019C308,00000088
8019C390,00000078
8019C408,000000B0
8019C4B8,00000048
8019C500,0000004C
8019C54C,00000008
8019C554,00000008
8019C55C,00000038
8019C594,0000004C
8019C5E0,00000038
8019C618,00000030
8019C648,0000004C
8019C694,00000030
8019C6C4,00000030
8019C6F4,00000030
8019C724,00000010
8019C734,00000010
8019C744,00000010
8019C754,00000010
8019C764,00000010
8019C774,00000010
8019C784,00000060
8019C7E4,00000060
8019C844,0000002C
8019C870,0000002C
8019C89C,00000034
8019C8D0,00000038
8019C908,0000004C
8019C954,00000058
8019C9AC,00000030
8019C9DC,00000030
8019CA0C,00000030
8019CA3C,0000004C
8019CA88,00000080
8019CB08,00000034
8019CB3C,00000044
8019CB80,0000002C
8019CBAC,0000002C
8019CBD8,00000024
8019CBFC,000000B0
8019CCAC,0000005C
8019CD08,00000054
8019CD5C,00000010
8019CD6C,00000010
8019CD7C,00000010
8019CD8C,00000010
8019CD9C,00000010
8019CDAC,00000010
8019CDBC,00000010
8019CDCC,0000004C
8019CE18,00000008
8019CE20,00000004
8019CE24,00000008
8019CE2C,00000008
8019CE34,00000008
8019CE3C,00000054
8019CE90,00000008
8019CE98,000000C0
8019CF58,000000A0
8019CFF8,000000E8
8019D0E0,00000008
8019D0E8,00000008
8019D0F0,00000008
8019D0F8,00000008
8019D100,00000080
8019D180,00000178
8019D2F8,0000004C
8019D344,00000028
8019D36C,00000078
8019D3E4,0000008C
8019D470,00000018
8019D488,0000008C
8019D514,00000130
8019D644,0000017C
8019D7C0,00000090
8019D850,000000F4
8019D944,00000048
8019D98C,00000070
8019D9FC,0000014C
8019DB48,00000094
8019DBDC,00000064
8019DC40,00000070
8019DCB0,00000068
8019DD18,000000AC
8019DDC4,00000054
8019DE18,0000005C
8019DE74,00000074
8019DEE8,00000010
8019DEF8,00000010
8019DF08,00000010
8019DF18,00000010
8019DF28,00000010
8019DF38,00000010
8019DF48,00000010
8019DF58,00000010
8019DF68,00000010
8019DF78,00000010
8019DF88,00000010
8019DF98,00000008
8019DFA0,00000008
8019DFA8,00000008
8019DFB0,00000044
8019DFF4,00000008
8019DFFC,00000040
8019E03C,00000008
8019E044,00000008
8019E04C,00000008
8019E054,00000008
8019E05C,00000008
8019E064,00000018
8019E07C,0000003C
8019E0B8,00000064
8019E11C,00000070
8019E18C,00000078
8019E204,00000028
8019E22C,00000078
8019E2A4,0000001C
8019E2C0,00000044
8019E304,00000008
8019E30C,00000008
8019E314,00000008
8019E31C,00000010
8019E32C,00000008
8019E334,00000008
8019E33C,00000008
8019E344,00000010
8019E354,00000008
8019E35C,00000010
8019E36C,00000008
8019E374,00000008
8019E37C,00000010
8019E38C,00000088
8019E414,00000088
8019E49C,000000B0
8019E54C,00000070
8019E5BC,00000070
8019E62C,00000054
8019E680,00000040
8019E6C0,00000058
8019E718,00000068
8019E780,000000A0
8019E820,00000058
8019E878,000000CC
8019E944,00000008
8019E94C,00000058
8019E9A4,00000044
8019E9E8,00000060
8019EA48,00000040
8019EA88,00000040
8019EAC8,00000058
8019EB20,00000050
8019EB70,0000004C
8019EBBC,00000048
8019EC04,000000E0
8019ECE4,00000058
8019ED3C,00000068
8019EDA4,000000A0
8019EE44,00000098
8019EEDC,00000014
8019EEF0,00000040
8019EF30,00000058
8019EF88,00000064
8019EFEC,00000088
8019F074,0000000C
8019F080,0000000C
8019F08C,0000000C
8019F098,00000078
8019F110,00000088
8019F198,0000001C
8019F1B4,00000028
8019F1DC,0000002C
8019F208,00000058
8019F260,00000048
8019F2A8,00000078
8019F320,0000007C
8019F39C,0000005C
8019F3F8,00000164
8019F55C,00000020
8019F57C,00000020
8019F59C,00000020
8019F5BC,00000020
8019F5DC,00000020
8019F5FC,000000E0
8019F6DC,00000044
8019F720,00000044
8019F764,00000044
8019F7A8,00000044
8019F7EC,00000044
8019F830,00000008
8019F838,00000170
8019F9A8,000000AC
8019FA54,00000050
8019FAA4,00000044
8019FAE8,00000044
8019FB2C,00000050
8019FB7C,00000058
8019FBD4,00000030
8019FC04,00000040
8019FC44,00000080
8019FCC4,0000006C
8019FD30,000000E8
8019FE18,00000004
8019FE1C,00000410
801A022C,00000050
801A027C,00000068
801A02E4,00000004
801A02E8,000002D8
801A05C0,000002B8
801A0878,000001B4
801A0A2C,000000D4
801A0B00,00000048
801A0B48,00000098
801A0BE0,00000230
801A0E10,00000018
801A0E28,00000014
801A0E3C,00000030
801A0E6C,00000068
801A0ED4,0000005C
801A0F30,00000058
801A0F88,00000090
801A1018,00000100
801A1118,00000090
801A11A8,000000CC
801A1274,00000094
801A1308,00000064
801A136C,0000052C
801A1898,000000DC
801A1974,00000244
801A1BB8,00000050
801A1C08,00000620
801A2228,00000074
801A229C,00000624
801A28C0,00000498
801A2D58,000000DC
801A2E34,00000340
801A3174,00000090
801A3204,000000A8
801A32AC,00000070
801A331C,000000C4
801A33E0,00000078
801A3458,000000E0
801A3538,00000070
801A35A8,000001A4
801A374C,00000088
801A37D4,00000108
801A38DC,00000108
801A39E4,000000C4
801A3AA8,000001E4
801A3C8C,0000005C
801A3CE8,00000064
801A3D4C,00000010
801A3D5C,00000010
801A3D6C,00000010
801A3D7C,00000010
801A3D8C,00000010
801A3D9C,00000010
801A3DAC,00000010
801A3DBC,00000010
801A3DCC,00000010
801A3DDC,00000008
801A3DE4,00000044
801A3E28,00000008
801A3E30,00000008
801A3E38,00000008
801A3E40,00000008
801A3E48,00000008
801A3E50,00000048
801A3E98,00000040
801A3ED8,00000020
801A3EF8,0000005C
801A3F54,00000088
801A3FDC,00000014
801A3FF0,00000118
801A4108,00000098
801A41A0,00000130
801A42D0,000000F0
801A43C0,000000E8
801A44A8,00000300
801A47A8,0000012C
801A48D4,000002CC
801A4BA0,0000025C
801A4DFC,0000005C
801A4E58,00000014
801A4E6C,0000005C
801A4EC8,00000110
801A4FD8,00000044
801A501C,00000004
801A5020,00000044
801A5064,00000004
801A5068,00000090
801A50F8,0000017C
801A5274,000001C8
801A543C,00000084
801A54C0,00000088
801A5548,00000134
801A567C,00000058
801A56D4,0000005C
801A5730,0000003C
801A576C,00000010
801A577C,00000010
801A578C,00000010
801A579C,00000010
801A57AC,00000050
801A57FC,00000008
801A5804,00000008
801A580C,00000008
801A5814,0000005C
801A5870,00000054
801A58C4,00000128
801A59EC,00000004
801A59F0,0000005C
801A5A4C,000000F8
801A5B44,0000002C
801A5B70,00000010
801A5B80,00000010
801A5B90,00000008
801A5B98,00000008
801A5BA0,00000040
801A5BE0,0000005C
801A5C3C,00000068
801A5CA4,00000008
801A5CAC,0000004C
801A5CF8,00000058
801A5D50,0000008C
801A5DDC,0000004C
801A5E28,000000C0
801A5EE8,00000004
801A5EEC,00000260
801A614C,00000094
801A61E0,0000003C
801A621C,00000058
801A6274,00000064
801A62D8,00000070
801A6348,0000003C
801A6384,00000044
801A63C8,00000070
801A6438,0000002C
801A6464,0000003C
801A64A0,00000044
801A64E4,00000070
801A6554,00000010
801A6564,00000064
801A65C8,00000044
801A660C,0000005C
801A6668,00000080
801A66E8,00000060
801A6748,00000018
801A6760,00000010
801A6770,0000005C
801A67CC,0000005C
801A6828,00000058
801A6880,00000034
801A68B4,00000010
801A68C4,00000010
801A68D4,00000010
801A68E4,00000008
801A68EC,00000008
801A68F4,00000050
801A6944,00000004
801A6948,00000004
801A694C,00000004
801A6950,00000008
801A6958,00000008
801A6960,00000004
801A6964,00000004
801A6968,00000004
801A696C,00000004
801A6970,00000004
801A6974,00000008
801A697C,00000008
801A6984,00000008
801A698C,0000006C
801A69F8,000002B0
801A6CA8,00000004
801A6CAC,00000114
801A6DC0,00000050
801A6E10,00000060
801A6E70,00000008
801A6E78,00000170
801A6FE8,000000E4
801A70CC,000000AC
801A7178,00000070
801A71E8,000001F8
801A73E0,00000070
801A7450,0000007C
801A74CC,0000007C
801A7548,0000003C
801A7584,00000034
801A75B8,00000010
801A75C8,00000010
801A75D8,00000010
801A75E8,00000008
801A75F0,00000008
801A75F8,00000008
801A7600,00000040
801A7640,00000030
801A7670,00000068
801A76D8,0000005C
801A7734,00000054
801A7788,0000007C
801A7804,00000004
801A7808,00000058
801A7860,00000058
801A78B8,00000088
801A7940,00000014
801A7954,00000194
801A7AE8,00000004
801A7AEC,00000114
801A7C00,00000060
801A7C60,000000D8
801A7D38,00000074
801A7DAC,000001A0
801A7F4C,0000005C
801A7FA8,00000058
801A8000,0000002C
801A802C,00000010
801A803C,00000010
801A804C,00000008
801A8054,00000008
801A805C,00000048
801A80A4,0000005C
801A8100,00000094
801A8194,00000008
801A819C,0000003C
801A81D8,00000044
801A821C,00000058
801A8274,0000008C
801A8300,0000032C
801A862C,0000015C
801A8788,0000010C
801A8894,000000A0
801A8934,000000E0
801A8A14,000000D4
801A8AE8,00000008
801A8AF0,00000068
801A8B58,00000090
801A8BE8,0000005C
801A8C44,00000044
801A8C88,00000010
801A8C98,00000010
801A8CA8,00000010
801A8CB8,00000010
801A8CC8,00000010
801A8CD8,00000008
801A8CE0,00000008
801A8CE8,00000008
801A8CF0,00000008
801A8CF8,00000008
801A8D00,0000003C
801A8D3C,000000F0
801A8E2C,00000098
801A8EC4,00000008
801A8ECC,00000008
801A8ED4,000000AC
801A8F80,000000B4
801A9034,00000050
801A9084,0000002C
801A90B0,00000010
801A90C0,00000010
801A90D0,00000008
801A90D8,00000040
801A9118,00000030
801A9148,00000068
801A91B0,00000058
801A9208,00000068
801A9270,00000178
801A93E8,000000A4
801A948C,000000BC
801A9548,000000D0
801A9618,0000005C
801A9674,00000084
801A96F8,00000064
801A975C,00000098
801A97F4,00000008
801A97FC,00000008
801A9804,0000003C
801A9840,00000010
801A9850,00000010
801A9860,00000010
801A9870,00000010
801A9880,00000008
801A9888,00000008
801A9890,00000008
801A9898,00000008
801A98A0,00000040
801A98E0,00000030
801A9910,00000068
801A9978,0000005C
801A99D4,0000003C
801A9A10,000000B8
801A9AC8,00000038
801A9B00,00000058
801A9B58,00000070
801A9BC8,00000070
801A9C38,00000070
801A9CA8,00000088
801A9D30,00000058
801A9D88,00000034
801A9DBC,00000010
801A9DCC,00000010
801A9DDC,00000010
801A9DEC,00000008
801A9DF4,00000008
801A9DFC,00000008
801A9E04,00000044
801A9E48,00000094
801A9EDC,00000034
801A9F10,00000060
801A9F70,00000060
801A9FD0,00000004
801A9FD4,0000005C
801AA030,00000018
801AA048,00000058
801AA0A0,0000004C
801AA0EC,000000A4
801AA190,0000004C
801AA1DC,00000188
801AA364,00000074
801AA3D8,000002C0
801AA698,00000038
801AA6D0,00000040
801AA710,00000014
801AA724,00000038
801AA75C,00000048
801AA7A4,00000100
801AA8A4,00000110
801AA9B4,0000007C
801AAA30,000000B0
801AAAE0,00000068
801AAB48,000000AC
801AABF4,00000090
801AAC84,00000130
801AADB4,000000E8
801AAE9C,00000194
801AB030,00000184
801AB1B4,000000F8
801AB2AC,00000080
801AB32C,00000044
801AB370,0000006C
801AB3DC,00000068
801AB444,00000074
801AB4B8,00000010
801AB4C8,00000010
801AB4D8,00000010
801AB4E8,00000010
801AB4F8,00000010
801AB508,00000010
801AB518,00000010
801AB528,00000010
801AB538,00000010
801AB548,00000010
801AB558,00000010
801AB568,00000008
801AB570,00000040
801AB5B0,00000008
801AB5B8,00000008
801AB5C0,00000008
801AB5C8,00000008
801AB5D0,00000008
801AB5D8,00000008
801AB5E0,00000008
801AB5E8,00000008
801AB5F0,00000008
801AB5F8,00000040
801AB638,00000030
801AB668,00000068
801AB6D0,0000005C
801AB72C,0000005C
801AB788,00000080
801AB808,0000006C
801AB874,000000A8
801AB91C,0000003C
801AB958,00000084
801AB9DC,00000094
801ABA70,000000A4
801ABB14,00000094
801ABBA8,0000005C
801ABC04,00000058
801ABC5C,000000B4
801ABD10,00000078
801ABD88,000000E8
801ABE70,000000B0
801ABF20,000000CC
801ABFEC,0000005C
801AC048,00000044
801AC08C,00000010
801AC09C,00000010
801AC0AC,00000010
801AC0BC,00000010
801AC0CC,00000010
801AC0DC,00000008
801AC0E4,00000008
801AC0EC,00000008
801AC0F4,00000008
801AC0FC,00000008
801AC104,00000040
801AC144,00000050
801AC194,0000004C
801AC1E0,000001B8
801AC398,000000F0
801AC488,000000AC
801AC534,00000028
801AC55C,000000A4
801AC600,00000058
801AC658,00000084
801AC6DC,0000004C
801AC728,00000054
801AC77C,0000005C
801AC7D8,0000002C
801AC804,00000010
801AC814,00000010
801AC824,00000008
801AC82C,00000008
801AC834,0000003C
801AC870,000000A0
801AC910,00000058
801AC968,00000054
801AC9BC,00000104
801ACAC0,00000040
801ACB00,00000054
801ACB54,000000BC
801ACC10,0000009C
801ACCAC,000000B4
801ACD60,00000058
801ACDB8,0000015C
801ACF14,00000060
801ACF74,00000078
801ACFEC,000000AC
801AD098,000000B8
801AD150,00000058
801AD1A8,00000054
801AD1FC,0000005C
801AD258,0000006C
801AD2C4,00000010
801AD2D4,00000010
801AD2E4,00000010
801AD2F4,00000010
801AD304,00000010
801AD314,00000010
801AD324,00000010
801AD334,00000010
801AD344,00000010
801AD354,00000010
801AD364,00000004
801AD368,00000008
801AD370,00000008
801AD378,00000008
801AD380,00000040
801AD3C0,00000008
801AD3C8,00000008
801AD3D0,00000008
801AD3D8,00000008
801AD3E0,00000008
801AD3E8,00000054
801AD43C,00000094
801AD4D0,00000090
801AD560,00000090
801AD5F0,000000A8
801AD698,0000003C
801AD6D4,000000E8
801AD7BC,00000160
801AD91C,000001F0
801ADB0C,000001E8
801ADCF4,00000044
801ADD38,0000004C
801ADD84,00000014
801ADD98,00000030
801ADDC8,00000068
801ADE30,0000005C
801ADE8C,00000060
801ADEEC,00000124
801AE010,00000008
801AE018,000000B0
801AE0C8,00000080
801AE148,00000104
801AE24C,000000B0
801AE2FC,00000118
801AE414,00000068
801AE47C,00000074
801AE4F0,00000098
801AE588,000000F0
801AE678,000000B0
801AE728,0000005C
801AE784,0000005C
801AE7E0,00000010
801AE7F0,00000010
801AE800,00000010
801AE810,00000010
801AE820,00000010
801AE830,00000010
801AE840,00000010
801AE850,00000010
801AE860,00000004
801AE864,00000008
801AE86C,00000008
801AE874,00000008
801AE87C,00000008
801AE884,00000008
801AE88C,00000008
801AE894,00000008
801AE89C,0000003C
801AE8D8,000000F0
801AE9C8,00000004
801AE9CC,00000048
801AEA14,00000058
801AEA6C,00000018
801AEA84,00000004
801AEA88,0000005C
801AEAE4,0000032C
801AEE10,00000114
801AEF24,00000184
801AF0A8,000000A4
801AF14C,00000098
801AF1E4,00000008
801AF1EC,00000070
801AF25C,00000074
801AF2D0,00000104
801AF3D4,00000058
801AF42C,0000007C
801AF4A8,00000098
801AF540,00000068
801AF5A8,0000007C
801AF624,00000048
801AF66C,00000058
801AF6C4,0000005C
801AF720,00000058
801AF778,00000050
801AF7C8,00000044
801AF80C,00000010
801AF81C,00000010
801AF82C,00000010
801AF83C,00000010
801AF84C,00000010
801AF85C,00000008
801AF864,00000008
801AF86C,00000008
801AF874,00000008
801AF87C,00000008
801AF884,00000040
801AF8C4,00000030
801AF8F4,00000068
801AF95C,00000058
801AF9B4,00000058
801AFA0C,00000004
801AFA10,00000004
801AFA14,00000004
801AFA18,00000004
801AFA1C,0000027C
801AFC98,00000014
801AFCAC,000000A8
801AFD54,00000040
801AFD94,00000094
801AFE28,00000074
801AFE9C,00000074
801AFF10,00000058
801AFF68,00000030
801AFF98,000000C4
801B005C,00000048
801B00A4,00000274
801B0318,0000010C
801B0424,0000008C
801B04B0,00000068
801B0518,0000005C
801B0574,0000005C
801B05D0,0000005C
801B062C,000000D4
801B0700,00000114
801B0814,00000044
801B0858,00000004
801B085C,000000F4
801B0950,0000005C
801B09AC,000000D0
801B0A7C,000000EC
801B0B68,000002F4
801B0E5C,00000034
801B0E90,00000010
801B0EA0,00000010
801B0EB0,00000010
801B0EC0,00000008
801B0EC8,00000008
801B0ED0,00000008
801B0ED8,00000064
801B0F3C,0000011C
801B1058,00000004
801B105C,000000DC
801B1138,000001F8
801B1330,00000058
801B1388,0000014C
801B14D4,000001B8
801B168C,00000078
801B1704,0000005C
801B1760,0000003C
801B179C,00000010
801B17AC,00000010
801B17BC,00000010
801B17CC,00000010
801B17DC,00000044
801B1820,00000008
801B1828,00000008
801B1830,00000008
801B1838,0000004C
801B1884,000001E4
801B1A68,00000064
801B1ACC,0000008C
801B1B58,00000050
801B1BA8,00000020
801B1BC8,0000005C
801B1C24,000000AC
801B1CD0,0000004C
801B1D1C,00000088
801B1DA4,0000005C
801B1E00,00000034
801B1E34,00000010
801B1E44,00000010
801B1E54,00000010
801B1E64,00000008
801B1E6C,00000008
801B1E74,00000008
801B1E7C,00000008
801B1E84,0000003C
801B1EC0,0000009C
801B1F5C,000000A8
801B2004,00000040
801B2044,00000098
801B20DC,00000058
801B2134,00000034
801B2168,00000010
801B2178,00000010
801B2188,00000010
801B2198,00000004
801B219C,00000008
801B21A4,00000004
801B21A8,00000060
801B2208,00000144
801B234C,0000004C
801B2398,00000014
801B23AC,00000098
801B2444,00000060
801B24A4,0000004C
801B24F0,00000128
801B2618,00000054
801B266C,00000004
801B2670,000000AC
801B271C,0000005C
801B2778,00000058
801B27D0,00000018
801B27E8,00000008
801B27F0,0000006C
801B285C,00000270
801B2ACC,0000007C
801B2B48,00000088
801B2BD0,000000B4
801B2C84,000000CC
801B2D50,000001B4
801B2F04,00000088
801B2F8C,00000090
801B301C,0000005C
801B3078,00000044
801B30BC,00000010
801B30CC,00000010
801B30DC,00000010
801B30EC,00000010
801B30FC,00000010
801B310C,00000008
801B3114,00000008
801B311C,00000008
801B3124,00000008
801B312C,0000004C
801B3178,00000058
801B31D0,00000060
801B3230,0000008C
801B32BC,000000B0
801B336C,000000D0
801B343C,000000B0
801B34EC,000001DC
801B36C8,00000074
801B373C,00000074
801B37B0,00000058
801B3808,00000004
801B380C,0000004C
801B3858,00000058
801B38B0,00000060
801B3910,0000009C
801B39AC,0000004C
801B39F8,0000004C
801B3A44,00000004
801B3A48,0000004C
801B3A94,00000058
801B3AEC,00000050
801B3B3C,00000048
801B3B84,000000A4
801B3C28,000000A0
801B3CC8,00000680
801B4348,00000014
801B435C,00000048
801B43A4,00000140
801B44E4,00000058
801B453C,000000F4
801B4630,00000064
801B4694,00000010
801B46A4,000001B8
801B485C,0000006C
801B48C8,0000007C
801B4944,000001CC
801B4B10,00000094
801B4BA4,00000008
801B4BAC,00000168
801B4D14,000000D8
801B4DEC,00000040
801B4E2C,0000008C
801B4EB8,00000378
801B5230,00000220
801B5450,00000004
801B5454,0000020C
801B5660,00000014
801B5674,00000008
801B567C,00000004
801B5680,00000004
801B5684,00000010
801B5694,00000030
801B56C4,00000068
801B572C,0000005C
801B5788,0000005C
801B57E4,000000C0
801B58A4,00000004
801B58A8,0000008C
801B5934,00000100
801B5A34,000001D0
801B5C04,00000088
801B5C8C,000000B8
801B5D44,00000050
801B5D94,00000008
801B5D9C,00000068
801B5E04,000000B8
801B5EBC,0000011C
801B5FD8,0000001C
801B5FF4,0000005C
801B6050,0000004C
801B609C,0000004C
801B60E8,00000068
801B6150,0000006C
801B61BC,00000148
801B6304,00000048
801B634C,00000048
801B6394,0000002C
801B63C0,00000010
801B63D0,00000010
801B63E0,00000008
801B63E8,00000008
801B63F0,00000040
801B6430,00000030
801B6460,00000068
801B64C8,0000005C
801B6524,000000E4
801B6608,0000006C
801B6674,00000068
801B66DC,00000050
801B672C,000000D4
801B6800,00000040
801B6840,0000011C
801B695C,00000040
801B699C,00000008
801B69A4,00000084
801B6A28,00000060
801B6A88,0000003C
801B6AC4,00000044
801B6B08,00000058
801B6B60,00000070
801B6BD0,000000D0
801B6CA0,0000010C
801B6DAC,00000280
801B702C,0000009C
801B70C8,00000044
801B710C,00000044
801B7150,00000058
801B71A8,00000074
801B721C,000001D4
801B73F0,00000090
801B7480,000001A8
801B7628,00000004
801B762C,00000044
801B7670,000000C4
801B7734,0000009C
801B77D0,00000034
801B7804,00000010
801B7814,00000010
801B7824,00000010
801B7834,00000008
801B783C,00000008
801B7844,00000050
801B7894,00000030
801B78C4,00000068
801B792C,0000005C
801B7988,00000048
801B79D0,0000005C
801B7A2C,00000148
801B7B74,00000008
801B7B7C,00000080
801B7BFC,0000003C
801B7C38,00000058
801B7C90,00000084
801B7D14,000001BC
801B7ED0,00000078
801B7F48,00000040
801B7F88,0000003C
801B7FC4,00000120
801B80E4,0000009C
801B8180,00000124
801B82A4,00000090
801B8334,000000F0
801B8424,000000A0
801B84C4,00000058
801B851C,000000C8
801B85E4,000000E8
801B86CC,0000005C
801B8728,00000034
801B875C,00000010
801B876C,00000010
801B877C,00000010
801B878C,00000008
801B8794,0000001C
801B87B0,00000008
801B87B8,00000048
801B8800,0000005C
801B885C,00000058
801B88B4,0000005C
801B8910,00000384
801B8C94,00000034
801B8CC8,00000034
801B8CFC,00000034
801B8D30,000000F4
801B8E24,00000044
801B8E68,00000054
801B8EBC,00000010
801B8ECC,00000008
801B8ED4,00000008
801B8EDC,00000068
801B8F44,000000B4
801B8FF8,00000128
801B9120,000000B8
801B91D8,000000A8
801B9280,000000F0
801B9370,0000012C
801B949C,0000002C
801B94C8,0000002C
801B94F4,0000003C
801B9530,00000010
801B9540,00000010
801B9550,00000010
801B9560,00000010
801B9570,00000008
801B9578,00000008
801B9580,00000008
801B9588,00000008
801B9590,00000008
801B9598,00000008
801B95A0,00000008
801B95A8,00000008
801B95B0,00000008
801B95B8,00000040
801B95F8,00000030
801B9628,00000068
801B9690,0000005C
801B96EC,00000008
801B96F4,00000008
801B96FC,00000008
801B9704,00000008
801B970C,00000068
801B9774,00000350
801B9AC4,000000B4
801B9B78,0000006C
801B9BE4,00000178
801B9D5C,00000048
801B9DA4,00000064
801B9E08,000000C4
801B9ECC,00000128
801B9FF4,00000078
801BA06C,00000050
801BA0BC,00000048
801BA104,00000078
801BA17C,000000D0
801BA24C,0000032C
801BA578,0000005C
801BA5D4,00000034
801BA608,00000010
801BA618,00000010
801BA628,00000010
801BA638,00000008
801BA640,00000004
801BA644,00000008
801BA64C,0000018C
801BA7D8,00000030
801BA808,000000A0
801BA8A8,0000002C
801BA8D4,0000008C
801BA960,00000078
801BA9D8,0000005C
801BAA34,000000F4
801BAB28,000000D8
801BAC00,00000070
801BAC70,0000034C
801BAFBC,000000CC
801BB088,0000011C
801BB1A4,00000148
801BB2EC,00000054
801BB340,00000078
801BB3B8,00000054
801BB40C,00000068
801BB474,00000008
801BB47C,00000054
801BB4D0,00000054
801BB524,000000AC
801BB5D0,00000068
801BB638,00000054
801BB68C,00000054
801BB6E0,00000254
801BB934,00000010
801BB944,0000005C
801BB9A0,0000005C
801BB9FC,00000008
801BBA04,00000008
801BBA0C,00000008
801BBA14,00000008
801BBA1C,00000008
801BBA24,00000008
801BBA2C,00000040
801BBA6C,00000008
801BBA74,00000014
801BBA88,00000014
801BBA9C,00000014
801BBAB0,00000010
801BBAC0,000000D0
801BBB90,00000048
801BBBD8,000000EC
801BBCC4,00000068
801BBD2C,0000007C
801BBDA8,00000054
801BBDFC,00000090
801BBE8C,00000008
801BBE94,00000008
801BBE9C,00000034
801BBED0,00000010
801BBEE0,00000010
801BBEF0,00000010
801BBF00,00000008
801BBF08,00000008
801BBF10,00000040
801BBF50,00000040
801BBF90,00000030
801BBFC0,00000068
801BC028,00000058
801BC080,00000070
801BC0F0,00000050
801BC140,00000168
801BC2A8,00000058
801BC300,0000005C
801BC35C,0000005C
801BC3B8,00000090
801BC448,000000AC
801BC4F4,000000AC
801BC5A0,000000A0
801BC640,00000070
801BC6B0,00000070
801BC720,0000007C
801BC79C,00000254
801BC9F0,000000A8
801BCA98,000000B0
801BCB48,000000C4
801BCC0C,00000058
801BCC64,0000004C
801BCCB0,00000010
801BCCC0,00000010
801BCCD0,00000010
801BCCE0,00000010
801BCCF0,00000010
801BCD00,00000010
801BCD10,00000008
801BCD18,00000008
801BCD20,00000068
801BCD88,0000001C
801BCDA4,00000008
801BCDAC,00000004
801BCDB0,0000003C
801BCDEC,000000A4
801BCE90,0000005C
801BCEEC,00000080
801BCF6C,00000008
801BCF74,00000050
801BCFC4,00000004
801BCFC8,0000003C
801BD004,00000010
801BD014,00000010
801BD024,00000010
801BD034,00000010
801BD044,00000064
801BD0A8,00000008
801BD0B0,0000005C
801BD10C,00000008
801BD114,00000030
801BD144,00000068
801BD1AC,00000058
801BD204,00000044
801BD248,0000009C
801BD2E4,00000064
801BD348,000000BC
801BD404,00000054
801BD458,00000004
801BD45C,00000050
801BD4AC,0000005C
801BD508,0000003C
801BD544,00000010
801BD554,00000010
801BD564,00000010
801BD574,00000010
801BD584,00000050
801BD5D4,00000008
801BD5DC,00000008
801BD5E4,00000004
801BD5E8,00000004
801BD5EC,00000004
801BD5F0,00000004
801BD5F4,00000030
801BD624,00000068
801BD68C,00000058
801BD6E4,00000084
801BD768,00000120
801BD888,000000F4
801BD97C,0000009C
801BDA18,00000138
801BDB50,000000A8
801BDBF8,00000048
801BDC40,00000044
801BDC84,00000008
801BDC8C,00000008
801BDC94,0000005C
801BDCF0,00000050
801BDD40,00000074
801BDDB4,00000060
801BDE14,00000078
801BDE8C,000000D4
801BDF60,00000094
801BDFF4,0000006C
801BE060,0000006C
801BE0CC,00000050
801BE11C,00000050
801BE16C,00000074
801BE1E0,000000EC
801BE2CC,00000094
801BE360,00000054
801BE3B4,00000048
801BE3FC,0000004C
801BE448,00000010
801BE458,00000010
801BE468,00000010
801BE478,00000010
801BE488,00000010
801BE498,00000010
801BE4A8,00000008
801BE4B0,00000004
801BE4B4,00000008
801BE4BC,00000008
801BE4C4,00000054
801BE518,00000004
801BE51C,0000006C
801BE588,0000012C
801BE6B4,00000090
801BE744,000000E8
801BE82C,000000F4
801BE920,00000098
801BE9B8,0000007C
801BEA34,00000078
801BEAAC,000000A0
801BEB4C,00000050
801BEB9C,00000064
801BEC00,00000050
801BEC50,000000A4
801BECF4,00000090
801BED84,0000005C
801BEDE0,00000054
801BEE34,00000010
801BEE44,00000010
801BEE54,00000010
801BEE64,00000010
801BEE74,00000010
801BEE84,00000010
801BEE94,00000010
801BEEA4,00000008
801BEEAC,00000008
801BEEB4,00000040
801BEEF4,00000050
801BEF44,0000004C
801BEF90,00000054
801BEFE4,00000004
801BEFE8,000000A8
801BF090,00000200
801BF290,000000AC
801BF33C,0000008C
801BF3C8,00000008
801BF3D0,00000008
801BF3D8,0000003C
801BF414,00000040
801BF454,00000058
801BF4AC,00000040
801BF4EC,00000140
801BF62C,00000164
801BF790,000000FC
801BF88C,00000030
801BF8BC,00000068
801BF924,0000005C
801BF980,0000005C
801BF9DC,0000005C
801BFA38,00000020
801BFA58,00000050
801BFAA8,00000028
801BFAD0,00000058
801BFB28,00000034
801BFB5C,00000048
801BFBA4,0000006C
801BFC10,00000054
801BFC64,00000038
801BFC9C,00000038
801BFCD4,00000038
801BFD0C,00000038
801BFD44,0000005C
801BFDA0,0000005C
801BFDFC,00000058
801BFE54,000000A4
801BFEF8,00000068
801BFF60,00000058
801BFFB8,0000006C
801C0024,0000006C
801C0090,00000334
801C03C4,0000022C
801C05F0,00000060
801C0650,00000070
801C06C0,00000044
801C0704,0000005C
801C0760,0000004C
801C07AC,00000208
801C09B4,00000040
801C09F4,00000048
801C0A3C,00000058
801C0A94,00000020
801C0AB4,00000058
801C0B0C,00000050
801C0B5C,00000038
801C0B94,000000CC
801C0C60,00000008
801C0C68,00000014
801C0C7C,00000040
801C0CBC,00000044
801C0D00,00000044
801C0D44,00000044
801C0D88,00000044
801C0DCC,0000005C
801C0E28,0000004C
801C0E74,00000008
801C0E7C,00000074
801C0EF0,0000006C
801C0F5C,00000008
801C0F64,00000044
801C0FA8,00000078
801C1020,00000098
801C10B8,00000058
801C1110,00000018
801C1128,00000008
801C1130,00000098
801C11C8,0000005C
801C1224,00000008
801C122C,00000050
801C127C,00000094
801C1310,00000058
801C1368,0000005C
801C13C4,000000E8
801C14AC,00000004
801C14B0,000000FC
801C15AC,00000070
801C161C,00000160
801C177C,0000003C
801C17B8,0000005C
801C1814,0000002C
801C1840,00000010
801C1850,00000010
801C1860,00000008
801C1868,00000008
801C1870,0000006C
801C18DC,0000005C
801C1938,00000004
801C193C,000000BC
801C19F8,00000018
801C1A10,00000080
801C1A90,00000008
801C1A98,00000008
801C1AA0,0000003C
801C1ADC,0000004C
801C1B28,00000034
801C1B5C,00000030
801C1B8C,00000030
801C1BBC,0000006C
801C1C28,00000058
801C1C80,00000048
801C1CC8,00000034
801C1CFC,00000034
801C1D30,00000054
801C1D84,000000B0
801C1E34,00000064
801C1E98,00000064
801C1EFC,00000064
801C1F60,000000C8
801C2028,0000005C
801C2084,0000005C
801C20E0,0000005C
801C213C,0000005C
801C2198,0000005C
801C21F4,00000058
801C224C,000000EC
801C2338,0000004C
801C2384,000000EC
801C2470,0000004C
801C24BC,00000084
801C2540,0000002C
801C256C,00000094
801C2600,0000010C
801C270C,00000070
801C277C,00000064
801C27E0,000000B0
801C2890,00000008
801C2898,0000004C
801C28E4,0000005C
801C2940,000000B8
801C29F8,00000024
801C2A1C,00000020
801C2A3C,00000024
801C2A60,000002D4
801C2D34,000000D4
801C2E08,000000D0
801C2ED8,00000008
801C2EE0,0000009C
801C2F7C,00000058
801C2FD4,0000003C
801C3010,00000060
801C3070,00000004
801C3074,00000058
801C30CC,0000005C
801C3128,0000005C
801C3184,0000003C
801C31C0,000000B4
801C3274,000000A4
801C3318,000000C0
801C33D8,00000144
801C351C,00000098
801C35B4,000000E8
801C369C,00000088
801C3724,000000FC
801C3820,00000054
801C3874,00000038
801C38AC,00000038
801C38E4,0000004C
801C3930,0000016C
801C3A9C,00000134
801C3BD0,00000088
801C3C58,00000264
801C3EBC,00000118
801C3FD4,00000078
801C404C,00000054
801C40A0,000000A4
801C4144,000000DC
801C4220,000001AC
801C43CC,00000098
801C4464,000003D0
801C4834,00000094
801C48C8,000000F8
801C49C0,0000015C
801C4B1C,00000140
801C4C5C,000000B0
801C4D0C,000000E8
801C4DF4,000000A0
801C4E94,00000128
801C4FBC,00000168
801C5124,00000094
801C51B8,000000AC
801C5264,000000A0
801C5304,00000054
801C5358,00000090
801C53E8,00000060
801C5448,00000090
801C54D8,00000080
801C5558,0000008C
801C55E4,00000074
801C5658,000000AC
801C5704,000000F4
801C57F8,000000C0
801C58B8,0000005C
801C5914,0000004C
801C5960,00000010
801C5970,00000010
801C5980,00000010
801C5990,00000010
801C59A0,00000010
801C59B0,00000010
801C59C0,00000040
801C5A00,00000008
801C5A08,00000008
801C5A10,00000008
801C5A18,00000008
801C5A20,00000008
801C5A28,0000003C
801C5A64,0000005C
801C5AC0,000000AC
801C5B6C,0000014C
801C5CB8,00000094
801C5D4C,0000035C
801C60A8,00000068
801C6110,00000060
801C6170,00000110
801C6280,0000006C
801C62EC,0000006C
801C6358,000000C4
801C641C,0000005C
801C6478,0000005C
801C64D4,00000008
801C64DC,00000088
801C6564,000002EC
801C6850,0000000C
801C685C,000000E0
801C693C,00000074
801C69B0,000000FC
801C6AAC,00000048
801C6AF4,00000120
801C6C14,0000013C
801C6D50,00000050
801C6DA0,00000050
801C6DF0,00000090
801C6E80,000001B4
801C7034,00000054
801C7088,0000005C
801C70E4,00000088
801C716C,00000004
801C7170,00000064
801C71D4,00000064
801C7238,0000006C
801C72A4,00000064
801C7308,00000084
801C738C,000000F8
801C7484,000000F0
801C7574,00000058
801C75CC,00000098
801C7664,00000068
801C76CC,000000C4
801C7790,00000094
801C7824,00000084
801C78A8,00000068
801C7910,00000068
801C7978,000000C0
801C7A38,0000001C
801C7A54,00000008
801C7A5C,00000060
801C7ABC,0000001C
801C7AD8,0000013C
801C7C14,0000005C
801C7C70,00000054
801C7CC4,00000048
801C7D0C,00000068
801C7D74,0000006C
801C7DE0,00000070
801C7E50,00000074
801C7EC4,0000005C
801C7F20,00000010
801C7F30,00000010
801C7F40,00000010
801C7F50,00000010
801C7F60,00000010
801C7F70,00000010
801C7F80,00000010
801C7F90,00000010
801C7FA0,00000008
801C7FA8,00000008
801C7FB0,00000008
801C7FB8,00000008
801C7FC0,00000008
801C7FC8,00000004
801C7FCC,00000008
801C7FD4,00000008
801C7FDC,00000030
801C800C,00000068
801C8074,0000005C
801C80D0,0000003C
801C810C,0000005C
801C8168,000000D4
801C823C,00000130
801C836C,0000003C
801C83A8,0000002C
801C83D4,00000010
801C83E4,00000010
801C83F4,00000008
801C83FC,00000004
801C8400,00000058
801C8458,000002B0
801C8708,00000068
801C8770,00000014
801C8784,00000068
801C87EC,00000064
801C8850,00000028
801C8878,00000058
801C88D0,00000098
801C8968,000000B8
801C8A20,0000003C
801C8A5C,00000010
801C8A6C,00000010
801C8A7C,00000010
801C8A8C,00000010
801C8A9C,00000014
801C8AB0,00000008
801C8AB8,00000004
801C8ABC,00000008
801C8AC4,0000000C
801C8AD0,00000004
801C8AD4,00000040
801C8B14,00000030
801C8B44,00000068
801C8BAC,00000070
801C8C1C,00000090
801C8CAC,00000084
801C8D30,000000A8
801C8DD8,000000A8
801C8E80,00000020
801C8EA0,00000174
801C9014,0000007C
801C9090,0000004C
801C90DC,0000003C
801C9118,0000002C
801C9144,00000028
801C916C,00000064
801C91D0,00000058
801C9228,00000018
801C9240,0000005C
801C929C,00000078
801C9314,0000014C
801C9460,00000044
801C94A4,00000044
801C94E8,00000014
801C94FC,00000014
801C9510,00000014
801C9524,0000004C
801C9570,000001DC
801C974C,00000040
801C978C,00000030
801C97BC,00000068
801C9824,00000058
801C987C,0000006C
801C98E8,000000F8
801C99E0,00000008
801C99E8,0000002C
801C9A14,0000002C
801C9A40,0000002C
801C9A6C,00000058
801C9AC4,00000058
801C9B1C,000000AC
801C9BC8,00000074
801C9C3C,0000005C
801C9C98,000000D8
801C9D70,00000004
801C9D74,0000005C
801C9DD0,0000002C
801C9DFC,00000010
801C9E0C,00000010
801C9E1C,00000008
801C9E24,00000008
801C9E2C,0000005C
801C9E88,00000208
801CA090,00000048
801CA0D8,000000B8
801CA190,00000084
801CA214,0000007C
801CA290,00000038
801CA2C8,000000D8
801CA3A0,00000084
801CA424,0000003C
801CA460,00000010
801CA470,00000010
801CA480,00000010
801CA490,00000010
801CA4A0,00000004
801CA4A4,00000008
801CA4AC,00000008
801CA4B4,00000008
801CA4BC,00000040
801CA4FC,00000068
801CA564,00000068
801CA5CC,00000058
801CA624,0000004C
801CA670,00000070
801CA6E0,00000004
801CA6E4,00000064
801CA748,00000064
801CA7AC,00000074
801CA820,0000005C
801CA87C,0000002C
801CA8A8,00000010
801CA8B8,00000010
801CA8C8,00000054
801CA91C,00000004
801CA920,0000003C
801CA95C,00000130
801CAA8C,00000010
801CAA9C,00000054
801CAAF0,00000030
801CAB20,00000068
801CAB88,0000005C
801CABE4,000000CC
801CACB0,000003E0
801CB090,00000130
801CB1C0,0000005C
801CB21C,0000009C
801CB2B8,00000018
801CB2D0,00000170
801CB440,00000074
801CB4B4,00000138
801CB5EC,000000D8
801CB6C4,00000088
801CB74C,00000104
801CB850,00000270
801CBAC0,00000050
801CBB10,00000034
801CBB44,00000010
801CBB54,00000010
801CBB64,00000010
801CBB74,00000008
801CBB7C,00000008
801CBB84,00000008
801CBB8C,00000030
801CBBBC,00000068
801CBC24,0000005C
801CBC80,00000064
801CBCE4,00000124
801CBE08,000000BC
801CBEC4,00000064
801CBF28,00000078
801CBFA0,000000D0
801CC070,0000008C
801CC0FC,00000090
801CC18C,00000050
801CC1DC,00000074
801CC250,00000074
801CC2C4,000000C0
801CC384,000000D4
801CC458,00000014
801CC46C,000000F4
801CC560,0000007C
801CC5DC,000000B0
801CC68C,00000058
801CC6E4,0000005C
801CC740,00000010
801CC750,00000010
801CC760,00000010
801CC770,00000010
801CC780,00000010
801CC790,00000010
801CC7A0,00000010
801CC7B0,00000010
801CC7C0,00000008
801CC7C8,00000008
801CC7D0,00000008
801CC7D8,00000008
801CC7E0,00000008
801CC7E8,00000004
801CC7EC,00000014
801CC800,00000008
801CC808,00000004
801CC80C,00000058
801CC864,00000108
801CC96C,00000034
801CC9A0,00000054
801CC9F4,00000010
801CCA04,0000003C
801CCA40,0000004C
801CCA8C,00000040
801CCACC,0000004C
801CCB18,00000050
801CCB68,00000068
801CCBD0,000000AC
801CCC7C,0000005C
801CCCD8,0000003C
801CCD14,00000010
801CCD24,00000010
801CCD34,00000010
801CCD44,00000010
801CCD54,0000004C
801CCDA0,00000008
801CCDA8,00000008
801CCDB0,00000008
801CCDB8,000000B0
801CCE68,00000010
801CCE78,0000003C
801CCEB4,0000005C
801CCF10,0000005C
801CCF6C,0000005C
801CCFC8,0000028C
801CD254,000001F8
801CD44C,0000017C
801CD5C8,00000068
801CD630,00000080
801CD6B0,00000098
801CD748,00000200
801CD948,0000000C
801CD954,00000044
801CD998,000000D0
801CDA68,000000E0
801CDB48,00000050
801CDB98,00000058
801CDBF0,0000002C
801CDC1C,00000010
801CDC2C,00000010
801CDC3C,00000008
801CDC44,00000004
801CDC48,000000AC
801CDCF4,0000011C
801CDE10,00000008
801CDE18,00000144
801CDF5C,00000018
801CDF74,00000034
801CDFA8,00000058
801CE000,00000028
801CE028,00000100
801CE128,0000007C
801CE1A4,0000003C
801CE1E0,00000020
801CE200,0000014C
801CE34C,000000AC
801CE3F8,00000068
801CE460,00000098
801CE4F8,000000CC
801CE5C4,0000005C
801CE620,0000003C
801CE65C,00000010
801CE66C,00000010
801CE67C,00000010
801CE68C,00000010
801CE69C,00000008
801CE6A4,00000008
801CE6AC,00000008
801CE6B4,00000008
801CE6BC,00000014
801CE6D0,00000074
801CE744,00000204
801CE948,0000008C
801CE9D4,0000007C
801CEA50,0000006C
801CEABC,000000A8
801CEB64,00000140
801CECA4,00000150
801CEDF4,0000010C
801CEF00,00000058
801CEF58,00000004
801CEF5C,00000058
801CEFB4,00000054
801CF008,00000010
801CF018,00000010
801CF028,00000010
801CF038,00000010
801CF048,00000010
801CF058,00000010
801CF068,00000010
801CF078,00000008
801CF080,00000008
801CF088,00000008
801CF090,00000008
801CF098,00000008
801CF0A0,00000008
801CF0A8,00000008
801CF0B0,00000004
801CF0B4,00000004
801CF0B8,00000004
801CF0BC,000000CC
801CF188,0000014C
801CF2D4,00000004
801CF2D8,00000008
801CF2E0,0000005C
801CF33C,00000080
801CF3BC,00000234
801CF5F0,000000E4
801CF6D4,000001E0
801CF8B4,000001D4
801CFA88,0000003C
801CFAC4,00000010
801CFAD4,00000010
801CFAE4,00000010
801CFAF4,00000010
801CFB04,00000008
801CFB0C,00000008
801CFB14,00000008
801CFB1C,00000008
801CFB24,0000005C
801CFB80,00000070
801CFBF0,00000144
801CFD34,000000C4
801CFDF8,000001B0
801CFFA8,00000004
801CFFAC,00000048
801CFFF4,00000158
801D014C,000000B0
801D01FC,00000058
801D0254,0000003C
801D0290,00000010
801D02A0,00000010
801D02B0,00000010
801D02C0,00000010
801D02D0,00000008
801D02D8,00000008
801D02E0,00000008
801D02E8,00000008
801D02F0,000000F4
801D03E4,000000B8
801D049C,000001A0
801D063C,0000003C
801D0678,00000044
801D06BC,0000003C
801D06F8,00000214
801D090C,00000064
801D0970,0000005C
801D09CC,0000006C
801D0A38,00000068
801D0AA0,0000006C
801D0B0C,00000070
801D0B7C,00000008
801D0B84,00000054
801D0BD8,00000058
801D0C30,00000054
801D0C84,0000004C
801D0CD0,00000058
801D0D28,00000294
801D0FBC,00000170
801D112C,00000014
801D1140,000001B8
801D12F8,000000D0
801D13C8,00000514
801D18DC,00000048
801D1924,00000070
801D1994,000000A8
801D1A3C,00000058
801D1A94,000000E0
801D1B74,00000090
801D1C04,000000C8
801D1CCC,00000078
801D1D44,00000184
801D1EC8,000000A8
801D1F70,00000110
801D2080,00000108
801D2188,00000054
801D21DC,00000264
801D2440,000000B4
801D24F4,000000C4
801D25B8,000000D0
801D2688,0000009C
801D2724,000000B8
801D27DC,0000005C
801D2838,00000058
801D2890,0000007C
801D290C,00000010
801D291C,00000010
801D292C,00000010
801D293C,00000010
801D294C,00000010
801D295C,00000010
801D296C,00000010
801D297C,00000010
801D298C,00000010
801D299C,00000010
801D29AC,00000010
801D29BC,00000010
801D29CC,00000008
801D29D4,00000048
801D2A1C,00000008
801D2A24,00000048
801D2A6C,00000004
801D2A70,00000004
801D2A74,00000008
801D2A7C,00000008
801D2A84,00000008
801D2A8C,00000008
801D2A94,00000008
801D2A9C,00000008
801D2AA4,00000008
801D2AAC,00000004
801D2AB0,00000050
801D2B00,00000098
801D2B98,00000018
801D2BB0,00000018
801D2BC8,0000007C
801D2C44,000001B8
801D2DFC,00000094
801D2E90,000001C0
801D3050,000000A0
801D30F0,00000008
801D30F8,000001B8
801D32B0,0000008C
801D333C,000000B4
801D33F0,00000084
801D3474,00000034
801D34A8,00000010
801D34B8,00000010
801D34C8,00000010
801D34D8,00000008
801D34E0,00000004
801D34E4,00000004
801D34E8,00000080
801D3568,00000008
801D3570,00000068
801D35D8,00000030
801D3608,00000068
801D3670,00000070
801D36E0,0000000C
801D36EC,0000005C
801D3748,00000048
801D3790,000000C4
801D3854,0000001C
801D3870,00000070
801D38E0,000000B8
801D3998,00000124
801D3ABC,00000058
801D3B14,00000010
801D3B24,00000008
801D3B2C,000002E8
801D3E14,00000074
801D3E88,000001E4
801D406C,00000088
801D40F4,00000064
801D4158,0000006C
801D41C4,0000006C
801D4230,00000044
801D4274,0000005C
801D42D0,00000090
801D4360,000000D4
801D4434,000001CC
801D4600,000001D4
801D47D4,000000CC
801D48A0,0000005C
801D48FC,0000025C
801D4B58,00000258
801D4DB0,000001A0
801D4F50,000000A8
801D4FF8,00000088
801D5080,000000BC
801D513C,00000034
801D5170,00000010
801D5180,00000010
801D5190,00000010
801D51A0,00000040
801D51E0,00000008
801D51E8,0000004C
801D5234,0000008C
801D52C0,00000020
801D52E0,00000088
801D5368,00000048
801D53B0,00000014
801D53C4,00000030
801D53F4,00000068
801D545C,00000058
801D54B4,0000005C
801D5510,000000C8
801D55D8,00000060
801D5638,00000074
801D56AC,000000AC
801D5758,000000E4
801D583C,000000BC
801D58F8,00000098
801D5990,00000054
801D59E4,0000006C
801D5A50,00000008
801D5A58,00000018
801D5A70,0000009C
801D5B0C,000000DC
801D5BE8,0000021C
801D5E04,00000030
801D5E34,00000068
801D5E9C,0000005C
801D5EF8,00000048
801D5F40,000000B4
801D5FF4,0000001C
801D6010,00000094
801D60A4,000000E4
801D6188,000000C4
801D624C,00000008
801D6254,000000F8
801D634C,0000005C
801D63A8,000000A8
801D6450,000000D4
801D6524,0000019C
801D66C0,00000258
801D6918,000000CC
801D69E4,0000005C
801D6A40,0000010C
801D6B4C,000000C4
801D6C10,000002EC
801D6EFC,00000118
801D7014,00000284
801D7298,000000C4
801D735C,000000A8
801D7404,00000054
801D7458,000000CC
801D7524,000001B8
801D76DC,000000C4
801D77A0,00000034
801D77D4,00000010
801D77E4,00000010
801D77F4,00000010
801D7804,00000040
801D7844,00000008
801D784C,00000054
801D78A0,0000000C
801D78AC,0000005C
801D7908,00000020
801D7928,00000088
801D79B0,00000048
801D79F8,00000034
801D7A2C,00000014
801D7A40,00000010
801D7A50,00000030
801D7A80,00000068
801D7AE8,0000005C
801D7B44,00000040
801D7B84,00000040
801D7BC4,00000064
801D7C28,000001C4
801D7DEC,00000004
801D7DF0,000000B8
801D7EA8,00000074
801D7F1C,00000090
801D7FAC,00000058
801D8004,00000050
801D8054,00000050
801D80A4,0000005C
801D8100,0000003C
801D813C,00000010
801D814C,00000010
801D815C,00000010
801D816C,00000010
801D817C,00000008
801D8184,00000008
801D818C,00000008
801D8194,00000008
801D819C,0000006C
801D8208,00000104
801D830C,00000210
801D851C,00000180
801D869C,0000023C
801D88D8,0000005C
801D8934,00000044
801D8978,00000010
801D8988,00000010
801D8998,00000044
801D89DC,00000004
801D89E0,0000003C
801D8A1C,000000B4
801D8AD0,00000048
801D8B18,00000050
801D8B68,00000084
801D8BEC,0000005C
801D8C48,0000002C
801D8C74,00000010
801D8C84,00000010
801D8C94,00000008
801D8C9C,00000044
801D8CE0,00000084
801D8D64,0000015C
801D8EC0,000000CC
801D8F8C,000000EC
801D9078,00000004
801D907C,00000004
801D9080,00000368
801D93E8,00000008
801D93F0,0000004C
801D943C,00000040
801D947C,00000030
801D94AC,00000068
801D9514,00000058
801D956C,00000058
801D95C4,0000005C
801D9620,00000070
801D9690,00000120
801D97B0,00000004
801D97B4,00000004
801D97B8,0000003C
801D97F4,00000004
801D97F8,0000005C
801D9854,00000074
801D98C8,000002A8
801D9B70,00000068
801D9BD8,00000070
801D9C48,00000070
801D9CB8,00000060
801D9D18,00000224
801D9F3C,0000017C
801DA0B8,0000014C
801DA204,00000018
801DA21C,00000008
801DA224,00000058
801DA27C,00000044
801DA2C0,0000005C
801DA31C,00000044
801DA360,00000008
801DA368,0000008C
801DA3F4,000000C4
801DA4B8,00000060
801DA518,000000E8
801DA600,00000044
801DA644,00000048
801DA68C,000000C0
801DA74C,00000138
801DA884,000000A8
801DA92C,0000001C
801DA948,0000005C
801DA9A4,00000018
801DA9BC,00000008
801DA9C4,0000003C
801DAA00,00000068
801DAA68,00000058
801DAAC0,00000070
801DAB30,0000007C
801DABAC,00000360
801DAF0C,000000A4
801DAFB0,00000034
801DAFE4,0000006C
801DB050,00000070
801DB0C0,00000068
801DB128,000000BC
801DB1E4,000000C8
801DB2AC,00000098
801DB344,000000A0
801DB3E4,00000050
801DB434,00000044
801DB478,00000044
801DB4BC,0000009C
801DB558,00000070
801DB5C8,00000170
801DB738,0000004C
801DB784,00000010
801DB794,00000010
801DB7A4,00000010
801DB7B4,00000010
801DB7C4,00000010
801DB7D4,00000010
801DB7E4,00000008
801DB7EC,00000008
801DB7F4,00000008
801DB7FC,00000048
801DB844,00000008
801DB84C,00000008
801DB854,00000040
801DB894,00000030
801DB8C4,00000068
801DB92C,0000005C
801DB988,00000040
801DB9C8,00000068
801DBA30,00000068
801DBA98,00000058
801DBAF0,00000174
801DBC64,00000090
801DBCF4,00000008
801DBCFC,00000060
801DBD5C,000000B0
801DBE0C,00000068
801DBE74,00000084
801DBEF8,000000AC
801DBFA4,000000A8
801DC04C,00000078
801DC0C4,00000218
801DC2DC,00000050
801DC32C,0000005C
801DC388,0000004C
801DC3D4,00000010
801DC3E4,00000010
801DC3F4,00000010
801DC404,00000010
801DC414,00000010
801DC424,00000010
801DC434,00000008
801DC43C,00000008
801DC444,00000008
801DC44C,00000008
801DC454,00000008
801DC45C,00000008
801DC464,00000094
801DC4F8,00000044
801DC53C,0000005C
801DC598,00000310
801DC8A8,00000070
801DC918,00000318
801DCC30,00000074
801DCCA4,00000008
801DCCAC,00000058
801DCD04,000001B0
801DCEB4,00000134
801DCFE8,00000134
801DD11C,000000B8
801DD1D4,000000A0
801DD274,0000004C
801DD2C0,00000080
801DD340,00000040
801DD380,000000A0
801DD420,00000094
801DD4B4,00000130
801DD5E4,0000005C
801DD640,00000158
801DD798,000000B0
801DD848,000000C8
801DD910,00000060
801DD970,0000003C
801DD9AC,000000DC
801DDA88,00000064
801DDAEC,00000010
801DDAFC,00000010
801DDB0C,00000010
801DDB1C,00000010
801DDB2C,00000010
801DDB3C,00000010
801DDB4C,00000010
801DDB5C,00000010
801DDB6C,00000010
801DDB7C,00000008
801DDB84,00000008
801DDB8C,00000008
801DDB94,00000008
801DDB9C,00000048
801DDBE4,00000008
801DDBEC,00000008
801DDBF4,00000008
801DDBFC,00000008
801DDC04,00000040
801DDC44,00000068
801DDCAC,00000068
801DDD14,00000058
801DDD6C,0000005C
801DDDC8,00000058
801DDE20,0000025C
801DE07C,00000058
801DE0D4,00000048
801DE11C,0000004C
801DE168,00000204
801DE36C,00000060
801DE3CC,0000006C
801DE438,0000005C
801DE494,0000002C
801DE4C0,00000010
801DE4D0,00000010
801DE4E0,00000008
801DE4E8,00000008
801DE4F0,00000054
801DE544,00000108
801DE64C,00000064
801DE6B0,00000080
801DE730,00000064
801DE794,00000138
801DE8CC,00000074
801DE940,000000B4
801DE9F4,00000098
801DEA8C,0000005C
801DEAE8,00000044
801DEB2C,00000010
801DEB3C,00000010
801DEB4C,00000010
801DEB5C,00000010
801DEB6C,00000010
801DEB7C,00000008
801DEB84,00000008
801DEB8C,00000008
801DEB94,00000008
801DEB9C,00000008
801DEBA4,0000016C
801DED10,000001D0
801DEEE0,00000014
801DEEF4,00000144
801DF038,00000060
801DF098,00000054
801DF0EC,00000078
801DF164,00000104
801DF268,000000A0
801DF308,0000007C
801DF384,00000060
801DF3E4,00000088
801DF46C,000000F4
801DF560,0000006C
801DF5CC,00000064
801DF630,00000050
801DF680,00000158
801DF7D8,00000060
801DF838,000000B0
801DF8E8,0000007C
801DF964,00000064
801DF9C8,000000F0
801DFAB8,00000114
801DFBCC,000003A8
801DFF74,00000120
801E0094,0000018C
801E0220,00000074
801E0294,00000074
801E0308,000000D0
801E03D8,000000DC
801E04B4,0000002C
801E04E0,0000006C
801E054C,00000048
801E0594,00000048
801E05DC,0000002C
801E0608,00000108
801E0710,00000094
801E07A4,00000088
801E082C,00000088
801E08B4,000000CC
801E0980,00000024
801E09A4,00000068
801E0A0C,00000058
801E0A64,0000006C
801E0AD0,00000008
801E0AD8,0000003C
801E0B14,0000003C
801E0B50,00000058
801E0BA8,0000003C
801E0BE4,00000030
801E0C14,0000002C
801E0C40,0000005C
801E0C9C,0000005C
801E0CF8,00000054
801E0D4C,00000010
801E0D5C,00000010
801E0D6C,00000010
801E0D7C,00000010
801E0D8C,00000010
801E0D9C,00000010
801E0DAC,00000010
801E0DBC,00000008
801E0DC4,00000008
801E0DCC,00000008
801E0DD4,00000008
801E0DDC,00000060
801E0E3C,00000008
801E0E44,00000060
801E0EA4,00000008
801E0EAC,00000008
801E0EB4,0000004C
801E0F00,00000298
801E1198,00000010
801E11A8,00000058
801E1200,00000058
801E1258,0000026C
801E14C4,00000060
801E1524,0000005C
801E1580,0000009C
801E161C,00000014
801E1630,00000074
801E16A4,000002B0
801E1954,00000004
801E1958,0000008C
801E19E4,00000064
801E1A48,0000006C
801E1AB4,00000034
801E1AE8,00000034
801E1B1C,00000058
801E1B74,00000130
801E1CA4,000000B0
801E1D54,000000FC
801E1E50,0000016C
801E1FBC,000000C0
801E207C,00000044
801E20C0,00000058
801E2118,00000168
801E2280,00000004
801E2284,0000004C
801E22D0,00000010
801E22E0,00000010
801E22F0,00000010
801E2300,00000010
801E2310,00000010
801E2320,00000010
801E2330,00000008
801E2338,00000008
801E2340,00000008
801E2348,00000008
801E2350,00000008
801E2358,00000004
801E235C,00000050
801E23AC,0000005C
801E2408,00000070
801E2478,000002FC
801E2774,00000100
801E2874,00000018
801E288C,00000004
801E2890,00000008
801E2898,0000005C
801E28F4,00000060
801E2954,00000170
801E2AC4,00000130
801E2BF4,00000068
801E2C5C,000000B0
801E2D0C,00000074
801E2D80,0000009C
801E2E1C,0000007C
801E2E98,00000044
801E2EDC,00000088
801E2F64,000000D0
801E3034,00000034
801E3068,00000010
801E3078,00000010
801E3088,00000010
801E3098,00000008
801E30A0,00000008
801E30A8,00000048
801E30F0,00000030
801E3120,00000068
801E3188,0000005C
801E31E4,0000008C
801E3270,00000088
801E32F8,00000080
801E3378,00000008
801E3380,00000090
801E3410,000000BC
801E34CC,0000005C
801E3528,000000F4
801E361C,00000008
801E3624,00000164
801E3788,000000DC
801E3864,000000AC
801E3910,00000064
801E3974,0000004C
801E39C0,00000064
801E3A24,00000064
801E3A88,00000060
801E3AE8,0000006C
801E3B54,00000058
801E3BAC,0000005C
801E3C08,00000044
801E3C4C,00000010
801E3C5C,00000010
801E3C6C,00000010
801E3C7C,00000010
801E3C8C,00000010
801E3C9C,0000004C
801E3CE8,00000048
801E3D30,0000001C
801E3D4C,00000008
801E3D54,0000001C
801E3D70,00000048
801E3DB8,00000150
801E3F08,00000008
801E3F10,000000F0
801E4000,00000044
801E4044,0000005C
801E40A0,00000034
801E40D4,00000010
801E40E4,00000010
801E40F4,00000010
801E4104,00000008
801E410C,00000008
801E4114,00000004
801E4118,00000044
801E415C,00000160
801E42BC,000000D4
801E4390,00000100
801E4490,0000000C
801E449C,00000018
801E44B4,00000060
801E4514,00000038
801E454C,00000034
801E4580,00000010
801E4590,00000010
801E45A0,00000010
801E45B0,00000008
801E45B8,0000005C
801E4614,00000008
801E461C,00000030
801E464C,00000068
801E46B4,00000058
801E470C,00000058
801E4764,00000044
801E47A8,00000138
801E48E0,000000A4
801E4984,00000004
801E4988,00000224
801E4BAC,00000044
801E4BF0,0000005C
801E4C4C,0000008C
801E4CD8,0000007C
801E4D54,00000034
801E4D88,00000010
801E4D98,00000010
801E4DA8,00000010
801E4DB8,00000004
801E4DBC,00000008
801E4DC4,00000004
801E4DC8,00000004
801E4DCC,00000004
801E4DD0,00000004
801E4DD4,0000005C
801E4E30,00000128
801E4F58,0000016C
801E50C4,00000074
801E5138,000000E4
801E521C,0000009C
801E52B8,00000084
801E533C,0000005C
801E5398,00000034
801E53CC,00000010
801E53DC,00000010
801E53EC,00000010
801E53FC,00000040
801E543C,00000008
801E5444,00000040
801E5484,000000B0
801E5534,000001A0
801E56D4,00000008
801E56DC,00000018
801E56F4,00000144
801E5838,00000034
801E586C,00000098
801E5904,00000070
801E5974,0000003C
801E59B0,00000060
801E5A10,000000FC
801E5B0C,00000074
801E5B80,00000060
801E5BE0,0000005C
801E5C3C,00000034
801E5C70,00000010
801E5C80,00000010
801E5C90,00000010
801E5CA0,00000008
801E5CA8,00000008
801E5CB0,00000008
801E5CB8,000000B8
801E5D70,000001EC
801E5F5C,00000008
801E5F64,00000014
801E5F78,00000144
801E60BC,00000034
801E60F0,0000015C
801E624C,000000B4
801E6300,00000070
801E6370,000000DC
801E644C,00000084
801E64D0,00000080
801E6550,0000006C
801E65BC,0000005C
801E6618,0000003C
801E6654,00000010
801E6664,00000010
801E6674,00000010
801E6684,00000010
801E6694,00000008
801E669C,00000008
801E66A4,00000008
801E66AC,00000008
801E66B4,00000054
801E6708,0000017C
801E6884,00000008
801E688C,00000078
801E6904,00000034
801E6938,0000000C
801E6944,0000006C
801E69B0,00000074
801E6A24,0000003C
801E6A60,0000004C
801E6AAC,000000F8
801E6BA4,0000004C
801E6BF0,00000068
801E6C58,00000060
801E6CB8,00000068
801E6D20,0000005C
801E6D7C,0000005C
801E6DD8,0000003C
801E6E14,00000010
801E6E24,00000010
801E6E34,00000010
801E6E44,00000010
801E6E54,00000008
801E6E5C,00000008
801E6E64,00000008
801E6E6C,00000008
801E6E74,0000003C
801E6EB0,0000005C
801E6F0C,00000124
801E7030,000000C8
801E70F8,00000174
801E726C,00000060
801E72CC,00000078
801E7344,00000008
801E734C,00000064
801E73B0,00000004
801E73B4,0000002C
801E73E0,00000010
801E73F0,00000010
801E7400,00000068
801E7468,00000008
801E7470,0000004C
801E74BC,00000060
801E751C,00000060
801E757C,00000154
801E76D0,00000008
801E76D8,00000058
801E7730,00000004
801E7734,00000044
801E7778,000000A4
801E781C,00000034
801E7850,0000005C
801E78AC,000000A0
801E794C,00000008
801E7954,0000003C
801E7990,00000010
801E79A0,00000058
801E79F8,0000003C
801E7A34,00000054
801E7A88,00000104
801E7B8C,00000084
801E7C10,00000004
801E7C14,000000A8
801E7CBC,0000013C
801E7DF8,0000004C
801E7E44,0000005C
801E7EA0,00000098
801E7F38,0000005C
801E7F94,00000044
801E7FD8,00000058
801E8030,00000058
801E8088,00000044
801E80CC,00000010
801E80DC,00000010
801E80EC,00000010
801E80FC,00000010
801E810C,00000010
801E811C,00000008
801E8124,00000048
801E816C,00000044
801E81B0,00000050
801E8200,00000008
801E8208,00000008
801E8210,00000008
801E8218,0000003C
801E8254,00000110
801E8364,00000004
801E8368,00000004
801E836C,0000007C
801E83E8,0000005C
801E8444,00000018
801E845C,00000008
801E8464,00000058
801E84BC,000001C8
801E8684,0000003C
801E86C0,0000003C
801E86FC,000001D4
801E88D0,000000DC
801E89AC,00000060
801E8A0C,00000054
801E8A60,00000090
801E8AF0,0000008C
801E8B7C,00000160
801E8CDC,00000058
801E8D34,000001FC
801E8F30,00000114
801E9044,0000001C
801E9060,00000040
801E90A0,0000005C
801E90FC,00000054
801E9150,00000010
801E9160,00000010
801E9170,00000010
801E9180,00000010
801E9190,00000008
801E9198,00000008
801E91A0,00000008
801E91A8,0000004C
801E91F4,000001BC
801E93B0,00000050
801E9400,00000708
801E9B08,0000006C
801E9B74,00000034
801E9BA8,00000170
801E9D18,00000134
801E9E4C,0000028C
801EA0D8,00000070
801EA148,00000050
801EA198,00000050
801EA1E8,00000058
801EA240,0000005C
801EA29C,0000002C
801EA2C8,00000010
801EA2D8,00000010
801EA2E8,00000008
801EA2F0,00000008
801EA2F8,00000044
801EA33C,00000008
801EA344,00000380
801EA6C4,00000040
801EA704,00000060
801EA764,00000060
801EA7C4,00000138
801EA8FC,00000060
801EA95C,00000024
801EA980,0000009C
801EAA1C,000000B8
801EAAD4,00000238
801EAD0C,00000120
801EAE2C,000001D0
801EAFFC,00000158
801EB154,000001FC
801EB350,000006E8
801EBA38,0000017C
801EBBB4,00000114
801EBCC8,00000188
801EBE50,000000F4
801EBF44,000001EC
801EC130,00000248
801EC378,00000110
801EC488,00000100
801EC588,000000B0
801EC638,00000060
801EC698,00000008
801EC6A0,00000058
801EC6F8,00000044
801EC73C,00000070
801EC7AC,00000044
801EC7F0,0000005C
801EC84C,00000058
801EC8A4,00000064
801EC908,00000010
801EC918,00000010
801EC928,00000010
801EC938,00000010
801EC948,00000010
801EC958,00000010
801EC968,00000010
801EC978,00000010
801EC988,00000010
801EC998,00000008
801EC9A0,00000008
801EC9A8,00000008
801EC9B0,00000008
801EC9B8,00000008
801EC9C0,00000014
801EC9D4,00000008
801EC9DC,00000020
801EC9FC,00000008
801ECA04,00000020
801ECA24,00000008
801ECA2C,000000D4
801ECB00,00000134
801ECC34,00000044
801ECC78,00000004
801ECC7C,000000E8
801ECD64,0000004C
801ECDB0,000000C0
801ECE70,00000074
801ECEE4,00000218
801ED0FC,000002E0
801ED3DC,000001F4
801ED5D0,0000006C
801ED63C,00000010
801ED64C,00000010
801ED65C,00000010
801ED66C,00000010
801ED67C,00000008
801ED684,00000008
801ED68C,00000008
801ED694,00000008
801ED69C,0000005C
801ED6F8,00000050
801ED748,00000174
801ED8BC,000001B0
801EDA6C,00000164
801EDBD0,0000007C
801EDC4C,00000044
801EDC90,00000090
801EDD20,0000015C
801EDE7C,00000070
801EDEEC,000000B4
801EDFA0,0000022C
801EE1CC,0000005C
801EE228,0000003C
801EE264,00000010
801EE274,00000010
801EE284,00000010
801EE294,00000010
801EE2A4,00000008
801EE2AC,00000008
801EE2B4,00000008
801EE2BC,00000054
801EE310,0000005C
801EE36C,0000004C
801EE3B8,000001AC
801EE564,00000054
801EE5B8,00000050
801EE608,00000074
801EE67C,00000168
801EE7E4,0000006C
801EE850,00000004
801EE854,00000054
801EE8A8,00000054
801EE8FC,0000007C
801EE978,00000008
801EE980,000000D0
801EEA50,00000114
801EEB64,00000034
801EEB98,00000010
801EEBA8,00000010
801EEBB8,00000010
801EEBC8,00000008
801EEBD0,00000008
801EEBD8,00000008
801EEBE0,0000003C
801EEC1C,00000128
801EED44,00000090
801EEDD4,00000068
801EEE3C,000000B4
801EEEF0,000000B8
801EEFA8,0000005C
801EF004,0000003C
801EF040,00000010
801EF050,00000010
801EF060,00000010
801EF070,00000010
801EF080,00000044
801EF0C4,00000008
801EF0CC,00000008
801EF0D4,00000008
801EF0DC,00000054
801EF130,000000E0
801EF210,00000098
801EF2A8,00000098
801EF340,000000D0
801EF410,0000021C
801EF62C,0000000C
801EF638,0000005C
801EF694,0000005C
801EF6F0,0000005C
801EF74C,0000002C
801EF778,00000010
801EF788,00000010
801EF798,00000008
801EF7A0,00000004
801EF7A4,0000003C
801EF7E0,00000010
801EF7F0,00000138
801EF928,00000054
801EF97C,0000003C
801EF9B8,00000094
801EFA4C,00000084
801EFAD0,00000098
801EFB68,00000098
801EFC00,00000058
801EFC58,0000003C
801EFC94,00000010
801EFCA4,00000010
801EFCB4,00000010
801EFCC4,00000010
801EFCD4,00000008
801EFCDC,00000008
801EFCE4,00000008
801EFCEC,00000008
801EFCF4,0000005C
801EFD50,0000005C
801EFDAC,00000058
801EFE04,00000034
801EFE38,00000050
801EFE88,00000198
801F0020,00000008
801F0028,00000070
801F0098,000001E4
801F027C,0000010C
801F0388,0000003C
801F03C4,00000044
801F0408,0000007C
801F0484,00000034
801F04B8,0000004C
801F0504,000000D4
801F05D8,00000060
801F0638,0000006C
801F06A4,0000005C
801F0700,0000002C
801F072C,00000010
801F073C,00000010
801F074C,00000008
801F0754,00000008
801F075C,00000004
801F0760,00000004
801F0764,0000005C
801F07C0,00000048
801F0808,000000C0
801F08C8,0000003C
801F0904,00000044
801F0948,00000014
801F095C,0000024C
801F0BA8,00000078
801F0C20,000001C8
801F0DE8,00000054
801F0E3C,00000144
801F0F80,00000008
801F0F88,00000060
801F0FE8,000000A0
801F1088,0000009C
801F1124,000000D4
801F11F8,000000B4
801F12AC,00000098
801F1344,0000005C
801F13A0,0000004C
801F13EC,00000010
801F13FC,00000010
801F140C,00000010
801F141C,00000010
801F142C,00000010
801F143C,00000010
801F144C,00000008
801F1454,00000008
801F145C,00000008
801F1464,00000008
801F146C,00000008
801F1474,00000008
801F147C,00000068
801F14E4,0000011C
801F1600,00000064
801F1664,000000CC
801F1730,0000011C
801F184C,00000004
801F1850,00000008
801F1858,0000005C
801F18B4,0000003C
801F18F0,000000C0
801F19B0,00000064
801F1A14,00000064
801F1A78,00000088
801F1B00,000000C4
801F1BC4,0000005C
801F1C20,00000034
801F1C54,00000010
801F1C64,00000010
801F1C74,00000010
801F1C84,00000008
801F1C8C,00000008
801F1C94,00000008
801F1C9C,00000068
801F1D04,00000150
801F1E54,00000008
801F1E5C,00000008
801F1E64,00000088
801F1EEC,000000B4
801F1FA0,0000005C
801F1FFC,00000034
801F2030,00000010
801F2040,00000010
801F2050,00000010
801F2060,00000008
801F2068,00000008
801F2070,00000008
801F2078,0000010C
801F2184,00000258
801F23DC,00000004
801F23E0,00000004
801F23E4,00000128
801F250C,0000006C
801F2578,000000F4
801F266C,00000078
801F26E4,000000B8
801F279C,00000070
801F280C,000000BC
801F28C8,000000B0
801F2978,00000184
801F2AFC,000000FC
801F2BF8,00000074
801F2C6C,000000B0
801F2D1C,00000100
801F2E1C,000001D0
801F2FEC,00000050
801F303C,0000005C
801F3098,0000005C
801F30F4,00000010
801F3104,00000010
801F3114,00000010
801F3124,00000010
801F3134,00000010
801F3144,00000010
801F3154,00000010
801F3164,00000010
801F3174,00000008
801F317C,00000008
801F3184,00000008
801F318C,00000008
801F3194,00000008
801F319C,00000008
801F31A4,00000008
801F31AC,00000008
801F31B4,000000C8
801F327C,000002F4
801F3570,00000084
801F35F4,00000124
801F3718,00000158
801F3870,00000008
801F3878,000002A4
801F3B1C,0000007C
801F3B98,000000A4
801F3C3C,0000005C
801F3C98,00000058
801F3CF0,0000005C
801F3D4C,000001D4
801F3F20,00000170
801F4090,00000250
801F42E0,00000034
801F4314,00000038
801F434C,00000008
801F4354,00000100
801F4454,00000098
801F44EC,0000003C
801F4528,00000010
801F4538,00000010
801F4548,00000010
801F4558,00000010
801F4568,00000048
801F45B0,00000008
801F45B8,00000004
801F45BC,00000008
801F45C4,00000040
801F4604,00000030
801F4634,00000068
801F469C,0000005C
801F46F8,0000005C
801F4754,00000050
801F47A4,00000174
801F4918,00000100
801F4A18,00000064
801F4A7C,00000018
801F4A94,00000234
801F4CC8,00000018
801F4CE0,00000008
801F4CE8,00000060
801F4D48,00000138
801F4E80,00000068
801F4EE8,00000058
801F4F40,0000020C
801F514C,000000BC
801F5208,0000005C
801F5264,0000003C
801F52A0,00000010
801F52B0,00000010
801F52C0,00000010
801F52D0,00000010
801F52E0,00000008
801F52E8,00000008
801F52F0,00000008
801F52F8,00000008
801F5300,00000060
801F5360,000001D4
801F5534,00000104
801F5638,00000324
801F595C,00000050
801F59AC,00000104
801F5AB0,00000154
801F5C04,000000E0
801F5CE4,0000005C
801F5D40,0000002C
801F5D6C,00000010
801F5D7C,00000010
801F5D8C,00000008
801F5D94,00000008
801F5D9C,00000008
801F5DA4,000000C0
801F5E64,00000094
801F5EF8,00000064
801F5F5C,00000074
801F5FD0,00000090
801F6060,00000060
801F60C0,00000034
801F60F4,00000010
801F6104,00000010
801F6114,00000010
801F6124,00000008
801F612C,00000008
801F6134,00000004
801F6138,0000008C
801F61C4,00000094
801F6258,00000018
801F6270,00000024
801F6294,000000E0
801F6374,0000007C
801F63F0,00000AF0
801F6EE0,00000010
801F6EF0,000000A8
801F6F98,00000008
801F6FA0,00000004
801F6FA4,00000090
801F7034,00000004
801F7038,000001B0
801F71E8,000001F4
801F73DC,00000034
801F7410,00000034
801F7444,0000010C
801F7550,000000A0
801F75F0,000000C0
801F76B0,00000004
801F76B4,00000004
801F76B8,00000004
801F76BC,00000008
801F76C4,00000024
801F76E8,00000058
801F7740,00000094
801F77D4,000000B8
801F788C,0000009C
801F7928,00000040
801F7968,00000040
801F79A8,00000014
801F79BC,00000014
801F79D0,00000008
801F79D8,0000000C
801F79E4,0000000C
801F79F0,00000014
801F7A04,00000014
801F7A18,00000014
801F7A2C,00000010
801F7A3C,00000008
801F7A44,00000048
801F7A8C,00000128
801F7BB4,00000068
801F7C1C,00000014
801F7C30,00000064
801F7C94,00000034
801F7CC8,00000010
801F7CD8,00000010
801F7CE8,00000010
801F7CF8,00000004
801F7CFC,00000008
801F7D04,00000008
801F7D0C,00000004
801F7D10,00000040
801F7D50,00000030
801F7D80,00000068
801F7DE8,00000008
801F7DF0,00000008
801F7DF8,000000E8
801F7EE0,00000008
801F7EE8,0000000C
801F7EF4,00000008
801F7EFC,0000000C
801F7F08,00000014
801F7F1C,00000010
801F7F2C,00000008
801F7F34,00000008
801F7F3C,0000000C
801F7F48,0000000C
801F7F54,00000010
801F7F64,00000024
801F7F88,00000008
801F7F90,00000010
801F7FA0,00000008
801F7FA8,00000008
801F7FB0,00000008
801F7FB8,00000010
801F7FC8,0000000C
801F7FD4,0000000C
801F7FE0,0000000C
801F7FEC,00000014
801F8000,0000000C
801F800C,0000000C
801F8018,0000000C
801F8024,0000000C
801F8030,00000010
801F8040,00000008
801F8048,0000000C
801F8054,000001EC
801F8240,00000044
801F8284,00000044
801F82C8,00000044
801F830C,00000080
801F838C,00000044
801F83D0,00000034
801F8404,00000040
801F8444,00000040
801F8484,00000040
801F84C4,0000011C
801F85E0,00000008
801F85E8,00000088
801F8670,00000058
801F86C8,00000164
801F882C,000001FC
801F8A28,000000A8
801F8AD0,00000084
801F8B54,00000084
801F8BD8,00000048
801F8C20,0000006C
801F8C8C,000001D4
801F8E60,0000008C
801F8EEC,00000168
801F9054,00000084
801F90D8,00000078
801F9150,00000054
801F91A4,00000108
801F92AC,00000074
801F9320,0000005C
801F937C,000000A4
801F9420,00000058
801F9478,00000060
801F94D8,0000006C
801F9544,0000005C
801F95A0,0000005C
801F95FC,0000005C
801F9658,00000044
801F969C,00000010
801F96AC,00000010
801F96BC,00000010
801F96CC,00000010
801F96DC,00000010
801F96EC,00000008
801F96F4,00000008
801F96FC,00000008
801F9704,00000008
801F970C,00000004
801F9710,00000088
801F9798,00000314
801F9AAC,0000005C
801F9B08,00000080
801F9B88,00000054
801F9BDC,000000C0
801F9C9C,000000FC
801F9D98,0000010C
801F9EA4,00000134
801F9FD8,00000138
801FA110,00000090
801FA1A0,00000174
801FA314,00000008
801FA31C,0000015C
801FA478,00000058
801FA4D0,00000054
801FA524,00000060
801FA584,00000070
801FA5F4,000000B4
801FA6A8,00000098
801FA740,000000FC
801FA83C,00000128
801FA964,000000D0
801FAA34,00000044
801FAA78,000001C8
801FAC40,0000026C
801FAEAC,00000150
801FAFFC,0000002C
801FB028,00000070
801FB098,0000000C
801FB0A4,0000000C
801FB0B0,00000004
801FB0B4,00000064
801FB118,00000010
801FB128,00000010
801FB138,00000010
801FB148,00000010
801FB158,00000010
801FB168,00000010
801FB178,00000010
801FB188,00000010
801FB198,00000010
801FB1A8,00000008
801FB1B0,00000008
801FB1B8,00000008
801FB1C0,00000008
801FB1C8,00000008
801FB1D0,00000008
801FB1D8,00000008
801FB1E0,00000008
801FB1E8,00000008
801FB1F0,00000040
801FB230,00000030
801FB260,00000068
801FB2C8,00000070
801FB338,0000005C
801FB394,0000005C
801FB3F0,00000030
801FB420,00000044
801FB464,00000124
801FB588,0000005C
801FB5E4,00000018
801FB5FC,00000004
801FB600,00000044
801FB644,000000D4
801FB718,00000064
801FB77C,000000F8
801FB874,00000098
801FB90C,00000084
801FB990,000000B4
801FBA44,0000005C
801FBAA0,00000004
801FBAA4,00000008
801FBAAC,0000005C
801FBB08,00000010
801FBB18,00000010
801FBB28,00000010
801FBB38,00000010
801FBB48,00000010
801FBB58,00000010
801FBB68,00000010
801FBB78,00000010
801FBB88,00000008
801FBB90,00000008
801FBB98,00000008
801FBBA0,00000008
801FBBA8,00000008
801FBBB0,00000008
801FBBB8,00000008
801FBBC0,00000008
801FBBC8,00000008
801FBBD0,00000008
801FBBD8,00000030
801FBC08,00000068
801FBC70,00000058
801FBCC8,0000003C
801FBD04,000000F4
801FBDF8,00000150
801FBF48,0000006C
801FBFB4,00000064
801FC018,00000058
801FC070,00000064
801FC0D4,00000058
801FC12C,0000004C
801FC178,00000010
801FC188,00000010
801FC198,00000010
801FC1A8,00000010
801FC1B8,00000010
801FC1C8,00000010
801FC1D8,00000008
801FC1E0,00000008
801FC1E8,00000008
801FC1F0,00000008
801FC1F8,00000008
801FC200,00000004
801FC204,00000004
801FC208,00000004
801FC20C,00000004
801FC210,00000004
801FC214,00000044
801FC258,00000014
801FC26C,0000005C
801FC2C8,00000164
801FC42C,00000068
801FC494,00000060
801FC4F4,0000006C
801FC560,0000000C
801FC56C,0000000C
801FC578,00000088
801FC600,000000BC
801FC6BC,00000080
801FC73C,00000294
801FC9D0,00000040
801FCA10,00000030
801FCA40,00000068
801FCAA8,0000005C
801FCB04,00000048
801FCB4C,0000005C
801FCBA8,00000014
801FCBBC,00000014
801FCBD0,000000B0
801FCC80,000001BC
801FCE3C,0000005C
801FCE98,0000003C
801FCED4,00000120
801FCFF4,00000038
801FD02C,00000070
801FD09C,00000004
801FD0A0,00000054
801FD0F4,00000008
801FD0FC,00000058
801FD154,0000006C
801FD1C0,0000005C
801FD21C,0000002C
801FD248,00000010
801FD258,00000010
801FD268,00000008
801FD270,00000004
801FD274,00000074
801FD2E8,00000184
801FD46C,00000120
801FD58C,00000008
801FD594,000000B0
801FD644,00000058
801FD69C,000000A4
801FD740,00000030
801FD770,000001A8
801FD918,000000C8
801FD9E0,00000008
801FD9E8,00000098
801FDA80,000000B4
801FDB34,00000188
801FDCBC,0000003C
801FDCF8,00000038
801FDD30,00000074
801FDDA4,000002F0
801FE094,000000F8
801FE18C,0000005C
801FE1E8,0000002C
801FE214,00000010
801FE224,00000010
801FE234,00000008
801FE23C,00000008
801FE244,0000005C
801FE2A0,000001B8
801FE458,00000040
801FE498,0000008C
801FE524,00000084
801FE5A8,00000074
801FE61C,00000130
801FE74C,0000007C
801FE7C8,0000005C
801FE824,0000002C
801FE850,00000010
801FE860,00000010
801FE870,00000048
801FE8B8,00000008
801FE8C0,000000C8
801FE988,000001E8
801FEB70,00000038
801FEBA8,000001EC
801FED94,00000114
801FEEA8,00000144
801FEFEC,0000007C
801FF068,00000188
801FF1F0,00000134
801FF324,00000314
801FF638,000000A0
801FF6D8,00000034
801FF70C,0000002C
801FF738,000000F8
801FF830,00000064
801FF894,000000EC
801FF980,00000060
801FF9E0,00000050
801FFA30,00000060
801FFA90,00000084
801FFB14,00000084
801FFB98,000000A0
801FFC38,00000078
801FFCB0,0000009C
801FFD4C,0000009C
801FFDE8,00000104
801FFEEC,0000008C
801FFF78,0000024C
802001C4,0000005C
80200220,00000044
80200264,00000010
80200274,00000010
80200284,00000010
80200294,00000010
802002A4,00000010
802002B4,00000008
802002BC,00000004
802002C0,00000008
802002C8,0000000C
802002D4,00000008
802002DC,00000084
80200360,0000009C
802003FC,00000010
8020040C,00000070
8020047C,0000007C
802004F8,00000064
8020055C,000000B8
80200614,000000A0
802006B4,00000054
80200708,00000030
80200738,0000003C
80200774,0000002C
802007A0,0000002C
802007CC,0000002C
802007F8,00000060
80200858,00000030
80200888,00000068
802008F0,0000005C
8020094C,00000230
80200B7C,00000060
80200BDC,00000660
8020123C,00000004
80201240,000001B8
802013F8,000001BC
802015B4,0000034C
80201900,00000064
80201964,00000140
80201AA4,00000328
80201DCC,000000F4
80201EC0,00000050
80201F10,00000074
80201F84,00000270
802021F4,000000DC
802022D0,000002DC
802025AC,000000C0
8020266C,00000028
80202694,0000004C
802026E0,00000010
802026F0,00000010
80202700,00000010
80202710,00000010
80202720,00000010
80202730,00000010
80202740,00000008
80202748,00000008
80202750,00000008
80202758,00000008
80202760,00000008
80202768,00000008
80202770,0000005C
802027CC,00000044
80202810,00000168
80202978,0000007C
802029F4,000000B4
80202AA8,00000138
80202BE0,00000074
80202C54,00000088
80202CDC,00000030
80202D0C,00000004
80202D10,00000058
80202D68,0000002C
80202D94,00000010
80202DA4,00000010
80202DB4,00000008
80202DBC,00000044
80202E00,0000009C
80202E9C,000000C0
80202F5C,00000044
80202FA0,00000118
802030B8,000001D0
80203288,00000004
8020328C,00000068
802032F4,000000B8
802033AC,00000038
802033E4,000001D4
802035B8,00000338
802038F0,0000005C
8020394C,00000094
802039E0,000002CC
80203CAC,00000114
80203DC0,000000C4
80203E84,00000138
80203FBC,00000124
802040E0,000002C8
802043A8,0000016C
80204514,000000A8
802045BC,0000061C
80204BD8,00000138
80204D10,00000474
80205184,00000420
802055A4,000001B4
80205758,000005C4
80205D1C,000000CC
80205DE8,0000037C
80206164,000001C4
80206328,00000018
80206340,0000005C
8020639C,00000008
802063A4,00000008
802063AC,0000000C
802063B8,00000008
802063C0,00000008
802063C8,00000008
802063D0,00000014
802063E4,0000003C
80206420,00000058
80206478,0000006C
802064E4,00000084
80206568,00000158
802066C0,0000000C
802066CC,000000A8
80206774,00000094
80206808,000000A0
802068A8,0000003C
802068E4,0000009C
80206980,00000074
802069F4,00000050
80206A44,00000004
80206A48,00000064
80206AAC,0000005C
80206B08,0000005C
80206B64,00000034
80206B98,00000010
80206BA8,00000010
80206BB8,00000010
80206BC8,00000008
80206BD0,00000008
80206BD8,00000008
80206BE0,000000B4
80206C94,00000518
802071AC,00000090
8020723C,00000050
8020728C,00000068
802072F4,000000E4
802073D8,000000B8
80207490,000000A4
80207534,00000258
8020778C,0000024C
802079D8,000000F0
80207AC8,0000010C
80207BD4,00000058
80207C2C,000000B4
80207CE0,00000098
80207D78,00000070
80207DE8,00000008
80207DF0,00000058
80207E48,00000094
80207EDC,0000005C
80207F38,00000064
80207F9C,00000010
80207FAC,00000010
80207FBC,00000010
80207FCC,00000010
80207FDC,00000010
80207FEC,00000010
80207FFC,00000010
8020800C,00000010
8020801C,00000010
8020802C,00000008
80208034,00000008
8020803C,00000008
80208044,00000008
8020804C,00000008
80208054,00000008
8020805C,00000008
80208064,00000008
8020806C,00000008
80208074,00000074
802080E8,000001E0
802082C8,0000003C
80208304,00000044
80208348,00000088
802083D0,00000094
80208464,00000014
80208478,00000060
802084D8,0000006C
80208544,000001BC
80208700,0000005C
8020875C,00000034
80208790,00000010
802087A0,00000010
802087B0,00000010
802087C0,00000004
802087C4,00000008
802087CC,00000004
802087D0,000000A4
80208874,00000218
80208A8C,00000098
80208B24,000000FC
80208C20,0000009C
80208CBC,00000134
80208DF0,000000C4
80208EB4,00000074
80208F28,000000C8
80208FF0,00000040
80209030,00000140
80209170,000000A0
80209210,00000120
80209330,00000084
802093B4,00000054
80209408,00000044
8020944C,00000010
8020945C,00000010
8020946C,00000010
8020947C,00000010
8020948C,00000010
8020949C,00000008
802094A4,00000008
802094AC,00000008
802094B4,00000008
802094BC,00000008
802094C4,00000030
802094F4,00000068
8020955C,0000005C
802095B8,00000070
80209628,00000068
80209690,000001E4
80209874,0000003C
802098B0,000000B4
80209964,0000003C
802099A0,0000003C
802099DC,0000009C
80209A78,000001B8
80209C30,000000D4
80209D04,000000BC
80209DC0,00000058
80209E18,0000005C
80209E74,00000058
80209ECC,000000EC
80209FB8,0000016C
8020A124,0000002C
8020A150,00000010
8020A160,00000010
8020A170,00000008
8020A178,00000048
8020A1C0,00000044
8020A204,00000074
8020A278,00000004
8020A27C,00000050
8020A2CC,00000008
8020A2D4,0000002C
8020A300,00000010
8020A310,00000010
8020A320,00000048
8020A368,00000048
8020A3B0,00000030
8020A3E0,00000068
8020A448,00000058
8020A4A0,00000060
8020A500,00000160
8020A660,00000054
8020A6B4,000000F8
8020A7AC,00000060
8020A80C,00000158
8020A964,000000CC
8020AA30,0000005C
8020AA8C,0000005C
8020AAE8,00000034
8020AB1C,00000010
8020AB2C,00000010
8020AB3C,00000010
8020AB4C,00000008
8020AB54,00000008
8020AB5C,00000008
8020AB64,00000008
8020AB6C,00000048
8020ABB4,000001F4
8020ADA8,00000034
8020ADDC,00000008
8020ADE4,00000008
8020ADEC,00000088
8020AE74,00000114
8020AF88,00000130
8020B0B8,00000034
8020B0EC,00000010
8020B0FC,00000010
8020B10C,00000010
8020B11C,00000008
8020B124,00000008
8020B12C,00000004
8020B130,00000040
8020B170,00000030
8020B1A0,00000068
8020B208,0000005C
8020B264,00000044
8020B2A8,00000014
8020B2BC,00000098
8020B354,00000108
8020B45C,00000008
8020B464,0000005C
8020B4C0,00000054
8020B514,00000234
8020B748,00000048
8020B790,00000050
8020B7E0,000000A0
8020B880,00000038
8020B8B8,00000038
8020B8F0,00000074
8020B964,00000084
8020B9E8,00000128
8020BB10,00000080
8020BB90,000000A0
8020BC30,00000094
8020BCC4,00000034
8020BCF8,00000010
8020BD08,00000010
8020BD18,00000010
8020BD28,00000008
8020BD30,00000008
8020BD38,00000008
8020BD40,00000040
8020BD80,00000030
8020BDB0,00000068
8020BE18,0000005C
8020BE74,0000003C
8020BEB0,000000FC
8020BFAC,0000006C
8020C018,000000B4
8020C0CC,000000C4
8020C190,0000005C
8020C1EC,00000034
8020C220,00000010
8020C230,00000010
8020C240,00000010
8020C250,00000008
8020C258,00000008
8020C260,00000054
8020C2B4,0000007C
8020C330,00000240
8020C570,0000006C
8020C5DC,0000006C
8020C648,00000204
8020C84C,00000358
8020CBA4,000001C8
8020CD6C,00000100
8020CE6C,00000120
8020CF8C,00000100
8020D08C,00000074
8020D100,00000110
8020D210,0000006C
8020D27C,0000006C
8020D2E8,00000068
8020D350,00000050
8020D3A0,00000064
8020D404,00000094
8020D498,00000094
8020D52C,00000094
8020D5C0,000000D0
8020D690,000002B8
8020D948,00000124
8020DA6C,000001A4
8020DC10,000000A4
8020DCB4,0000005C
8020DD10,00000058
8020DD68,00000044
8020DDAC,00000010
8020DDBC,00000010
8020DDCC,00000010
8020DDDC,00000010
8020DDEC,00000010
8020DDFC,00000008
8020DE04,00000008
8020DE0C,00000008
8020DE14,00000008
8020DE1C,0000004C
8020DE68,000000D8
8020DF40,00000068
8020DFA8,0000018C
8020E134,000001A8
8020E2DC,00000098
8020E374,00000050
8020E3C4,00000148
8020E50C,0000007C
8020E588,00000050
8020E5D8,00000158
8020E730,0000007C
8020E7AC,00000080
8020E82C,0000005C
8020E888,00000034
8020E8BC,00000010
8020E8CC,00000010
8020E8DC,00000010
8020E8EC,00000008
8020E8F4,00000008
8020E8FC,00000048
8020E944,000000A8
8020E9EC,00000080
8020EA6C,000000A8
8020EB14,000000C0
8020EBD4,00000240
8020EE14,00000004
8020EE18,0000003C
8020EE54,00000044
8020EE98,00000094
8020EF2C,00000070
8020EF9C,00000060
8020EFFC,0000000C
8020F008,000000B4
8020F0BC,0000008C
8020F148,00000098
8020F1E0,00000078
8020F258,00000008
8020F260,00000050
8020F2B0,00000004
8020F2B4,00000064
8020F318,00000044
8020F35C,00000120
8020F47C,00000164
8020F5E0,00000048
8020F628,000000E0
8020F708,000000E8
8020F7F0,00000198
8020F988,00000208
8020FB90,00000094
8020FC24,000000D8
8020FCFC,00000060
8020FD5C,000000A4
8020FE00,00000014
8020FE14,0000001C
8020FE30,000000B4
8020FEE4,000000C0
8020FFA4,00000154
802100F8,00000184
8021027C,00000390
8021060C,00000250
8021085C,00000080
802108DC,00000078
80210954,00000050
802109A4,00000094
80210A38,00000208
80210C40,0000005C
80210C9C,00000064
80210D00,00000010
80210D10,00000010
80210D20,00000010
80210D30,00000010
80210D40,00000010
80210D50,00000010
80210D60,00000010
80210D70,00000010
80210D80,00000010
80210D90,00000008
80210D98,00000008
80210DA0,00000008
80210DA8,00000008
80210DB0,00000008
80210DB8,00000008
80210DC0,00000008
80210DC8,00000008
80210DD0,00000004
80210DD4,00000044
80210E18,0000005C
80210E74,00000074
80210EE8,00000050
80210F38,00000004
80210F3C,0000006C
80210FA8,00000088
80211030,00000050
80211080,0000004C
802110CC,00000040
8021110C,00000044
80211150,00000038
80211188,00000038
802111C0,00000058
80211218,00000058
80211270,00000068
802112D8,00000070
80211348,00000084
802113CC,000003A0
8021176C,00000090
802117FC,00000034
80211830,0000004C
8021187C,00000120
8021199C,0000008C
80211A28,00000064
80211A8C,0000010C
80211B98,00000060
80211BF8,00000008
80211C00,0000008C
80211C8C,00000044
80211CD0,00000088
80211D58,00000004
80211D5C,00000008
80211D64,000001C4
80211F28,00000010
80211F38,00000014
80211F4C,00000064
80211FB0,00000010
80211FC0,00000010
80211FD0,00000010
80211FE0,00000010
80211FF0,00000010
80212000,00000010
80212010,00000010
80212020,00000010
80212030,00000010
80212040,00000008
80212048,00000008
80212050,00000008
80212058,00000048
802120A0,00000004
802120A4,00000040
802120E4,00000008
802120EC,00000008
802120F4,00000008
802120FC,00000040
8021213C,00000030
8021216C,00000068
802121D4,0000005C
80212230,00000040
80212270,00000068
802122D8,00000068
80212340,00000064
802123A4,0000007C
80212420,00000054
80212474,00000010
80212484,00000008
8021248C,00000078
80212504,00000008
8021250C,00000048
80212554,00000048
8021259C,0000009C
80212638,0000007C
802126B4,000000AC
80212760,00000080
802127E0,00000050
80212830,00000054
80212884,000000D8
8021295C,00000094
802129F0,00000058
80212A48,0000004C
80212A94,00000010
80212AA4,00000010
80212AB4,00000010
80212AC4,00000010
80212AD4,00000010
80212AE4,00000010
80212AF4,00000040
80212B34,00000008
80212B3C,00000004
80212B40,00000008
80212B48,00000008
80212B50,00000008
80212B58,00000050
80212BA8,00000060
80212C08,00000184
80212D8C,00000008
80212D94,00000004
80212D98,00000044
80212DDC,00000078
80212E54,0000003C
80212E90,00000034
80212EC4,00000008
80212ECC,00000088
80212F54,0000003C
80212F90,0000004C
80212FDC,0000004C
80213028,00000054
8021307C,00000080
802130FC,0000005C
80213158,00000034
8021318C,00000010
8021319C,00000010
802131AC,00000010
802131BC,00000008
802131C4,00000008
802131CC,00000008
802131D4,0000003C
80213210,000002DC
802134EC,0000004C
80213538,000000D0
80213608,00000044
8021364C,00000054
802136A0,00000070
80213710,0000009C
802137AC,00000070
8021381C,000000D4
802138F0,00000158
80213A48,00000040
80213A88,00000174
80213BFC,0000002C
80213C28,00000010
80213C38,00000010
80213C48,00000008
80213C50,00000008
80213C58,00000030
80213C88,00000068
80213CF0,0000005C
80213D4C,00000094
80213DE0,000001C8
80213FA8,0000009C
80214044,000000AC
802140F0,0000004C
8021413C,000000DC
80214218,000000BC
802142D4,00000040
80214314,00000004
80214318,00000040
80214358,00000080
802143D8,00000064
8021443C,000002E4
80214720,000001B4
802148D4,000000B4
80214988,000000FC
80214A84,000000FC
80214B80,000000B8
80214C38,00000088
80214CC0,00000054
80214D14,000001BC
80214ED0,0000013C
8021500C,00000074
80215080,000000A8
80215128,000000C4
802151EC,00000080
8021526C,00000104
80215370,00000104
80215474,00000060
802154D4,00000058
8021552C,00000008
80215534,00000080
802155B4,00000058
8021560C,00000058
80215664,00000008
8021566C,00000008
80215674,0000005C
802156D0,00000010
802156E0,00000010
802156F0,00000010
80215700,00000010
80215710,00000010
80215720,00000010
80215730,00000010
80215740,00000010
80215750,00000008
80215758,00000008
80215760,00000008
80215768,00000008
80215770,00000008
80215778,00000008
80215780,00000008
80215788,00000008
80215790,00000040
802157D0,00000068
80215838,00000068
802158A0,00000030
802158D0,00000068
80215938,0000005C
80215994,00000058
802159EC,00000014
80215A00,00000004
80215A04,00000008
80215A0C,0000003C
80215A48,00000044
80215A8C,00000058
80215AE4,00000048
80215B2C,00000078
80215BA4,00000008
80215BAC,00000008
80215BB4,00000030
80215BE4,00000068
80215C4C,00000058
80215CA4,0000003C
80215CE0,00000064
80215D44,00000064
80215DA8,00000090
80215E38,00000004
80215E3C,00000090
80215ECC,00000004
80215ED0,00000008
80215ED8,00000008
80215EE0,00000008
80215EE8,00000008
80215EF0,00000044
80215F34,00000010
80215F44,00000010
80215F54,00000010
80215F64,00000010
80215F74,00000010
80215F84,0000004C
80215FD0,0000004C
8021601C,00000008
80216024,0000004C
80216070,00000004
80216074,00000040
802160B4,00000030
802160E4,00000068
8021614C,00000058
802161A4,0000003C
802161E0,00000190
80216370,0000005C
802163CC,00000050
8021641C,0000005C
80216478,00000050
802164C8,00000060
80216528,00000060
80216588,00000098
80216620,00000048
80216668,00000048
802166B0,0000003C
802166EC,00000010
802166FC,00000010
8021670C,00000010
8021671C,00000010
8021672C,00000008
80216734,00000008
8021673C,00000008
80216744,00000008
8021674C,00000040
8021678C,00000030
802167BC,00000068
80216824,00000058
8021687C,000000A4
80216920,00000210
80216B30,000002B8
80216DE8,00000068
80216E50,0000004C
80216E9C,00000074
80216F10,00000008
80216F18,00000134
8021704C,0000003C
80217088,0000003C
802170C4,000000A0
80217164,00000050
802171B4,0000017C
80217330,000001A4
802174D4,0000007C
80217550,00000034
80217584,00000010
80217594,00000010
802175A4,00000010
802175B4,00000008
802175BC,00000008
802175C4,00000004
802175C8,00000030
802175F8,00000068
80217660,0000005C
802176BC,00000058
80217714,0000025C
80217970,00000004
80217974,00000008
8021797C,00000008
80217984,000000B0
80217A34,00000150
80217B84,00000004
80217B88,00000034
80217BBC,00000010
80217BCC,00000010
80217BDC,00000010
80217BEC,00000008
80217BF4,00000008
80217BFC,00000004
80217C00,00000040
80217C40,00000030
80217C70,00000068
80217CD8,0000005C
80217D34,0000003C
80217D70,00000044
80217DB4,000000FC
80217EB0,00000044
80217EF4,00000040
80217F34,00000048
80217F7C,00000008
80217F84,00000058
80217FDC,00000054
80218030,00000020
80218050,0000005C
802180AC,000001C4
80218270,00000008
80218278,00000054
802182CC,00000078
80218344,00000038
8021837C,00000004
80218380,00000070
802183F0,00000040
80218430,0000007C
802184AC,00000030
802184DC,00000004
802184E0,00000060
80218540,000000B4
802185F4,00000028
8021861C,000000EC
80218708,0000003C
80218744,00000038
8021877C,0000003C
802187B8,0000006C
80218824,00000004
80218828,00000038
80218860,00000050
802188B0,00000008
802188B8,00000044
802188FC,00000074
80218970,00000050
802189C0,0000004C
80218A0C,00000068
80218A74,00000070
80218AE4,0000003C
80218B20,00000008
80218B28,00000058
80218B80,00000068
80218BE8,00000080
80218C68,00000088
80218CF0,0000003C
80218D2C,00000010
80218D3C,00000010
80218D4C,00000010
80218D5C,00000010
80218D6C,00000008
80218D74,00000008
80218D7C,00000008
80218D84,00000008
80218D8C,00000030
80218DBC,00000068
80218E24,0000005C
80218E80,0000005C
80218EDC,0000005C
80218F38,0000005C
80218F94,0000005C
80218FF0,0000005C
8021904C,00000080
802190CC,000003C0
8021948C,00000088
80219514,000000DC
802195F0,00000078
80219668,000000B8
80219720,0000006C
8021978C,00000070
802197FC,00000074
80219870,000000E8
80219958,00000074
802199CC,00000130
80219AFC,0000008C
80219B88,00000050
80219BD8,00000068
80219C40,000001DC
80219E1C,00000174
80219F90,000000C8
8021A058,0000005C
8021A0B4,0000004C
8021A100,00000010
8021A110,00000010
8021A120,00000010
8021A130,00000010
8021A140,00000010
8021A150,00000010
8021A160,00000008
8021A168,00000008
8021A170,00000008
8021A178,00000008
8021A180,00000008
8021A188,00000008
8021A190,0000003C
8021A1CC,00000094
8021A260,00000064
8021A2C4,00000064
8021A328,00000090
8021A3B8,00000008
8021A3C0,00000008
8021A3C8,0000003C
8021A404,00000010
8021A414,00000010
8021A424,00000010
8021A434,00000010
8021A444,00000004
8021A448,00000008
8021A450,00000004
8021A454,00000008
8021A45C,00000040
8021A49C,00000030
8021A4CC,00000068
8021A534,00000058
8021A58C,0000005C
8021A5E8,00000068
8021A650,00000100
8021A750,00000004
8021A754,00000008
8021A75C,0000005C
8021A7B8,000000D4
8021A88C,00000018
8021A8A4,00000008
8021A8AC,00000114
8021A9C0,000001E8
8021ABA8,00000144
8021ACEC,00000084
8021AD70,00000008
8021AD78,00000088
8021AE00,00000014
8021AE14,0000027C
8021B090,000001D0
8021B260,000001C4
8021B424,00000104
8021B528,000000F8
8021B620,000000F8
8021B718,00000174
8021B88C,00000148
8021B9D4,00000088
8021BA5C,00000074
8021BAD0,000000A4
8021BB74,000000D0
8021BC44,000000A4
8021BCE8,000000A8
8021BD90,00000110
8021BEA0,0000007C
8021BF1C,000000F4
8021C010,00000068
8021C078,0000004C
8021C0C4,00000054
8021C118,00000088
8021C1A0,000000D4
8021C274,00000074
8021C2E8,00000070
8021C358,00000250
8021C5A8,000000E0
8021C688,00000320
8021C9A8,00000094
8021CA3C,00000324
8021CD60,0000022C
8021CF8C,0000005C
8021CFE8,0000004C
8021D034,00000010
8021D044,00000010
8021D054,00000010
8021D064,00000010
8021D074,00000010
8021D084,00000010
8021D094,00000008
8021D09C,00000008
8021D0A4,00000008
8021D0AC,00000008
8021D0B4,00000008
8021D0BC,00000008
8021D0C4,00000068
8021D12C,000001F4
8021D320,00000010
8021D330,00000054
8021D384,0000008C
8021D410,0000004C
8021D45C,00000090
8021D4EC,00000080
8021D56C,00000084
8021D5F0,0000002C
8021D61C,00000010
8021D62C,00000010
8021D63C,00000004
8021D640,00000008
8021D648,00000030
8021D678,00000068
8021D6E0,0000005C
8021D73C,00000060
8021D79C,0000005C
8021D7F8,00000210
8021DA08,00000040
8021DA48,00000040
8021DA88,00000030
8021DAB8,00000068
8021DB20,0000005C
8021DB7C,0000004C
8021DBC8,0000011C
8021DCE4,00000040
8021DD24,00000040
8021DD64,00000040
8021DDA4,0000000C
8021DDB0,0000003C
8021DDEC,000000C0
8021DEAC,000000AC
8021DF58,00000074
8021DFCC,0000005C
8021E028,0000005C
8021E084,00000044
8021E0C8,00000010
8021E0D8,00000010
8021E0E8,00000010
8021E0F8,00000010
8021E108,00000010
8021E118,00000008
8021E120,00000008
8021E128,00000008
8021E130,00000004
8021E134,00000008
8021E13C,0000015C
8021E298,00000090
8021E328,00000004
8021E32C,00000064
8021E390,000000DC
8021E46C,00000060
8021E4CC,0000003C
8021E508,00000010
8021E518,00000010
8021E528,00000010
8021E538,00000010
8021E548,00000008
8021E550,00000008
8021E558,00000004
8021E55C,00000040
8021E59C,00000040
8021E5DC,00000030
8021E60C,00000068
8021E674,00000060
8021E6D4,00000008
8021E6DC,0000003C
8021E718,00000078
8021E790,00000090
8021E820,00000008
8021E828,00000008
8021E830,00000018
8021E848,00000004
8021E84C,00000040
8021E88C,00000030
8021E8BC,00000068
8021E924,00000058
8021E97C,00000044
8021E9C0,00000114
8021EAD4,00000064
8021EB38,00000100
8021EC38,00000130
8021ED68,00000080
8021EDE8,00000134
8021EF1C,00000058
8021EF74,00000064
8021EFD8,0000004C
8021F024,00000058
8021F07C,0000006C
8021F0E8,00000010
8021F0F8,00000010
8021F108,00000010
8021F118,00000010
8021F128,00000010
8021F138,00000010
8021F148,00000010
8021F158,00000010
8021F168,00000010
8021F178,00000010
8021F188,00000008
8021F190,00000008
8021F198,00000008
8021F1A0,00000008
8021F1A8,00000008
8021F1B0,00000008
8021F1B8,00000008
8021F1C0,00000008
8021F1C8,00000008
8021F1D0,00000008
8021F1D8,00000004
8021F1DC,00000004
8021F1E0,00000004
8021F1E4,00000004
8021F1E8,00000084
8021F26C,000000E8
8021F354,00000144
8021F498,00000050
8021F4E8,000000B0
8021F598,00000058
8021F5F0,00000284
8021F874,00000084
8021F8F8,0000005C
8021F954,000000AC
8021FA00,00000080
8021FA80,000000BC
8021FB3C,000000C8
8021FC04,000000B8
8021FCBC,0000005C
8021FD18,0000007C
8021FD94,0000007C
8021FE10,00000110
8021FF20,00000130
80220050,0000008C
802200DC,00000144
80220220,0000010C
8022032C,00000270
8022059C,000000BC
80220658,000001CC
80220824,00000148
8022096C,00000058
802209C4,00000050
80220A14,00000014
80220A28,00000058
80220A80,0000005C
80220ADC,00000054
80220B30,00000010
80220B40,00000010
80220B50,00000010
80220B60,00000010
80220B70,00000010
80220B80,00000010
80220B90,00000010
80220BA0,00000008
80220BA8,00000008
80220BB0,00000008
80220BB8,00000008
80220BC0,00000008
80220BC8,00000008
80220BD0,00000008
80220BD8,00000074
80220C4C,00000028
80220C74,00000064
80220CD8,000001DC
80220EB4,000000B8
80220F6C,000000C0
8022102C,00000090
802210BC,00000008
802210C4,00000008
802210CC,0000008C
80221158,00000078
802211D0,0000004C
8022121C,00000010
8022122C,00000010
8022123C,00000010
8022124C,00000010
8022125C,00000010
8022126C,00000010
8022127C,00000044
802212C0,00000008
802212C8,00000044
8022130C,00000008
80221314,00000008
8022131C,00000040
8022135C,00000040
8022139C,00000030
802213CC,00000068
80221434,0000005C
80221490,00000060
802214F0,0000011C
8022160C,00000060
8022166C,00000064
802216D0,00000064
80221734,00000050
80221784,00000050
802217D4,00000054
80221828,00000008
80221830,00000044
80221874,00000010
80221884,00000010
80221894,00000010
802218A4,00000010
802218B4,00000010
802218C4,00000004
802218C8,00000008
802218D0,00000008
802218D8,00000008
802218E0,00000004
802218E4,00000030
80221914,00000068
8022197C,00000058
802219D4,00000068
80221A3C,0000017C
80221BB8,000000D8
80221C90,000000F4
80221D84,0000005C
80221DE0,00000008
80221DE8,00000034
80221E1C,00000008
80221E24,000000FC
80221F20,000000AC
80221FCC,0000003C
80222008,00000010
80222018,00000010
80222028,00000010
80222038,00000010
80222048,00000008
80222050,00000008
80222058,00000008
80222060,00000054
802220B4,0000005C
80222110,00000048
80222158,000001F4
8022234C,000000AC
802223F8,00000128
80222520,000000FC
8022261C,000000AC
802226C8,0000007C
80222744,0000005C
802227A0,00000034
802227D4,00000010
802227E4,00000010
802227F4,00000010
80222804,00000008
8022280C,00000008
80222814,00000004
80222818,00000064
8022287C,00000214
80222A90,00000008
80222A98,00000084
80222B1C,00000054
80222B70,0000005C
80222BCC,0000002C
80222BF8,00000010
80222C08,00000010
80222C18,00000014
80222C2C,00000008
80222C34,0000004C
80222C80,0000013C
80222DBC,000001D8
80222F94,0000005C
80222FF0,000000D4
802230C4,000000D4
80223198,00000058
802231F0,0000002C
8022321C,00000010
8022322C,00000010
8022323C,00000008
80223244,00000008
8022324C,0000005C
802232A8,00000258
80223500,00000008
80223508,0000005C
80223564,00000074
802235D8,00000068
80223640,00000158
80223798,00000084
8022381C,0000010C
80223928,0000009C
802239C4,000000D4
80223A98,000000F8
80223B90,00000168
80223CF8,0000003C
80223D34,00000084
80223DB8,00000084
80223E3C,00000070
80223EAC,00000060
80223F0C,00000090
80223F9C,0000009C
80224038,0000005C
80224094,00000018
802240AC,00000010
802240BC,00000008
802240C4,00000008
802240CC,00000008
802240D4,00000048
8022411C,00000008
80224124,00000008
8022412C,00000084
802241B0,00000010
802241C0,00000010
802241D0,00000010
802241E0,00000010
802241F0,00000010
80224200,00000010
80224210,00000010
80224220,00000044
80224264,00000164
802243C8,00000070
80224438,0000007C
802244B4,000000A8
8022455C,00000118
80224674,000000BC
80224730,00000080
802247B0,000000B8
80224868,0000005C
802248C4,00000034
802248F8,00000010
80224908,00000010
80224918,00000010
80224928,00000008
80224930,00000008
80224938,00000008
80224940,00000090
802249D0,00000298
80224C68,0000004C
80224CB4,00000060
80224D14,00000124
80224E38,00000154
80224F8C,000000D8
80225064,00000034
80225098,00000010
802250A8,00000010
802250B8,00000010
802250C8,00000008
802250D0,00000008
802250D8,00000008
802250E0,00000030
80225110,00000068
80225178,0000005C
802251D4,00000058
8022522C,00000164
80225390,000000D4
80225464,0000007C
802254E0,00000044
80225524,00000068
8022558C,00000038
802255C4,00000094
80225658,00000058
802256B0,00000034
802256E4,00000010
802256F4,00000010
80225704,00000010
80225714,00000018
8022572C,00000008
80225734,00000018
8022574C,00000008
80225754,00000008
8022575C,00000078
802257D4,00000324
80225AF8,0000011C
80225C14,000000BC
80225CD0,00000098
80225D68,00000004
80225D6C,00000060
80225DCC,000000E0
80225EAC,00000090
80225F3C,000000CC
80226008,00000078
80226080,00000060
802260E0,000000C4
802261A4,00000074
80226218,0000008C
802262A4,00000004
802262A8,0000005C
80226304,00000034
80226338,00000010
80226348,00000010
80226358,00000010
80226368,00000008
80226370,00000008
80226378,00000004
8022637C,00000040
802263BC,00000030
802263EC,00000068
80226454,00000058
802264AC,00000004
802264B0,00000004
802264B4,0000003C
802264F0,0000008C
8022657C,00000060
802265DC,00000014
802265F0,00000004
802265F4,00000004
802265F8,00000098
80226690,00000004
80226694,00000018
802266AC,00000008
802266B4,00000058
8022670C,00000058
80226764,00000164
802268C8,000000C4
8022698C,0000005C
802269E8,00000018
80226A00,00000008
80226A08,00000088
80226A90,00000028
80226AB8,00000034
80226AEC,00000028
80226B14,00000050
80226B64,00000024
80226B88,00000050
80226BD8,0000006C
80226C44,00000034
80226C78,00000004
80226C7C,00000070
80226CEC,00000044
80226D30,000000A0
80226DD0,00000004
80226DD4,00000050
80226E24,000000E4
80226F08,0000004C
80226F54,00000068
80226FBC,00000070
8022702C,000000C8
802270F4,00000008
802270FC,00000030
8022712C,00000068
80227194,00000058
802271EC,0000005C
80227248,0000005C
802272A4,0000005C
80227300,00000058
80227358,0000005C
802273B4,00000058
8022740C,0000005C
80227468,00000058
802274C0,0000003C
802274FC,000000D0
802275CC,00000058
80227624,00000050
80227674,0000009C
80227710,0000003C
8022774C,0000004C
80227798,00000054
802277EC,0000003C
80227828,00000058
80227880,00000018
80227898,00000008
802278A0,0000005C
802278FC,00000078
80227974,00000710
80228084,00000060
802280E4,00000070
80228154,00000110
80228264,00000070
802282D4,0000004C
80228320,0000008C
802283AC,0000006C
80228418,0000006C
80228484,0000010C
80228590,000000E0
80228670,00000078
802286E8,00000058
80228740,00000254
80228994,000002E4
80228C78,00000084
80228CFC,000000F0
80228DEC,00000118
80228F04,00000048
80228F4C,000000F0
8022903C,00000098
802290D4,00000058
8022912C,00000034
80229160,00000010
80229170,00000010
80229180,00000010
80229190,00000008
80229198,00000004
8022919C,00000004
802291A0,0000005C
802291FC,0000004C
80229248,000002A4
802294EC,000001A8
80229694,000000CC
80229760,00000104
80229864,00000234
80229A98,000001C0
80229C58,00000134
80229D8C,00000368
8022A0F4,0000014C
8022A240,0000041C
8022A65C,00000238
8022A894,000000EC
8022A980,00000058
8022A9D8,00000154
8022AB2C,0000021C
8022AD48,0000014C
8022AE94,000001C0
8022B054,00000398
8022B3EC,00000014
8022B400,00000020
8022B420,0000005C
8022B47C,0000004C
8022B4C8,000002B8
8022B780,000000A0
8022B820,000001E0
8022BA00,00000234
8022BC34,0000008C
8022BCC0,000000BC
8022BD7C,0000018C
8022BF08,00000100
8022C008,000004D0
8022C4D8,0000024C
8022C724,000000EC
8022C810,00000120
8022C930,000001C0
8022CAF0,000003A4
8022CE94,00000014
8022CEA8,00000050
8022CEF8,000001D0
8022D0C8,000000B8
8022D180,000000BC
8022D23C,00000098
8022D2D4,000000B0
8022D384,00000044
8022D3C8,0000005C
8022D424,0000005C
8022D480,000000BC
8022D53C,00000068
8022D5A4,00000068
8022D60C,0000005C
8022D668,00000054
8022D6BC,00000010
8022D6CC,00000010
8022D6DC,00000010
8022D6EC,00000010
8022D6FC,00000010
8022D70C,00000010
8022D71C,00000010
8022D72C,00000008
8022D734,00000008
8022D73C,00000008
8022D744,00000008
8022D74C,00000004
8022D750,00000004
8022D754,00000004
8022D758,00000044
8022D79C,00000060
8022D7FC,0000005C
8022D858,000000D4
8022D92C,00000044
8022D970,000000E4
8022DA54,00000058
8022DAAC,00000168
8022DC14,0000005C
8022DC70,0000002C
8022DC9C,00000010
8022DCAC,00000010
8022DCBC,00000008
8022DCC4,00000054
8022DD18,0000006C
8022DD84,00000168
8022DEEC,00000080
8022DF6C,00000064
8022DFD0,00000034
8022E004,0000006C
8022E070,00000090
8022E100,0000016C
8022E26C,000000E8
8022E354,00000058
8022E3AC,0000002C
8022E3D8,00000010
8022E3E8,00000010
8022E3F8,00000008
8022E400,00000008
8022E408,00000058
8022E460,000000CC
8022E52C,0000006C
8022E598,00000084
8022E61C,0000006C
8022E688,0000007C
8022E704,00000034
8022E738,00000074
8022E7AC,0000012C
8022E8D8,00000058
8022E930,0000003C
8022E96C,00000010
8022E97C,00000010
8022E98C,00000010
8022E99C,00000010
8022E9AC,00000008
8022E9B4,00000008
8022E9BC,00000008
8022E9C4,00000008
8022E9CC,00000004
8022E9D0,00000004
8022E9D4,00000004
8022E9D8,00000004
8022E9DC,0000005C
8022EA38,00000074
8022EAAC,000000CC
8022EB78,0000001C
8022EB94,000001E8
8022ED7C,00000240
8022EFBC,0000002C
8022EFE8,00000010
8022EFF8,00000010
8022F008,00000008
8022F010,00000008
8022F018,00000070
8022F088,0000013C
8022F1C4,00000098
8022F25C,000000A8
8022F304,0000013C
8022F440,00000120
8022F560,000001D4
8022F734,000000D0
8022F804,00000034
8022F838,00000010
8022F848,00000010
8022F858,00000010
8022F868,00000008
8022F870,00000008
8022F878,00000008
8022F880,0000005C
8022F8DC,00000044
8022F920,00000058
8022F978,00000030
8022F9A8,0000005C
8022FA04,000000D8
8022FADC,000000D8
8022FBB4,0000012C
8022FCE0,00000004
8022FCE4,0000014C
8022FE30,00000180
8022FFB0,0000009C
8023004C,000000B4
80230100,0000007C
8023017C,000000A4
80230220,0000005C
8023027C,00000090
8023030C,000003B8
802306C4,000000C8
8023078C,0000010C
80230898,0000005C
802308F4,0000003C
80230930,000000F4
80230A24,000000E0
80230B04,00000044
80230B48,000002A4
80230DEC,0000003C
80230E28,00000038
80230E60,00000040
80230EA0,00000040
80230EE0,00000050
80230F30,0000002C
80230F5C,00000044
80230FA0,00000070
80231010,00000068
80231078,0000004C
802310C4,0000004C
80231110,00000030
80231140,00000068
802311A8,0000005C
80231204,00000024
80231228,00000074
8023129C,00000054
802312F0,00000018
80231308,00000050
80231358,00000014
8023136C,00000034
802313A0,00000020
802313C0,00000078
80231438,00000020
80231458,00000030
80231488,0000007C
80231504,00000068
8023156C,00000064
802315D0,000000D0
802316A0,00000094
80231734,00000074
802317A8,000000E0
80231888,000000C0
80231948,000000C0
80231A08,0000045C
80231E64,00000048
80231EAC,000000E8
80231F94,00000130
802320C4,00000024
802320E8,00000090
80232178,00000050
802321C8,0000031C
802324E4,00000018
802324FC,0000008C
80232588,0000012C
802326B4,00000064
80232718,00000100
80232818,0000013C
80232954,000000A0
802329F4,000000A8
80232A9C,00000200
80232C9C,00000188
80232E24,00000134
80232F58,0000015C
802330B4,0000016C
80233220,00000098
802332B8,00000164
8023341C,00000160
8023357C,00000160
802336DC,0000013C
80233818,00000318
80233B30,00000064
80233B94,00000014
80233BA8,000000C4
80233C6C,000000F4
80233D60,00000088
80233DE8,000000BC
80233EA4,00000010
80233EB4,00000118
80233FCC,00000018
80233FE4,00000064
80234048,00000088
802340D0,000000B0
80234180,00000078
802341F8,00000020
80234218,0000005C
80234274,0000005C
802342D0,00000034
80234304,00000070
80234374,00000018
8023438C,00000018
802343A4,0000001C
802343C0,00000028
802343E8,0000000C
802343F4,00000170
80234564,000001C0
80234724,00000014
80234738,000000CC
80234804,000000EC
802348F0,00000060
80234950,00000070
802349C0,00000038
802349F8,00000040
80234A38,000000CC
80234B04,000000CC
80234BD0,00000114
80234CE4,000000B8
80234D9C,00000078
80234E14,00000050
80234E64,00000078
80234EDC,0000003C
80234F18,00000050
80234F68,00000064
80234FCC,000000B0
8023507C,00000100
8023517C,00000118
80235294,00000120
802353B4,00000254
80235608,000001E8
802357F0,00000060
80235850,00000218
80235A68,00000050
80235AB8,000000BC
80235B74,000000D4
80235C48,0000008C
80235CD4,000000DC
80235DB0,0000021C
80235FCC,000001AC
80236178,0000004C
802361C4,00000028
802361EC,00000024
80236210,00000014
80236224,00000014
80236238,00000008
80236240,000000B8
802362F8,0000005C
80236354,0000005C
802363B0,00000010
802363C0,00000010
802363D0,00000010
802363E0,00000010
802363F0,00000010
80236400,00000010
80236410,00000010
80236420,00000010
80236430,00000008
80236438,00000008
80236440,00000008
80236448,00000008
80236450,00000008
80236458,00000008
80236460,00000008
80236468,00000004
8023646C,00000018
80236484,000000B0
80236534,00000038
8023656C,00000008
80236574,00000084
802365F8,00000070
80236668,00000014
8023667C,00000044
802366C0,0000017C
8023683C,00000050
8023688C,000000D0
8023695C,00000078
802369D4,00000018
802369EC,00000034
80236A20,000000C4
80236AE4,00000040
80236B24,00000004
80236B28,00000038
80236B60,00000004
80236B64,000000B4
80236C18,00000144
80236D5C,00000090
80236DEC,00000088
80236E74,0000004C
80236EC0,0000007C
80236F3C,00000134
80237070,00000088
802370F8,0000002C
80237124,00000120
80237244,0000005C
802372A0,00000018
802372B8,00000004
802372BC,00000180
8023743C,000000A4
802374E0,00000234
80237714,00000034
80237748,00000034
8023777C,00000034
802377B0,00000044
802377F4,00000030
80237824,00000030
80237854,00000070
802378C4,0000016C
80237A30,00000340
80237D70,00000064
80237DD4,00000084
80237E58,00000038
80237E90,00000038
80237EC8,00000018
80237EE0,0000000C
80237EEC,0000000C
80237EF8,0000000C
80237F04,0000001C
80237F20,0000001C
80237F3C,0000043C
80238378,00000028
802383A0,00000030
802383D0,00000068
80238438,0000005C
80238494,00000058
802384EC,00000024
80238510,00000058
80238568,0000009C
80238604,000000B0
802386B4,000000D8
8023878C,000000C4
80238850,000001A4
802389F4,00000020
80238A14,000001E4
80238BF8,000001E0
80238DD8,00000060
80238E38,00000178
80238FB0,00000060
80239010,00000164
80239174,00000008
8023917C,00000034
802391B0,00000070
80239220,000000A0
802392C0,0000005C
8023931C,00000034
80239350,00000010
80239360,00000010
80239370,00000010
80239380,00000004
80239384,00000008
8023938C,00000008
80239394,00000064
802393F8,00000078
80239470,00000294
80239704,000000C4
802397C8,000002EC
80239AB4,0000009C
80239B50,00000124
80239C74,000001E8
80239E5C,00000244
8023A0A0,000000A0
8023A140,00000090
8023A1D0,000000D0
8023A2A0,000001D4
8023A474,000001C0
8023A634,00000150
8023A784,00000118
8023A89C,000000F0
8023A98C,0000008C
8023AA18,000000E8
8023AB00,00000044
8023AB44,00000010
8023AB54,00000010
8023AB64,00000010
8023AB74,00000010
8023AB84,00000010
8023AB94,00000010
8023ABA4,00000008
8023ABAC,00000010
8023ABBC,00000008
8023ABC4,00000010
8023ABD4,00000008
8023ABDC,00000004
8023ABE0,00000008
8023ABE8,00000008
8023ABF0,0000005C
8023AC4C,00000058
8023ACA4,00000228
8023AECC,00000038
8023AF04,00000050
8023AF54,00000050
8023AFA4,00000204
8023B1A8,0000009C
8023B244,000000B0
8023B2F4,00000078
8023B36C,0000005C
8023B3C8,00000034
8023B3FC,00000010
8023B40C,00000010
8023B41C,00000010
8023B42C,00000008
8023B434,00000008
8023B43C,00000008
8023B444,0000007C
8023B4C0,000001D0
8023B690,000000DC
8023B76C,000000A4
8023B810,00000088
8023B898,00000144
8023B9DC,000000B4
8023BA90,000000C4
8023BB54,00000040
8023BB94,00000140
8023BCD4,00000124
8023BDF8,00000048
8023BE40,00000084
8023BEC4,0000003C
8023BF00,00000010
8023BF10,00000010
8023BF20,00000010
8023BF30,00000010
8023BF40,00000008
8023BF48,00000008
8023BF50,00000008
8023BF58,00000008
8023BF60,00000030
8023BF90,00000068
8023BFF8,0000005C
8023C054,00000070
8023C0C4,00000070
8023C134,00000070
8023C1A4,00000044
8023C1E8,000000D0
8023C2B8,00000048
8023C300,00000048
8023C348,00000048
8023C390,00000048
8023C3D8,00000054
8023C42C,00000028
8023C454,00000068
8023C4BC,0000005C
8023C518,0000005C
8023C574,000000A8
8023C61C,00000070
8023C68C,00000078
8023C704,00000078
8023C77C,0000006C
8023C7E8,00000144
8023C92C,000000CC
8023C9F8,00000144
8023CB3C,000000F8
8023CC34,00000070
8023CCA4,00000070
8023CD14,00000414
8023D128,00000004
8023D12C,00000044
8023D170,00000058
8023D1C8,00000008
8023D1D0,00000070
8023D240,00000048
8023D288,000000DC
8023D364,00000094
8023D3F8,00000070
8023D468,000000CC
8023D534,00000178
8023D6AC,00000100
8023D7AC,000000CC
8023D878,000000A0
8023D918,000002F8
8023DC10,000000FC
8023DD0C,0000004C
8023DD58,000005E0
8023E338,000000D4
8023E40C,00000158
8023E564,000003F0
8023E954,0000019C
8023EAF0,00000074
8023EB64,000000AC
8023EC10,0000004C
8023EC5C,00000064
8023ECC0,00000080
8023ED40,00000048
8023ED88,000000E8
8023EE70,000000E4
8023EF54,00000170
8023F0C4,000001E8
8023F2AC,000001B8
8023F464,00000104
8023F568,00000080
8023F5E8,00000040
8023F628,00000054
8023F67C,000000A8
8023F724,00000130
8023F854,000000F4
8023F948,00000008
8023F950,00000088
8023F9D8,00000048
8023FA20,00000048
8023FA68,00000154
8023FBBC,00000110
8023FCCC,000002C4
8023FF90,0000004C
8023FFDC,000000DC
802400B8,0000026C
80240324,00000008
8024032C,0000007C
802403A8,00000010
802403B8,00000010
802403C8,00000010
802403D8,00000010
802403E8,00000010
802403F8,00000010
80240408,00000010
80240418,00000010
80240428,00000010
80240438,00000010
80240448,00000010
80240458,00000010
80240468,00000008
80240470,00000008
80240478,0000005C
802404D4,00000008
802404DC,0000005C
80240538,00000008
80240540,0000005C
8024059C,00000008
802405A4,00000008
802405AC,00000008
802405B4,00000008
802405BC,00000008
802405C4,00000008
802405CC,00000008
802405D4,00000008
802405DC,00000024
80240600,00000030
80240630,0000005C
8024068C,0000005C
802406E8,0000005C
80240744,00000028
8024076C,000000B8
80240824,0000002C
80240850,00000030
80240880,0000002C
802408AC,0000002C
802408D8,0000004C
80240924,00000040
80240964,00000034
80240998,00000148
80240AE0,000000A4
80240B84,0000008C
80240C10,0000002C
80240C3C,00000034
80240C70,000000A8
80240D18,000000E4
80240DFC,000000EC
80240EE8,00000068
80240F50,0000000C
80240F5C,000000A0
80240FFC,00000024
80241020,00000040
80241060,00000100
80241160,00000078
802411D8,000000EC
802412C4,00000028
802412EC,00000040
8024132C,00000040
8024136C,0000009C
80241408,000000CC
802414D4,00000024
802414F8,00000078
80241570,000000A0
80241610,000000C0
802416D0,000001F4
802418C4,00000298
80241B5C,00000198
80241CF4,0000002C
80241D20,00000010
80241D30,00000010
80241D40,00000008
80241D48,00000008
80241D50,00000030
80241D80,0000006C
80241DEC,00000198
80241F84,000000D4
80242058,000001A0
802421F8,000000A0
80242298,0000037C
80242614,0000007C
80242690,0000006C
802426FC,00000084
80242780,0000015C
802428DC,0000002C
80242908,00000010
80242918,00000010
80242928,00000008
80242930,00000008
80242938,00000030
80242968,00000068
802429D0,0000005C
80242A2C,00000084
80242AB0,00000070
80242B20,000000A4
80242BC4,000000DC
80242CA0,0000044C
802430EC,00000060
8024314C,00000050
8024319C,00000038
802431D4,0000005C
80243230,00000024
80243254,00000258
802434AC,000001AC
80243658,00000074
802436CC,00000038
80243704,00000038
8024373C,0000005C
80243798,00000094
8024382C,00000094
802438C0,000000E4
802439A4,0000002C
802439D0,00000010
802439E0,00000010
802439F0,00000008
802439F8,00000004
802439FC,00000040
80243A3C,00000030
80243A6C,00000068
80243AD4,0000005C
80243B30,00000060
80243B90,0000038C
80243F1C,00000070
80243F8C,00000014
80243FA0,000000FC
8024409C,0000014C
802441E8,00000038
80244220,00000038
80244258,00000074
802442CC,0000012C
802443F8,0000002C
80244424,00000010
80244434,00000010
80244444,00000004
80244448,00000008
80244450,00000040
80244490,00000030
802444C0,00000068
80244528,0000005C
80244584,0000003C
802445C0,00000060
80244620,00000118
80244738,00000094
802447CC,00000030
802447FC,00000068
80244864,0000005C
802448C0,00000050
80244910,00000138
80244A48,00000170
80244BB8,0000021C
80244DD4,00000034
80244E08,00000050
80244E58,00000094
80244EEC,0000005C
80244F48,0000002C
80244F74,00000010
80244F84,00000010
80244F94,00000008
80244F9C,00000044
80244FE0,00000048
80245028,0000014C
80245174,00000044
802451B8,000000A0
80245258,000000F4
8024534C,00000034
80245380,00000050
802453D0,00000088
80245458,0000005C
802454B4,0000002C
802454E0,00000010
802454F0,00000010
80245500,00000008
80245508,00000008
80245510,0000003C
8024554C,0000005C
802455A8,0000005C
80245604,00000090
80245694,000001C0
80245854,00000214
80245A68,0000005C
80245AC4,000000B0
80245B74,00000074
80245BE8,000000AC
80245C94,000000FC
80245D90,00000058
80245DE8,00000084
80245E6C,00000094
80245F00,000000D8
80245FD8,0000004C
80246024,00000160
80246184,00000050
802461D4,00000084
80246258,000000C4
8024631C,0000006C
80246388,00000034
802463BC,00000034
802463F0,00000060
80246450,00000144
80246594,000000F0
80246684,00000224
802468A8,00000078
80246920,0000003C
8024695C,00000084
802469E0,00000050
80246A30,00000058
80246A88,0000005C
80246AE4,00000064
80246B48,00000068
80246BB0,00000068
80246C18,00000060
80246C78,0000005C
80246CD4,00000048
80246D1C,00000060
80246D7C,000000F0
80246E6C,00000060
80246ECC,00000058
80246F24,00000108
8024702C,000000E8
80247114,00000118
8024722C,0000019C
802473C8,000002E8
802476B0,000000E8
80247798,00000050
802477E8,00000040
80247828,000001AC
802479D4,00000090
80247A64,000001AC
80247C10,000000E0
80247CF0,00000068
80247D58,00000054
80247DAC,00000054
80247E00,0000018C
80247F8C,000000E8
80248074,0000013C
802481B0,0000007C
8024822C,00000050
8024827C,00000050
802482CC,00000020
802482EC,0000001C
80248308,00000044
8024834C,00000044
80248390,00000044
802483D4,00000074
80248448,00000010
80248458,00000010
80248468,00000010
80248478,00000010
80248488,00000010
80248498,00000010
802484A8,00000010
802484B8,00000010
802484C8,00000010
802484D8,00000010
802484E8,00000010
802484F8,00000048
80248540,00000040
80248580,00000008
80248588,00000008
80248590,00000008
80248598,00000008
802485A0,00000008
802485A8,00000008
802485B0,00000008
802485B8,00000008
802485C0,00000008
802485C8,00000004
802485CC,00000040
8024860C,00000030
8024863C,00000068
802486A4,0000005C
80248700,0000003C
8024873C,000001B8
802488F4,00000004
802488F8,00000004
802488FC,00000058
80248954,00000090
802489E4,0000005C
80248A40,0000005C
80248A9C,0000002C
80248AC8,00000010
80248AD8,00000010
80248AE8,00000004
80248AEC,00000008
80248AF4,00000120
80248C14,000001B4
80248DC8,00000008
80248DD0,00000118
80248EE8,000000A4
80248F8C,000000C8
80249054,0000008C
802490E0,00000088
80249168,000000D8
80249240,00000014
80249254,00000014
80249268,00000014
8024927C,00000044
802492C0,0000008C
8024934C,00000050
8024939C,00000004
802493A0,000000AC
8024944C,00000048
80249494,00000004
80249498,00000004
8024949C,00000030
802494CC,00000068
80249534,00000058
8024958C,00000058
802495E4,0000003C
80249620,0000005C
8024967C,00000260
802498DC,00000004
802498E0,00000050
80249930,00000084
802499B4,0000005C
80249A10,00000034
80249A44,000000D4
80249B18,00000104
80249C1C,00000040
80249C5C,00000074
80249CD0,0000002C
80249CFC,00000010
80249D0C,00000010
80249D1C,00000008
80249D24,00000008
80249D2C,00000044
80249D70,0000009C
80249E0C,0000009C
80249EA8,00000048
80249EF0,00000058
80249F48,0000002C
80249F74,00000010
80249F84,00000010
80249F94,00000008
80249F9C,00000048
80249FE4,0000004C
8024A030,00000088
8024A0B8,00000150
8024A208,00000050
8024A258,00000008
8024A260,00000034
8024A294,00000010
8024A2A4,00000010
8024A2B4,00000010
8024A2C4,00000008
8024A2CC,00000008
8024A2D4,00000040
8024A314,00000030
8024A344,00000068
8024A3AC,00000058
8024A404,00000068
8024A46C,00000040
8024A4AC,0000003C
8024A4E8,0000005C
8024A544,00000824
8024AD68,000000B4
8024AE1C,0000007C
8024AE98,0000001C
8024AEB4,00000034
8024AEE8,00000278
8024B160,000000DC
8024B23C,00000050
8024B28C,000000F0
8024B37C,000001FC
8024B578,00000144
8024B6BC,00000040
8024B6FC,00000054
8024B750,000000C0
8024B810,000003C4
8024BBD4,000000B4
8024BC88,00000088
8024BD10,000001C0
8024BED0,00000608
8024C4D8,0000005C
8024C534,00000034
8024C568,00000010
8024C578,00000010
8024C588,00000010
8024C598,00000008
8024C5A0,00000008
8024C5A8,00000004
8024C5AC,00000010
8024C5BC,0000003C
8024C5F8,0000015C
8024C754,00000058
8024C7AC,00000080
8024C82C,00000090
8024C8BC,00000264
8024CB20,000000BC
8024CBDC,00000230
8024CE0C,00000194
8024CFA0,000000D8
8024D078,000000B4
8024D12C,000000F8
8024D224,000000BC
8024D2E0,000000F0
8024D3D0,00000090
8024D460,00000278
8024D6D8,000000D8
8024D7B0,0000007C
8024D82C,0000007C
8024D8A8,0000005C
8024D904,000000B8
8024D9BC,0000006C
8024DA28,0000005C
8024DA84,00000008
8024DA8C,00000008
8024DA94,00000008
8024DA9C,00000008
8024DAA4,00000008
8024DAAC,0000008C
8024DB38,00000010
8024DB48,00000010
8024DB58,00000010
8024DB68,00000010
8024DB78,00000010
8024DB88,00000044
8024DBCC,000000E4
8024DCB0,000000E4
8024DD94,00000054
8024DDE8,000000C4
8024DEAC,0000008C
8024DF38,00000058
8024DF90,00000034
8024DFC4,00000010
8024DFD4,00000010
8024DFE4,00000010
8024DFF4,00000008
8024DFFC,00000004
8024E000,00000004
8024E004,0000004C
8024E050,000000CC
8024E11C,000000B0
8024E1CC,0000013C
8024E308,000000DC
8024E3E4,00000004
8024E3E8,00000050
8024E438,00000008
8024E440,00000008
8024E448,00000054
8024E49C,00000010
8024E4AC,00000010
8024E4BC,00000010
8024E4CC,00000010
8024E4DC,00000010
8024E4EC,00000010
8024E4FC,00000010
8024E50C,00000008
8024E514,00000008
8024E51C,00000008
8024E524,00000008
8024E52C,00000008
8024E534,00000008
8024E53C,00000048
8024E584,00000030
8024E5B4,00000068
8024E61C,00000058
8024E674,00000048
8024E6BC,00000174
8024E830,00000060
8024E890,00000008
8024E898,00000008
8024E8A0,000000AC
8024E94C,000000AC
8024E9F8,00000038
8024EA30,00000060
8024EA90,00000044
8024EAD4,00000058
8024EB2C,00000074
8024EBA0,0000006C
8024EC0C,00000014
8024EC20,00000084
8024ECA4,00000084
8024ED28,00000034
8024ED5C,00000010
8024ED6C,00000010
8024ED7C,00000010
8024ED8C,00000008
8024ED94,00000008
8024ED9C,00000008
8024EDA4,00000040
8024EDE4,00000030
8024EE14,00000068
8024EE7C,0000005C
8024EED8,0000005C
8024EF34,00000074
8024EFA8,00000240
8024F1E8,00000068
8024F250,00000090
8024F2E0,00000004
8024F2E4,00000050
8024F334,00000044
8024F378,000001BC
8024F534,0000005C
8024F590,000000D4
8024F664,0000003C
8024F6A0,0000005C
8024F6FC,0000003C
8024F738,00000048
8024F780,00000064
8024F7E4,00000058
8024F83C,00000058
8024F894,0000003C
8024F8D0,00000010
8024F8E0,00000010
8024F8F0,00000010
8024F900,00000010
8024F910,00000014
8024F924,00000008
8024F92C,00000008
8024F934,00000054
8024F988,0000003C
8024F9C4,00000058
8024FA1C,00000188
8024FBA4,00000038
8024FBDC,00000060
8024FC3C,00000004
8024FC40,00000044
8024FC84,0000009C
8024FD20,00000058
8024FD78,00000034
8024FDAC,00000010
8024FDBC,00000010
8024FDCC,00000010
8024FDDC,00000008
8024FDE4,00000008
8024FDEC,00000004
8024FDF0,00000040
8024FE30,00000030
8024FE60,00000068
8024FEC8,00000058
8024FF20,00000070
8024FF90,0000015C
802500EC,00000008
802500F4,0000004C
80250140,00000034
80250174,00000098
8025020C,000000D8
802502E4,00000114
802503F8,0000005C
80250454,000000FC
80250550,0000007C
802505CC,0000003C
80250608,00000010
80250618,00000010
80250628,00000010
80250638,00000010
80250648,00000008
80250650,00000008
80250658,00000008
80250660,00000008
80250668,0000005C
802506C4,00000040
80250704,00000084
80250788,000000BC
80250844,00000040
80250884,00000080
80250904,0000006C
80250970,00000068
802509D8,000003E0
80250DB8,00000074
80250E2C,0000015C
80250F88,000000D0
80251058,00000088
802510E0,000000C4
802511A4,0000012C
802512D0,00000038
80251308,00000084
8025138C,000000B4
80251440,000003E0
80251820,000005EC
80251E0C,000000E4
80251EF0,00000058
80251F48,0000005C
80251FA4,00000054
80251FF8,00000134
8025212C,00000110
8025223C,00000054
80252290,000001AC
8025243C,000000B8
802524F4,00000034
80252528,00000010
80252538,00000010
80252548,00000010
80252558,00000068
802525C0,00000008
802525C8,00000004
802525CC,0000005C
80252628,000000CC
802526F4,00000064
80252758,000000F0
80252848,00000060
802528A8,0000002C
802528D4,00000010
802528E4,00000010
802528F4,00000008
802528FC,00000004
80252900,00000058
80252958,0000005C
802529B4,00000060
80252A14,00000070
80252A84,00000038
80252ABC,00000068
80252B24,00000064
80252B88,00000180
80252D08,00000060
80252D68,00000108
80252E70,00000114
80252F84,000000C0
80253044,0000003C
80253080,00000010
80253090,00000010
802530A0,00000010
802530B0,00000010
802530C0,00000008
802530C8,00000008
802530D0,00000008
802530D8,0000004C
80253124,00000004
80253128,00000058
80253180,00000048
802531C8,00000054
8025321C,00000008
80253224,000000A0
802532C4,000000C4
80253388,00000078
80253400,00000158
80253558,000000A4
802535FC,00000120
8025371C,00000048
80253764,000000F8
8025385C,00000254
80253AB0,000000A0
80253B50,0000004C
80253B9C,00000058
80253BF4,00000150
80253D44,00000050
80253D94,00000054
80253DE8,00000118
80253F00,000000B8
80253FB8,0000005C
80254014,0000002C
80254040,00000010
80254050,00000010
80254060,00000008
80254068,00000008
80254070,0000003C
802540AC,00000068
80254114,00000058
8025416C,00000070
802541DC,00000058
80254234,00000058
8025428C,00000074
80254300,00000088
80254388,000000F0
80254478,00000098
80254510,00000170
80254680,000001A8
80254828,0000026C
80254A94,00000184
80254C18,00000364
80254F7C,00000504
80255480,0000005C
802554DC,00000014
802554F0,0000003C
8025552C,000003E4
80255910,00000018
80255928,0000004C
80255974,000001AC
80255B20,00000094
80255BB4,0000018C
80255D40,00000114
80255E54,00000040
80255E94,000000F8
80255F8C,0000005C
80255FE8,00000004
80255FEC,00000008
80255FF4,00000004
80255FF8,00000064
8025605C,00000010
8025606C,00000010
8025607C,00000010
8025608C,00000058
802560E4,000002B4
80256398,0000007C
80256414,0000007C
80256490,00000064
802564F4,00000008
802564FC,00000038
80256534,00000038
8025656C,000000DC
80256648,00000094
802566DC,0000001C
802566F8,0000001C
80256714,0000003C
80256750,00000010
80256760,00000010
80256770,00000010
80256780,00000010
80256790,00000008
80256798,00000008
802567A0,00000008
802567A8,00000004
802567AC,00000040
802567EC,00000030
8025681C,00000068
80256884,0000005C
802568E0,00000048
80256928,00000058
80256980,0000005C
802569DC,00000054
80256A30,000000B8
80256AE8,00000040
80256B28,00000008
80256B30,00000008
80256B38,00000004
80256B3C,000001D8
80256D14,00000074
80256D88,00000184
80256F0C,00000084
80256F90,00000090
80257020,00000094
802570B4,00000088
8025713C,0000015C
80257298,00000160
802573F8,000001C8
802575C0,00000068
80257628,00000068
80257690,00000234
802578C4,0000003C
80257900,00000094
80257994,00000028
802579BC,000000C4
80257A80,00000090
80257B10,00000104
80257C14,0000003C
80257C50,00000010
80257C60,00000010
80257C70,00000010
80257C80,00000010
80257C90,00000008
80257C98,00000008
80257CA0,00000050
80257CF0,00000008
80257CF8,00000040
80257D38,00000030
80257D68,00000068
80257DD0,00000008
80257DD8,0000001C
80257DF4,00000058
80257E4C,0000005C
80257EA8,00000098
80257F40,00000060
80257FA0,000000A4
80258044,00000004
80258048,00000030
80258078,00000050
802580C8,00000068
80258130,00000034
80258164,0000007C
802581E0,00000260
80258440,000000A4
802584E4,00000058
8025853C,000000A8
802585E4,000000DC
802586C0,00000058
80258718,0000003C
80258754,00000010
80258764,00000010
80258774,00000010
80258784,00000010
80258794,00000008
8025879C,00000008
802587A4,00000008
802587AC,00000040
802587EC,00000008
802587F4,00000058
8025884C,000000A8
802588F4,00000014
80258908,00000024
8025892C,00000064
80258990,00000104
80258A94,00000038
80258ACC,000000F0
80258BBC,00000044
80258C00,000000AC
80258CAC,00000010
80258CBC,00000090
80258D4C,00000088
80258DD4,0000006C
80258E40,00000110
80258F50,00000034
80258F84,00000010
80258F94,00000010
80258FA4,00000010
80258FB4,00000008
80258FBC,00000008
80258FC4,00000008
80258FCC,00000070
8025903C,00000024
80259060,00000024
80259084,00000024
802590A8,000000BC
80259164,00000010
80259174,000000CC
80259240,0000005C
8025929C,00000118
802593B4,00000338
802596EC,00000008
802596F4,00000078
8025976C,000000C0
8025982C,0000005C
80259888,00000070
802598F8,0000020C
80259B04,0000011C
80259C20,000000B0
80259CD0,00000034
80259D04,000000B0
80259DB4,000000C8
80259E7C,000000A8
80259F24,00000140
8025A064,00000078
8025A0DC,000000F0
8025A1CC,00000050
8025A21C,00000038
8025A254,00000058
8025A2AC,00000044
8025A2F0,00000010
8025A300,00000010
8025A310,00000010
8025A320,00000010
8025A330,00000010
8025A340,00000008
8025A348,00000008
8025A350,00000038
8025A388,00000008
8025A390,00000004
8025A394,00000008
8025A39C,00000008
8025A3A4,00000054
8025A3F8,00000070
8025A468,00000008
8025A470,00000008
8025A478,00000010
8025A488,000000BC
8025A544,0000009C
8025A5E0,00000074
8025A654,0000008C
8025A6E0,00000070
8025A750,00000058
8025A7A8,000000B4
8025A85C,0000002C
8025A888,00000010
8025A898,00000010
8025A8A8,00000008
8025A8B0,00000004
8025A8B4,00000040
8025A8F4,00000030
8025A924,00000068
8025A98C,0000005C
8025A9E8,00000120
8025AB08,00000094
8025AB9C,00000034
8025ABD0,00000010
8025ABE0,00000010
8025ABF0,00000010
8025AC00,00000008
8025AC08,00000008
8025AC10,00000004
8025AC14,00000028
8025AC3C,000000A8
8025ACE4,00000014
8025ACF8,00000024
8025AD1C,00000094
8025ADB0,0000007C
8025AE2C,00000008
8025AE34,00000084
8025AEB8,0000012C
8025AFE4,000000B0
8025B094,000000E4
8025B178,000000D0
8025B248,000000B8
8025B300,0000008C
8025B38C,00000050
8025B3DC,00000130
8025B50C,00000074
8025B580,00000114
8025B694,0000005C
8025B6F0,0000003C
8025B72C,00000010
8025B73C,00000010
8025B74C,00000010
8025B75C,00000010
8025B76C,00000008
8025B774,00000008
8025B77C,00000008
8025B784,00000008
8025B78C,00000074
8025B800,00000074
8025B874,00000050
8025B8C4,00000054
8025B918,00000008
8025B920,0000000C
8025B92C,00000018
8025B944,0000003C
8025B980,00000014
8025B994,00000068
8025B9FC,000000E8
8025BAE4,00000004
8025BAE8,00000004
8025BAEC,00000070
8025BB5C,00000068
8025BBC4,00000068
8025BC2C,0000014C
8025BD78,000000A0
8025BE18,00000034
8025BE4C,00000010
8025BE5C,00000010
8025BE6C,00000010
8025BE7C,00000008
8025BE84,00000004
8025BE88,00000004
8025BE8C,00000074
8025BF00,0000001C
8025BF1C,0000005C
8025BF78,0000004C
8025BFC4,000000E8
8025C0AC,00000004
8025C0B0,0000003C
8025C0EC,00000058
8025C144,00000098
8025C1DC,0000009C
8025C278,00000074
8025C2EC,0000005C
8025C348,00000090
8025C3D8,00000110
8025C4E8,00000094
8025C57C,0000006C
8025C5E8,00000048
8025C630,00000060
8025C690,00000054
8025C6E4,00000080
8025C764,00000008
8025C76C,00000054
8025C7C0,00000078
8025C838,00000044
8025C87C,0000009C
8025C918,00000060
8025C978,00000058
8025C9D0,00000070
8025CA40,00000024
8025CA64,00000098
8025CAFC,00000190
8025CC8C,00000068
8025CCF4,0000009C
8025CD90,00000050
8025CDE0,000000AC
8025CE8C,000000B4
8025CF40,0000008C
8025CFCC,000000C8
8025D094,000000BC
8025D150,000000B0
8025D200,00000174
8025D374,000000B0
8025D424,00000098
8025D4BC,0000005C
8025D518,0000007C
8025D594,00000010
8025D5A4,00000010
8025D5B4,00000010
8025D5C4,00000010
8025D5D4,00000010
8025D5E4,00000010
8025D5F4,00000010
8025D604,00000010
8025D614,00000010
8025D624,00000010
8025D634,00000010
8025D644,00000010
8025D654,00000044
8025D698,00000004
8025D69C,00000004
8025D6A0,00000004
8025D6A4,00000048
8025D6EC,00000008
8025D6F4,00000008
8025D6FC,00000008
8025D704,00000008
8025D70C,00000008
8025D714,00000008
8025D71C,00000004
8025D720,00000004
8025D724,0000004C
8025D770,00000034
8025D7A4,00000034
8025D7D8,00000040
8025D818,00000008
8025D820,00000058
8025D878,00000070
8025D8E8,0000005C
8025D944,00000008
8025D94C,0000005C
8025D9A8,00000054
8025D9FC,0000005C
8025DA58,00000004
8025DA5C,0000003C
8025DA98,00000008
8025DAA0,00000228
8025DCC8,0000002C
8025DCF4,00000010
8025DD04,00000010
8025DD14,00000008
8025DD1C,00000004
8025DD20,00000014
8025DD34,00000074
8025DDA8,00000008
8025DDB0,00000014
8025DDC4,00000004
8025DDC8,0000004C
8025DE14,0000002C
8025DE40,00000088
8025DEC8,00000064
8025DF2C,00000070
8025DF9C,00000090
8025E02C,0000020C
8025E238,00000168
8025E3A0,00000020
8025E3C0,00000064
8025E424,00000154
8025E578,000000A4
8025E61C,0000003C
8025E658,00000010
8025E668,00000010
8025E678,00000010
8025E688,00000010
8025E698,00000004
8025E69C,00000008
8025E6A4,00000008
8025E6AC,00000004
8025E6B0,00000008
8025E6B8,0000005C
8025E714,000000C8
8025E7DC,000000E0
8025E8BC,00000048
8025E904,00000008
8025E90C,00000054
8025E960,00000040
8025E9A0,00000044
8025E9E4,00000180
8025EB64,00000008
8025EB6C,00000160
8025ECCC,0000007C
8025ED48,00000078
8025EDC0,00000080
8025EE40,000000A4
8025EEE4,00000090
8025EF74,0000015C
8025F0D0,00000064
8025F134,000000E4
8025F218,000000C4
8025F2DC,00000058
8025F334,00000044
8025F378,00000010
8025F388,00000010
8025F398,00000010
8025F3A8,00000010
8025F3B8,00000010
8025F3C8,00000044
8025F40C,00000008
8025F414,00000008
8025F41C,00000004
8025F420,00000004
8025F424,00000008
8025F42C,00000008
8025F434,000000B8
8025F4EC,00000118
8025F604,00000250
8025F854,00000014
8025F868,00000070
8025F8D8,00000098
8025F970,0000006C
8025F9DC,00000070
8025FA4C,000001FC
8025FC48,00000108
8025FD50,000000FC
8025FE4C,00000034
8025FE80,000000B0
8025FF30,000000C8
8025FFF8,000000A8
802600A0,00000140
802601E0,00000078
80260258,00000058
802602B0,00000044
802602F4,00000010
80260304,00000010
80260314,00000010
80260324,00000010
80260334,00000010
80260344,00000008
8026034C,00000008
80260354,00000008
8026035C,00000008
80260364,00000004
80260368,00000010
80260378,00000008
80260380,000000B8
80260438,000000C8
80260500,00000090
80260590,00000004
80260594,0000002C
802605C0,00000094
80260654,00000224
80260878,0000007C
802608F4,0000004C
80260940,0000004C
8026098C,00000054
802609E0,00000058
80260A38,0000003C
80260A74,00000010
80260A84,00000010
80260A94,00000010
80260AA4,00000010
80260AB4,00000008
80260ABC,00000008
80260AC4,00000048
80260B0C,00000004
80260B10,00000010
80260B20,00000008
80260B28,00000040
80260B68,00000040
80260BA8,00000040
80260BE8,00000040
80260C28,00000040
80260C68,00000040
80260CA8,00000040
80260CE8,00000040
80260D28,00000040
80260D68,00000040
80260DA8,000000BC
80260E64,0000003C
80260EA0,00000054
80260EF4,00000044
80260F38,00000070
80260FA8,00000060
80261008,00000080
80261088,0000007C
80261104,00000058
8026115C,00000058
802611B4,00000040
802611F4,00000004
802611F8,00000004
802611FC,00000004
80261200,00000004
80261204,00000004
80261208,00000004
8026120C,00000040
8026124C,00000008
80261254,00000024
80261278,0000002C
802612A4,0000002C
802612D0,00000044
80261314,00000024
80261338,00000024
8026135C,00000050
802613AC,00000088
80261434,00000020
80261454,00000020
80261474,00000020
80261494,00000020
802614B4,00000044
802614F8,00000044
8026153C,00000044
80261580,0000000C
8026158C,00000048
802615D4,0000000C
802615E0,000000B8
80261698,000000B8
80261750,00000064
802617B4,000000A0
80261854,0000001C
80261870,00000088
802618F8,00000028
80261920,0000006C
8026198C,00000050
802619DC,000000F4
80261AD0,00000014
80261AE4,0000005C
80261B40,00000030
80261B70,00000030
80261BA0,00000068
80261C08,0000002C
80261C34,000000D4
80261D08,00000074
80261D7C,00000058
80261DD4,00000004
80261DD8,00000064
80261E3C,00000004
80261E40,00000014
80261E54,00000014
80261E68,00000014
80261E7C,00000014
80261E90,00000014
80261EA4,00000020
80261EC4,00000020
80261EE4,00000048
80261F2C,0000007C
80261FA8,0000007C
80262024,00000080
802620A4,00000080
80262124,0000005C
80262180,0000005C
802621DC,00000044
80262220,00000044
80262264,00000048
802622AC,00000048
802622F4,00000040
80262334,00000070
802623A4,00000070
80262414,00000070
80262484,00000070
802624F4,00000070
80262564,00000064
802625C8,00000064
8026262C,00000024
80262650,00000064
802626B4,0000002C
802626E0,0000003C
8026271C,0000003C
80262758,0000003C
80262794,0000003C
802627D0,0000003C
8026280C,0000002C
80262838,0000002C
80262864,0000002C
80262890,0000002C
802628BC,0000002C
802628E8,0000003C
80262924,0000003C
80262960,00000040
802629A0,0000009C
80262A3C,00000058
80262A94,00000044
80262AD8,00000044
80262B1C,00000044
80262B60,00000044
80262BA4,00000044
80262BE8,00000044
80262C2C,00000044
80262C70,00000044
80262CB4,00000044
80262CF8,00000044
80262D3C,00000044
80262D80,00000044
80262DC4,00000044
80262E08,00000044
80262E4C,00000068
80262EB4,00000044
80262EF8,00000044
80262F3C,00000044
80262F80,00000044
80262FC4,00000044
80263008,00000044
8026304C,00000044
80263090,00000044
802630D4,00000044
80263118,00000044
8026315C,00000044
802631A0,00000044
802631E4,00000044
80263228,00000044
8026326C,00000044
802632B0,00000044
802632F4,00000044
80263338,00000044
8026337C,00000044
802633C0,00000044
80263404,00000044
80263448,00000044
8026348C,00000044
802634D0,00000044
80263514,00000060
80263574,00000060
802635D4,00000044
80263618,00000044
8026365C,00000044
802636A0,00000044
802636E4,00000044
80263728,00000044
8026376C,00000044
802637B0,00000044
802637F4,00000044
80263838,00000044
8026387C,00000044
802638C0,00000044
80263904,00000044
80263948,00000044
8026398C,00000044
802639D0,00000044
80263A14,00000044
80263A58,00000044
80263A9C,00000044
80263AE0,00000044
80263B24,00000044
80263B68,00000044
80263BAC,00000044
80263BF0,00000044
80263C34,00000040
80263C74,00000040
80263CB4,00000040
80263CF4,00000040
80263D34,00000040
80263D74,00000040
80263DB4,00000040
80263DF4,00000040
80263E34,00000040
80263E74,00000040
80263EB4,00000040
80263EF4,00000040
80263F34,00000040
80263F74,00000040
80263FB4,00000040
80263FF4,00000040
80264034,00000040
80264074,00000040
802640B4,00000040
802640F4,00000040
80264134,00000040
80264174,00000040
802641B4,00000040
802641F4,00000040
80264234,00000040
80264274,00000040
802642B4,00000040
802642F4,00000040
80264334,00000040
80264374,00000040
802643B4,00000040
802643F4,00000040
80264434,00000040
80264474,00000040
802644B4,00000040
802644F4,00000040
80264534,00000040
80264574,00000040
802645B4,00000040
802645F4,00000040
80264634,00000040
80264674,00000040
802646B4,00000040
802646F4,00000040
80264734,00000040
80264774,00000040
802647B4,00000040
802647F4,00000040
80264834,00000040
80264874,0000005C
802648D0,00000040
80264910,00000040
80264950,00000040
80264990,00000044
802649D4,00000040
80264A14,00000040
80264A54,00000040
80264A94,00000040
80264AD4,00000064
80264B38,00000040
80264B78,00000040
80264BB8,00000040
80264BF8,00000040
80264C38,00000040
80264C78,00000040
80264CB8,00000040
80264CF8,00000040
80264D38,00000040
80264D78,00000040
80264DB8,00000040
80264DF8,00000040
80264E38,00000040
80264E78,00000040
80264EB8,00000040
80264EF8,00000040
80264F38,00000040
80264F78,00000040
80264FB8,00000040
80264FF8,00000040
80265038,00000040
80265078,00000040
802650B8,00000040
802650F8,00000040
80265138,00000040
80265178,00000040
802651B8,00000040
802651F8,00000040
80265238,00000040
80265278,00000040
802652B8,00000040
802652F8,00000040
80265338,00000040
80265378,00000040
802653B8,00000040
802653F8,00000040
80265438,00000040
80265478,00000040
802654B8,00000040
802654F8,00000040
80265538,00000040
80265578,00000040
802655B8,00000040
802655F8,00000040
80265638,00000040
80265678,00000040
802656B8,00000040
802656F8,00000040
80265738,00000040
80265778,00000040
802657B8,00000040
802657F8,00000040
80265838,00000040
80265878,00000040
802658B8,00000040
802658F8,00000040
80265938,00000040
80265978,00000040
802659B8,00000040
802659F8,00000040
80265A38,00000040
80265A78,00000040
80265AB8,00000040
80265AF8,00000040
80265B38,00000040
80265B78,00000040
80265BB8,00000040
80265BF8,00000040
80265C38,00000040
80265C78,00000040
80265CB8,00000040
80265CF8,00000040
80265D38,00000040
80265D78,00000040
80265DB8,00000040
80265DF8,00000040
80265E38,00000040
80265E78,00000040
80265EB8,00000040
80265EF8,00000040
80265F38,00000040
80265F78,00000040
80265FB8,00000040
80265FF8,00000040
80266038,00000040
80266078,00000040
802660B8,00000040
802660F8,00000040
80266138,00000040
80266178,00000040
802661B8,00000040
802661F8,00000040
80266238,00000040
80266278,00000040
802662B8,00000040
802662F8,00000040
80266338,00000040
80266378,00000040
802663B8,00000040
802663F8,00000040
80266438,00000040
80266478,00000040
802664B8,00000040
802664F8,00000040
80266538,00000040
80266578,00000040
802665B8,00000040
802665F8,00000040
80266638,00000040
80266678,00000040
802666B8,00000040
802666F8,00000040
80266738,00000040
80266778,00000040
802667B8,00000040
802667F8,00000040
80266838,00000040
80266878,00000040
802668B8,00000040
802668F8,00000040
80266938,00000040
80266978,00000064
802669DC,00000040
80266A1C,00000040
80266A5C,00000040
80266A9C,00000040
80266ADC,00000040
80266B1C,00000040
80266B5C,00000040
80266B9C,00000040
80266BDC,00000040
80266C1C,00000040
80266C5C,00000040
80266C9C,00000040
80266CDC,00000040
80266D1C,00000040
80266D5C,0000005C
80266DB8,00000040
80266DF8,00000040
80266E38,00000040
80266E78,00000040
80266EB8,00000040
80266EF8,00000040
80266F38,00000040
80266F78,00000040
80266FB8,00000040
80266FF8,00000040
80267038,00000040
80267078,00000040
802670B8,00000040
802670F8,00000060
80267158,00000060
802671B8,00000060
80267218,00000060
80267278,00000060
802672D8,00000060
80267338,00000040
80267378,00000040
802673B8,00000040
802673F8,00000040
80267438,00000040
80267478,00000040
802674B8,00000040
802674F8,00000040
80267538,00000040
80267578,00000040
802675B8,00000040
802675F8,00000040
80267638,00000040
80267678,00000040
802676B8,00000040
802676F8,0000005C
80267754,00000040
80267794,00000040
802677D4,00000040
80267814,00000040
80267854,00000040
80267894,00000040
802678D4,00000040
80267914,00000040
80267954,00000040
80267994,00000040
802679D4,00000040
80267A14,0000005C
80267A70,00000040
80267AB0,00000040
80267AF0,00000040
80267B30,00000040
80267B70,00000040
80267BB0,00000040
80267BF0,00000040
80267C30,00000040
80267C70,00000040
80267CB0,00000040
80267CF0,00000040
80267D30,00000040
80267D70,00000040
80267DB0,00000040
80267DF0,0000005C
80267E4C,00000040
80267E8C,00000040
80267ECC,00000040
80267F0C,00000040
80267F4C,00000040
80267F8C,00000040
80267FCC,0000005C
80268028,00000040
80268068,00000040
802680A8,00000040
802680E8,00000040
80268128,00000040
80268168,00000040
802681A8,00000040
802681E8,0000005C
80268244,00000040
80268284,00000040
802682C4,00000040
80268304,00000040
80268344,00000040
80268384,00000040
802683C4,0000005C
80268420,00000040
80268460,00000048
802684A8,0000005C
80268504,0000005C
80268560,00000040
802685A0,00000040
802685E0,00000040
80268620,00000040
80268660,00000040
802686A0,00000040
802686E0,00000040
80268720,00000040
80268760,00000040
802687A0,0000005C
802687FC,00000040
8026883C,00000040
8026887C,00000040
802688BC,00000040
802688FC,00000040
8026893C,0000005C
80268998,00000040
802689D8,0000005C
80268A34,00000040
80268A74,00000040
80268AB4,00000040
80268AF4,00000040
80268B34,00000040
80268B74,00000040
80268BB4,00000040
80268BF4,00000040
80268C34,00000040
80268C74,00000040
80268CB4,00000040
80268CF4,00000040
80268D34,00000040
80268D74,00000040
80268DB4,00000040
80268DF4,00000040
80268E34,00000040
80268E74,00000040
80268EB4,00000040
80268EF4,00000040
80268F34,00000040
80268F74,00000040
80268FB4,0000005C
80269010,00000040
80269050,00000040
80269090,00000040
802690D0,00000040
80269110,0000005C
8026916C,00000040
802691AC,00000040
802691EC,00000040
8026922C,00000040
8026926C,00000040
802692AC,00000040
802692EC,00000040
8026932C,00000040
8026936C,00000040
802693AC,00000040
802693EC,00000040
8026942C,00000040
8026946C,00000040
802694AC,00000040
802694EC,00000040
8026952C,00000040
8026956C,00000040
802695AC,00000040
802695EC,00000040
8026962C,00000040
8026966C,0000005C
802696C8,00000040
80269708,00000040
80269748,00000040
80269788,00000040
802697C8,00000040
80269808,00000040
80269848,00000040
80269888,00000040
802698C8,00000040
80269908,0000005C
80269964,00000040
802699A4,00000040
802699E4,00000040
80269A24,00000040
80269A64,00000040
80269AA4,00000040
80269AE4,00000040
80269B24,00000040
80269B64,00000040
80269BA4,00000040
80269BE4,00000040
80269C24,00000040
80269C64,00000040
80269CA4,00000040
80269CE4,00000040
80269D24,00000040
80269D64,00000040
80269DA4,00000040
80269DE4,00000040
80269E24,00000040
80269E64,00000040
80269EA4,00000040
80269EE4,00000040
80269F24,00000040
80269F64,00000040
80269FA4,00000040
80269FE4,00000040
8026A024,00000040
8026A064,00000040
8026A0A4,00000040
8026A0E4,00000040
8026A124,00000040
8026A164,00000040
8026A1A4,00000040
8026A1E4,00000040
8026A224,00000040
8026A264,00000040
8026A2A4,00000040
8026A2E4,00000040
8026A324,00000040
8026A364,00000040
8026A3A4,00000040
8026A3E4,0000005C
8026A440,00000040
8026A480,0000005C
8026A4DC,0000005C
8026A538,0000005C
8026A594,0000005C
8026A5F0,0000005C
8026A64C,00000040
8026A68C,00000040
8026A6CC,00000040
8026A70C,00000040
8026A74C,00000040
8026A78C,00000040
8026A7CC,00000040
8026A80C,00000040
8026A84C,00000040
8026A88C,00000040
8026A8CC,00000040
8026A90C,00000040
8026A94C,00000040
8026A98C,00000040
8026A9CC,00000040
8026AA0C,00000040
8026AA4C,00000040
8026AA8C,00000040
8026AACC,00000040
8026AB0C,00000040
8026AB4C,00000040
8026AB8C,00000040
8026ABCC,00000040
8026AC0C,00000040
8026AC4C,00000040
8026AC8C,00000040
8026ACCC,00000060
8026AD2C,00000078
8026ADA4,00000088
8026AE2C,00000070
8026AE9C,00000088
8026AF24,00000104
8026B028,00000058
8026B080,00000058
8026B0D8,00000058
8026B130,00000058
8026B188,00000058
8026B1E0,00000058
8026B238,00000058
8026B290,00000058
8026B2E8,00000058
8026B340,00000058
8026B398,00000058
8026B3F0,00000058
8026B448,0000003C
8026B484,00000008
8026B48C,00000030
8026B4BC,00000008
8026B4C4,00000008
8026B4CC,00000008
8026B4D4,00000030
8026B504,00000008
8026B50C,00000008
8026B514,00000008
8026B51C,00000030
8026B54C,00000008
8026B554,00000008
8026B55C,00000008
8026B564,00000008
8026B56C,00000008
8026B574,00000008
8026B57C,00000008
8026B584,00000008
8026B58C,00000008
8026B594,0000013C
8026B6D0,00000010
8026B6E0,00000010
8026B6F0,00000010
8026B700,00000010
8026B710,00000010
8026B720,00000010
8026B730,00000010
8026B740,00000010
8026B750,00000010
8026B760,00000010
8026B770,00000010
8026B780,00000010
8026B790,00000010
8026B7A0,00000010
8026B7B0,00000008
8026B7B8,00000008
8026B7C0,00000008
8026B7C8,00000008
8026B7D0,00000008
8026B7D8,00000008
8026B7E0,00000008
8026B7E8,00000008
8026B7F0,00000008
8026B7F8,00000008
8026B800,00000008
8026B808,00000008
8026B810,00000014
8026B824,00000008
8026B82C,00000014
8026B840,00000064
8026B8A4,00000070
8026B914,00000020
8026B934,0000005C
8026B990,00000064
8026B9F4,0000005C
8026BA50,0000001C
8026BA6C,0000005C
8026BAC8,0000005C
8026BB24,00000040
8026BB64,00000080
8026BBE4,00000010
8026BBF4,00000184
8026BD78,00000068
8026BDE0,00000040
8026BE20,00000024
8026BE44,000000CC
8026BF10,00000064
8026BF74,00000074
8026BFE8,00000008
8026BFF0,00000048
8026C038,00000008
8026C040,00000008
8026C048,00000008
8026C050,00000008
8026C058,00000008
8026C060,00000008
8026C068,00000008
8026C070,00000008
8026C078,00000008
8026C080,00000008
8026C088,00000008
8026C090,00000008
8026C098,00000008
8026C0A0,00000008
8026C0A8,00000008
8026C0B0,0000000C
8026C0BC,0000000C
8026C0C8,0000000C
8026C0D4,00000008
8026C0DC,00000008
8026C0E4,00000008
8026C0EC,00000004
8026C0F0,00000004
8026C0F4,00000004
8026C0F8,00000004
8026C0FC,00000008
8026C104,00000008
8026C10C,0000000C
8026C118,0000005C
8026C174,0000005C
8026C1D0,00000174
8026C344,0000004C
8026C390,00000044
8026C3D4,00000064
8026C438,000000C0
8026C4F8,00000044
8026C53C,0000009C
8026C5D8,00000074
8026C64C,00000098
8026C6E4,00000048
8026C72C,0000003C
8026C768,00000088
8026C7F0,0000012C
8026C91C,00000134
8026CA50,00000044
8026CA94,00000078
8026CB0C,000003D4
8026CEE0,0000014C
8026D02C,00000078
8026D0A4,00000048
8026D0EC,00000098
8026D184,0000015C
8026D2E0,000000D4
8026D3B4,0000004C
8026D400,00000080
8026D480,00000080
8026D500,0000007C
8026D57C,0000004C
8026D5C8,00000010
8026D5D8,00000010
8026D5E8,00000010
8026D5F8,00000010
8026D608,00000010
8026D618,00000010
8026D628,00000004
8026D62C,00000008
8026D634,00000008
8026D63C,00000008
8026D644,00000008
8026D64C,00000008
8026D654,00000040
8026D694,00000044
8026D6D8,00000034
8026D70C,00000070
8026D77C,00000030
8026D7AC,00000068
8026D814,00000030
8026D844,00000058
8026D89C,00000030
8026D8CC,00000040
8026D90C,00000044
8026D950,0000003C
8026D98C,000000E4
8026DA70,00000068
8026DAD8,00000008
8026DAE0,00000018
8026DAF8,00000004
8026DAFC,00000030
8026DB2C,00000068
8026DB94,00000058
8026DBEC,00000048
8026DC34,00000290
8026DEC4,0000004C
8026DF10,00000044
8026DF54,00000040
8026DF94,0000003C
8026DFD0,00000098
8026E068,000000CC
8026E134,00000044
8026E178,00000048
8026E1C0,00000058
8026E218,0000004C
8026E264,00000058
8026E2BC,0000006C
8026E328,0000004C
8026E374,00000010
8026E384,00000010
8026E394,00000010
8026E3A4,00000010
8026E3B4,00000010
8026E3C4,00000010
8026E3D4,00000008
8026E3DC,00000008
8026E3E4,00000008
8026E3EC,00000050
8026E43C,00000008
8026E444,00000044
8026E488,00000040
8026E4C8,00000030
8026E4F8,00000068
8026E560,00000058
8026E5B8,00000098
8026E650,00000008
8026E658,00000018
8026E670,0000009C
8026E70C,00000018
8026E724,00000008
8026E72C,00000058
8026E784,00000054
8026E7D8,000000AC
8026E884,00000470
8026ECF4,00000040
8026ED34,00000048
8026ED7C,00000048
8026EDC4,00000070
8026EE34,00000018
8026EE4C,0000010C
8026EF58,0000006C
8026EFC4,0000006C
8026F030,000000F0
8026F120,00000108
8026F228,00000100
8026F328,00000094
8026F3BC,000000AC
8026F468,000000D0
8026F538,00000064
8026F59C,00000070
8026F60C,000000A0
8026F6AC,000000D8
8026F784,00000068
8026F7EC,00000118
8026F904,00000084
8026F988,00000080
8026FA08,0000009C
8026FAA4,00000010
8026FAB4,00000010
8026FAC4,00000010
8026FAD4,00000010
8026FAE4,00000010
8026FAF4,00000010
8026FB04,00000010
8026FB14,00000010
8026FB24,00000010
8026FB34,00000010
8026FB44,00000010
8026FB54,00000010
8026FB64,00000010
8026FB74,00000010
8026FB84,00000010
8026FB94,00000010
8026FBA4,0000003C
8026FBE0,00000008
8026FBE8,00000048
8026FC30,00000008
8026FC38,00000008
8026FC40,00000008
8026FC48,00000008
8026FC50,00000008
8026FC58,00000008
8026FC60,00000008
8026FC68,00000008
8026FC70,00000008
8026FC78,00000008
8026FC80,0000003C
8026FCBC,00000008
8026FCC4,00000004
8026FCC8,00000028
8026FCF0,00000040
8026FD30,00000030
8026FD60,00000040
8026FDA0,00000044
8026FDE4,00000030
8026FE14,00000058
8026FE6C,0000004C
8026FEB8,00000168
80270020,0000009C
802700BC,000001A0
8027025C,0000010C
80270368,0000007C
802703E4,00000070
80270454,0000003C
80270490,00000044
802704D4,00000010
802704E4,00000010
802704F4,00000010
80270504,00000010
80270514,00000010
80270524,00000008
8027052C,00000008
80270534,00000008
8027053C,00000004
80270540,00000008
80270548,00000030
80270578,00000068
802705E0,0000005C
8027063C,0000003C
80270678,0000005C
802706D4,00000260
80270934,0000006C
802709A0,00000074
80270A14,00000004
80270A18,000000C4
80270ADC,000000B0
80270B8C,00000090
80270C1C,000001AC
80270DC8,000000BC
80270E84,00000058
80270EDC,0000005C
80270F38,00000068
80270FA0,000000EC
8027108C,0000005C
802710E8,0000008C
80271174,0000006C
802711E0,000000A4
80271284,00000164
802713E8,00000104
802714EC,000000A4
80271590,0000005C
802715EC,0000006C
80271658,00000010
80271668,00000010
80271678,00000010
80271688,00000010
80271698,00000010
802716A8,00000010
802716B8,00000010
802716C8,00000010
802716D8,00000010
802716E8,00000010
802716F8,00000008
80271700,00000008
80271708,00000008
80271710,00000008
80271718,00000008
80271720,00000008
80271728,00000008
80271730,00000008
80271738,00000008
80271740,00000008
80271748,00000040
80271788,00000030
802717B8,00000068
80271820,00000058
80271878,00000064
802718DC,0000007C
80271958,000002DC
80271C34,00000008
80271C3C,00000164
80271DA0,00000114
80271EB4,000000C8
80271F7C,000000C8
80272044,00000078
802720BC,00000078
80272134,00000058
8027218C,00000054
802721E0,00000010
802721F0,00000010
80272200,00000010
80272210,00000010
80272220,00000010
80272230,00000010
80272240,00000010
80272250,00000008
80272258,00000008
80272260,00000008
80272268,00000008
80272270,00000008
80272278,00000008
80272280,00000044
802722C4,00000020
802722E4,00000014
802722F8,00000044
8027233C,00000508
80272844,00000048
8027288C,00000058
802728E4,00000068
8027294C,00000068
802729B4,00000028
802729DC,0000003C
80272A18,0000004C
80272A64,00000008
80272A6C,00000080
80272AEC,00000060
80272B4C,000000D0
80272C1C,0000004C
80272C68,0000005C
80272CC4,00000010
80272CD4,00000010
80272CE4,00000010
80272CF4,00000010
80272D04,00000010
80272D14,00000010
80272D24,00000010
80272D34,00000010
80272D44,0000000C
80272D50,00000008
80272D58,00000008
80272D60,00000008
80272D68,00000008
80272D70,0000004C
80272DBC,00000048
80272E04,00000008
80272E0C,00000040
80272E4C,00000030
80272E7C,00000068
80272EE4,00000058
80272F3C,00000048
80272F84,0000007C
80273000,00000790
80273790,000001A8
80273938,000001A4
80273ADC,000000B0
80273B8C,00000098
80273C24,000000C0
80273CE4,000000F8
80273DDC,000000A4
80273E80,000000D0
80273F50,00000060
80273FB0,0000004C
80273FFC,00000158
80274154,00000134
80274288,00000070
802742F8,00000104
802743FC,00000128
80274524,0000007C
802745A0,0000008C
8027462C,00000094
802746C0,000000C8
80274788,00000058
802747E0,00000050
80274830,000000A8
802748D8,00000010
802748E8,00000010
802748F8,00000010
80274908,00000010
80274918,00000010
80274928,00000010
80274938,00000010
80274948,00000010
80274958,00000010
80274968,00000010
80274978,00000010
80274988,00000010
80274998,00000010
802749A8,00000010
802749B8,00000010
802749C8,00000010
802749D8,00000008
802749E0,00000008
802749E8,00000008
802749F0,00000004
802749F4,00000008
802749FC,00000008
80274A04,00000008
80274A0C,00000008
80274A14,00000008
80274A1C,00000008
80274A24,00000008
80274A2C,00000008
80274A34,00000008
80274A3C,00000008
80274A44,00000004
80274A48,00000008
80274A50,00000040
80274A90,00000068
80274AF8,00000068
80274B60,00000030
80274B90,00000040
80274BD0,00000044
80274C14,00000030
80274C44,00000058
80274C9C,00000064
80274D00,00000108
80274E08,00000078
80274E80,00000080
80274F00,0000005C
80274F5C,000000CC
80275028,0000002C
80275054,0000013C
80275190,00000040
802751D0,00000004
802751D4,00000370
80275544,00000094
802755D8,00000010
802755E8,00000040
80275628,00000030
80275658,00000068
802756C0,00000030
802756F0,00000058
80275748,00000040
80275788,00000030
802757B8,00000040
802757F8,00000044
8027583C,00000048
80275884,00000204
80275A88,00000044
80275ACC,00000008
80275AD4,00000008
80275ADC,00000008
80275AE4,00000008
80275AEC,00000008
80275AF4,00000034
80275B28,00000008
80275B30,00000050
80275B80,00000070
80275BF0,000000C8
80275CB8,00000064
80275D1C,00000094
80275DB0,00000074
80275E24,00000064
80275E88,00000064
80275EEC,00000064
80275F50,00000064
80275FB4,00000010
80275FC4,00000010
80275FD4,00000010
80275FE4,00000010
80275FF4,00000010
80276004,00000010
80276014,00000010
80276024,00000010
80276034,00000010
80276044,0000004C
80276090,00000008
80276098,00000008
802760A0,00000008
802760A8,00000008
802760B0,00000008
802760B8,00000008
802760C0,00000008
802760C8,00000008
802760D0,00000030
80276100,00000068
80276168,00000058
802761C0,0000004C
8027620C,00000058
80276264,00000060
802762C4,00000040
80276304,00000078
8027637C,00000058
802763D4,00000130
80276504,000002D0
802767D4,000000E0
802768B4,00000004
802768B8,000000A4
8027695C,00000068
802769C4,00000030
802769F4,00000090
80276A84,00000038
80276ABC,00000050
80276B0C,000000D8
80276BE4,0000008C
80276C70,00000054
80276CC4,0000008C
80276D50,00000060
80276DB0,00000068
80276E18,00000064
80276E7C,00000078
80276EF4,00000078
80276F6C,000000FC
80277068,00000078
802770E0,0000007C
8027715C,00000010
8027716C,00000010
8027717C,00000010
8027718C,00000010
8027719C,00000010
802771AC,00000010
802771BC,00000010
802771CC,00000010
802771DC,00000010
802771EC,00000010
802771FC,00000010
8027720C,00000010
8027721C,00000008
80277224,00000008
8027722C,00000008
80277234,00000008
8027723C,00000008
80277244,00000008
8027724C,00000008
80277254,00000008
8027725C,00000008
80277264,00000008
8027726C,00000008
80277274,00000008
8027727C,00000040
802772BC,00000030
802772EC,00000040
8027732C,00000044
80277370,00000030
802773A0,00000058
802773F8,00000084
8027747C,00000040
802774BC,00000060
8027751C,000000CC
802775E8,00000004
802775EC,00000004
802775F0,000000B0
802776A0,0000000C
802776AC,00000020
802776CC,000000C8
80277794,00000058
802777EC,000000B4
802778A0,0000003C
802778DC,0000001C
802778F8,00000044
8027793C,00000030
8027796C,00000068
802779D4,00000058
80277A2C,000000A4
80277AD0,0000005C
80277B2C,00000050
80277B7C,00000080
80277BFC,00000054
80277C50,00000028
80277C78,00000028
80277CA0,00000068
80277D08,00000008
80277D10,00000008
80277D18,0000005C
80277D74,00000044
80277DB8,00000070
80277E28,00000064
80277E8C,0000009C
80277F28,00000110
80278038,00000094
802780CC,00000080
8027814C,00000004
80278150,000000AC
802781FC,00000098
80278294,00000020
802782B4,000000BC
80278370,0000004C
802783BC,00000080
8027843C,00000140
8027857C,0000028C
80278808,00000254
80278A5C,00000030
80278A8C,00000068
80278AF4,00000030
80278B24,00000068
80278B8C,00000008
80278B94,0000001C
80278BB0,00000008
80278BB8,0000001C
80278BD4,00000010
80278BE4,00000024
80278C08,00000084
80278C8C,00000050
80278CDC,0000003C
80278D18,00000064
80278D7C,00000058
80278DD4,00000058
80278E2C,00000018
80278E44,00000008
80278E4C,00000194
80278FE0,0000000C
80278FEC,00000080
8027906C,00000058
802790C4,0000004C
80279110,000003E0
802794F0,00000114
80279604,000000D8
802796DC,00000110
802797EC,0000007C
80279868,0000009C
80279904,00000060
80279964,00000054
802799B8,00000084
80279A3C,00000068
80279AA4,0000004C
80279AF0,00000058
80279B48,00000058
80279BA0,0000003C
80279BDC,00000010
80279BEC,00000010
80279BFC,00000010
80279C0C,00000010
80279C1C,00000008
80279C24,00000008
80279C2C,00000008
80279C34,00000008
80279C3C,0000005C
80279C98,000003DC
8027A074,00000074
8027A0E8,00000038
8027A120,00000070
8027A190,00000080
8027A210,000000D0
8027A2E0,000000AC
8027A38C,00000004
8027A390,00000074
8027A404,00000130
8027A534,00000104
8027A638,0000015C
8027A794,00000064
8027A7F8,00000090
8027A888,0000005C
8027A8E4,00000010
8027A8F4,00000010
8027A904,00000010
8027A914,00000010
8027A924,00000010
8027A934,00000010
8027A944,00000010
8027A954,00000010
8027A964,00000008
8027A96C,00000008
8027A974,00000008
8027A97C,00000044
8027A9C0,00000008
8027A9C8,00000008
8027A9D0,00000004
8027A9D4,00000004
8027A9D8,00000008
8027A9E0,00000008
8027A9E8,00000040
8027AA28,00000030
8027AA58,00000040
8027AA98,00000044
8027AADC,00000030
8027AB0C,00000058
8027AB64,0000003C
8027ABA0,00000170
8027AD10,00000070
8027AD80,000000EC
8027AE6C,00000058
8027AEC4,0000002C
8027AEF0,00000010
8027AF00,00000010
8027AF10,00000008
8027AF18,0000003C
8027AF54,00000080
8027AFD4,0000023C
8027B210,00000014
8027B224,00000060
8027B284,00000008
8027B28C,00000010
8027B29C,00000078
8027B314,00000068
8027B37C,00000008
8027B384,000000D8
8027B45C,000000B0
8027B50C,000000D4
8027B5E0,00000088
8027B668,000000B8
8027B720,000000A0
8027B7C0,0000008C
8027B84C,0000008C
8027B8D8,00000124
8027B9FC,0000012C
8027BB28,000000BC
8027BBE4,000000D8
8027BCBC,000001DC
8027BE98,000000B0
8027BF48,000000A4
8027BFEC,00000030
8027C01C,00000080
8027C09C,00000008
8027C0A4,0000017C
8027C220,00000044
8027C264,000000E4
8027C348,00000028
8027C370,00000008
8027C378,000000A4
8027C41C,00000004
8027C420,00000058
8027C478,0000006C
8027C4E4,00000010
8027C4F4,00000010
8027C504,00000010
8027C514,00000010
8027C524,00000010
8027C534,00000010
8027C544,00000010
8027C554,00000010
8027C564,00000010
8027C574,00000010
8027C584,00000008
8027C58C,00000008
8027C594,00000008
8027C59C,00000008
8027C5A4,00000008
8027C5AC,00000008
8027C5B4,00000008
8027C5BC,00000008
8027C5C4,00000008
8027C5CC,00000060
8027C62C,00000008
8027C634,00000008
8027C63C,00000008
8027C644,00000008
8027C64C,00000008
8027C654,00000008
8027C65C,00000008
8027C664,00000008
8027C66C,00000050
8027C6BC,00000244
8027C900,0000004C
8027C94C,00000088
8027C9D4,00000074
8027CA48,00000080
8027CAC8,0000007C
8027CB44,00000070
8027CBB4,00000004
8027CBB8,0000004C
8027CC04,00000010
8027CC14,00000010
8027CC24,00000010
8027CC34,00000010
8027CC44,00000010
8027CC54,00000010
8027CC64,00000004
8027CC68,00000040
8027CCA8,00000008
8027CCB0,00000004
8027CCB4,00000008
8027CCBC,00000008
8027CCC4,00000008
8027CCCC,00000008
8027CCD4,00000040
8027CD14,00000030
8027CD44,00000040
8027CD84,00000044
8027CDC8,00000030
8027CDF8,00000058
8027CE50,0000007C
8027CECC,0000014C
8027D018,000000C0
8027D0D8,000000C4
8027D19C,000000BC
8027D258,000000F8
8027D350,00000064
8027D3B4,00000068
8027D41C,00000058
8027D474,00000058
8027D4CC,0000002C
8027D4F8,000001CC
8027D6C4,00000054
8027D718,00000068
8027D780,000000B0
8027D830,000000D8
8027D908,000000E0
8027D9E8,00000118
8027DB00,000000F8
8027DBF8,000000A4
8027DC9C,00000074
8027DD10,000000F4
8027DE04,00000114
8027DF18,0000008C
8027DFA4,00000120
8027E0C4,0000007C
8027E140,00000058
8027E198,00000084
8027E21C,00000010
8027E22C,00000010
8027E23C,00000010
8027E24C,00000010
8027E25C,00000010
8027E26C,00000010
8027E27C,00000010
8027E28C,00000010
8027E29C,00000010
8027E2AC,00000010
8027E2BC,00000010
8027E2CC,00000010
8027E2DC,00000010
8027E2EC,00000008
8027E2F4,00000008
8027E2FC,00000008
8027E304,00000008
8027E30C,00000008
8027E314,00000008
8027E31C,00000008
8027E324,00000008
8027E32C,00000008
8027E334,00000008
8027E33C,00000008
8027E344,00000044
8027E388,00000008
8027E390,00000050
8027E3E0,000002EC
8027E6CC,00000080
8027E74C,0000000C
8027E758,0000007C
8027E7D4,00000184
8027E958,00000090
8027E9E8,000000AC
8027EA94,00000060
8027EAF4,00000054
8027EB48,00000034
8027EB7C,00000010
8027EB8C,00000010
8027EB9C,00000010
8027EBAC,00000008
8027EBB4,00000008
8027EBBC,00000008
8027EBC4,00000030
8027EBF4,00000040
8027EC34,00000044
8027EC78,00000030
8027ECA8,00000058
8027ED00,00000050
8027ED50,000000EC
8027EE3C,000000C4
8027EF00,00000084
8027EF84,00000078
8027EFFC,00000078
8027F074,00000078
8027F0EC,000000C4
8027F1B0,000000AC
8027F25C,00000058
8027F2B4,0000001C
8027F2D0,00000078
8027F348,0000003C
8027F384,0000048C
8027F810,000000AC
8027F8BC,00000120
8027F9DC,00000060
8027FA3C,000001C0
8027FBFC,000000CC
8027FCC8,000000B8
8027FD80,00000064
8027FDE4,00000110
8027FEF4,000000A8
8027FF9C,0000011C
802800B8,00000090
80280148,000000BC
80280204,000001FC
80280400,00000088
80280488,00000084
8028050C,000001A0
802806AC,00000114
802807C0,000000BC
8028087C,0000005C
802808D8,0000005C
80280934,00000058
8028098C,00000094
80280A20,00000010
80280A30,00000010
80280A40,00000010
80280A50,00000010
80280A60,00000010
80280A70,00000010
80280A80,00000010
80280A90,00000010
80280AA0,00000010
80280AB0,00000010
80280AC0,00000010
80280AD0,00000010
80280AE0,00000010
80280AF0,00000010
80280B00,00000010
80280B10,00000008
80280B18,00000008
80280B20,00000008
80280B28,00000008
80280B30,00000008
80280B38,00000008
80280B40,00000008
80280B48,00000008
80280B50,00000008
80280B58,00000008
80280B60,00000008
80280B68,00000008
80280B70,00000008
80280B78,00000008
80280B80,00000008
80280B88,00000098
80280C20,0000000C
80280C2C,00000074
80280CA0,00000020
80280CC0,00000004
80280CC4,00000114
80280DD8,00000118
80280EF0,000000D0
80280FC0,00000068
80281028,000000B4
802810DC,00000058
80281134,0000003C
80281170,00000010
80281180,00000010
80281190,00000010
802811A0,00000010
802811B0,00000008
802811B8,00000008
802811C0,00000008
802811C8,00000004
802811CC,00000080
8028124C,00000008
80281254,00000008
8028125C,00000010
8028126C,00000004
80281270,000000B0
80281320,00000048
80281368,0000004C
802813B4,0000004C
80281400,0000004C
8028144C,00000090
802814DC,00000068
80281544,00000064
802815A8,0000008C
80281634,000000B4
802816E8,0000008C
80281774,000000A0
80281814,0000009C
802818B0,000000AC
8028195C,000000A8
80281A04,000000A0
80281AA4,00000058
80281AFC,00000054
80281B50,00000010
80281B60,00000010
80281B70,00000010
80281B80,00000010
80281B90,00000010
80281BA0,00000010
80281BB0,00000010
80281BC0,00000008
80281BC8,00000008
80281BD0,00000008
80281BD8,00000008
80281BE0,00000008
80281BE8,00000008
80281BF0,00000008
80281BF8,00000060
80281C58,00000058
80281CB0,000000BC
80281D6C,00000428
80282194,00000038
802821CC,00000004
802821D0,00000148
80282318,00000008
80282320,00000100
80282420,0000003C
8028245C,00000054
802824B0,00000040
802824F0,000000D4
802825C4,000000CC
80282690,0000002C
802826BC,00000010
802826CC,00000010
802826DC,00000008
802826E4,0000000C
802826F0,00000040
80282730,00000030
80282760,00000040
802827A0,00000044
802827E4,00000030
80282814,00000068
8028287C,000000EC
80282968,0000005C
802829C4,00000098
80282A5C,00000040
80282A9C,00000040
80282ADC,000001FC
80282CD8,000000F4
80282DCC,0000000C
80282DD8,0000000C
80282DE4,000000C8
80282EAC,0000009C
80282F48,00000110
80283058,0000000C
80283064,00000108
8028316C,00000110
8028327C,0000000C
80283288,00000034
802832BC,00000010
802832CC,00000010
802832DC,00000010
802832EC,0000003C
80283328,0000003C
80283364,00000008
8028336C,00000030
8028339C,00000068
80283404,00000030
80283434,00000068
8028349C,00000030
802834CC,00000068
80283534,00000058
8028358C,00000058
802835E4,00000058
8028363C,00000058
80283694,000000E0
80283774,00000014
80283788,00000078
80283800,00000018
80283818,00000008
80283820,00000030
80283850,00000068
802838B8,00000058
80283910,0000036C
80283C7C,00000044
80283CC0,00000004
80283CC4,00000018
80283CDC,00000004
80283CE0,00000054
80283D34,0000008C
80283DC0,0000006C
80283E2C,000001AC
80283FD8,0000012C
80284104,00000004
80284108,00000090
80284198,00000044
802841DC,00000010
802841EC,00000010
802841FC,00000010
8028420C,00000010
8028421C,00000010
8028422C,00000004
80284230,00000008
80284238,00000008
80284240,00000008
80284248,00000008
80284250,00000008
80284258,00000008
80284260,00000058
802842B8,00000040
802842F8,00000030
80284328,00000068
80284390,00000030
802843C0,00000068
80284428,00000058
80284480,00000068
802844E8,00000044
8028452C,00000188
802846B4,00000038
802846EC,00000004
802846F0,00000068
80284758,000000E0
80284838,000000A0
802848D8,000000A8
80284980,0000005C
802849DC,00000034
80284A10,00000010
80284A20,00000010
80284A30,00000010
80284A40,00000008
80284A48,00000008
80284A50,00000008
80284A58,000000E8
80284B40,000002F0
80284E30,00000004
80284E34,000000C8
80284EFC,0000003C
80284F38,0000006C
80284FA4,00000008
80284FAC,0000004C
80284FF8,000000D8
802850D0,00000044
80285114,00000060
80285174,00000018
8028518C,00000008
80285194,00000008
8028519C,0000000C
802851A8,00000068
80285210,00000008
80285218,000000C8
802852E0,00000100
802853E0,00000088
80285468,00000078
802854E0,00000008
802854E8,000000F0
802855D8,00000144
8028571C,000001A0
802858BC,00000164
80285A20,000000B4
80285AD4,000000B4
80285B88,00000090
80285C18,00000008
80285C20,0000004C
80285C6C,000000A8
80285D14,0000006C
80285D80,00000008
80285D88,0000006C
80285DF4,00000078
80285E6C,00000030
80285E9C,00000010
80285EAC,00000010
80285EBC,00000010
80285ECC,00000010
80285EDC,00000010
80285EEC,00000010
80285EFC,00000010
80285F0C,00000010
80285F1C,00000010
80285F2C,00000010
80285F3C,00000010
80285F4C,00000008
80285F54,00000008
80285F5C,00000008
80285F64,00000008
80285F6C,00000004
80285F70,00000008
80285F78,00000008
80285F80,00000008
80285F88,00000004
80285F8C,00000030
80285FBC,00000030
80285FEC,00000068
80286054,0000005C
802860B0,00000058
80286108,00000274
8028637C,0000000C
80286388,00000088
80286410,000000A0
802864B0,00000054
80286504,00000120
80286624,00000004
80286628,000000AC
802866D4,00000090
80286764,00000238
8028699C,0000005C
802869F8,0000002C
80286A24,00000010
80286A34,00000010
80286A44,00000008
80286A4C,00000008
80286A54,00000054
80286AA8,00000078
80286B20,0000008C
80286BAC,0000020C
80286DB8,00000054
80286E0C,00000074
80286E80,0000007C
80286EFC,0000007C
80286F78,0000007C
80286FF4,0000007C
80287070,00000098
80287108,00000008
80287110,00000044
80287154,00000044
80287198,0000013C
802872D4,00000128
802873FC,0000009C
80287498,000000A0
80287538,000000B4
802875EC,000000C4
802876B0,00000054
80287704,00000010
80287714,00000010
80287724,00000010
80287734,00000010
80287744,00000010
80287754,00000010
80287764,00000010
80287774,00000008
8028777C,00000008
80287784,00000048
802877CC,00000008
802877D4,00000008
802877DC,00000008
802877E4,00000008
802877EC,00000040
8028782C,00000030
8028785C,00000068
802878C4,00000058
8028791C,0000003C
80287958,00000184
80287ADC,00000004
80287AE0,00000050
80287B30,00000058
80287B88,00000018
80287BA0,0000000C
80287BAC,000000B0
80287C5C,000001C4
80287E20,000000B0
80287ED0,00000080
80287F50,00000034
80287F84,000000BC
80288040,00000008
80288048,0000008C
802880D4,000000E4
802881B8,000000DC
80288294,00000078
8028830C,00000090
8028839C,00000120
802884BC,00000074
80288530,000000F4
80288624,000000B8
802886DC,000000C8
802887A4,00000098
8028883C,00000114
80288950,0000018C
80288ADC,0000006C
80288B48,00000058
80288BA0,00000058
80288BF8,0000003C
80288C34,0000005C
80288C90,00000044
80288CD4,00000010
80288CE4,00000010
80288CF4,00000010
80288D04,00000010
80288D14,00000010
80288D24,00000008
80288D2C,00000008
80288D34,00000008
80288D3C,00000008
80288D44,00000008
80288D4C,00000080
80288DCC,000000E0
80288EAC,00000338
802891E4,000000A4
80289288,0000007C
80289304,000000D0
802893D4,0000017C
80289550,000000FC
8028964C,000000AC
802896F8,000000E8
802897E0,00000118
802898F8,00000098
80289990,000000AC
80289A3C,000000D0
80289B0C,00000064
80289B70,000000B8
80289C28,0000010C
80289D34,000000C4
80289DF8,000000AC
80289EA4,000000AC
80289F50,0000008C
80289FDC,0000008C
8028A068,0000008C
8028A0F4,000000E4
8028A1D8,000000E8
8028A2C0,000001FC
8028A4BC,00000100
8028A5BC,0000008C
8028A648,000000CC
8028A714,00000080
8028A794,00000054
8028A7E8,00000070
8028A858,000001D4
8028AA2C,00000074
8028AAA0,000001C4
8028AC64,0000003C
8028ACA0,00000038
8028ACD8,00000084
8028AD5C,00000054
8028ADB0,000000CC
8028AE7C,00000010
8028AE8C,00000010
8028AE9C,00000010
8028AEAC,00000010
8028AEBC,00000010
8028AECC,00000010
8028AEDC,00000010
8028AEEC,00000010
8028AEFC,00000010
8028AF0C,00000010
8028AF1C,00000010
8028AF2C,00000010
8028AF3C,00000010
8028AF4C,00000010
8028AF5C,00000010
8028AF6C,00000010
8028AF7C,00000010
8028AF8C,00000010
8028AF9C,00000010
8028AFAC,00000010
8028AFBC,00000010
8028AFCC,00000010
8028AFDC,00000004
8028AFE0,00000008
8028AFE8,00000008
8028AFF0,00000008
8028AFF8,00000008
8028B000,00000030
8028B030,00000008
8028B038,00000008
8028B040,00000008
8028B048,00000008
8028B050,00000008
8028B058,00000008
8028B060,00000008
8028B068,00000008
8028B070,00000008
8028B078,00000008
8028B080,00000008
8028B088,00000008
8028B090,00000008
8028B098,00000008
8028B0A0,00000008
8028B0A8,00000008
8028B0B0,00000040
8028B0F0,00000068
8028B158,00000068
8028B1C0,0000005C
8028B21C,00000078
8028B294,00000270
8028B504,00000050
8028B554,0000002C
8028B580,00000138
8028B6B8,00000008
8028B6C0,00000064
8028B724,000000B0
8028B7D4,0000008C
8028B860,000001F4
8028BA54,000000BC
8028BB10,00000008
8028BB18,00000074
8028BB8C,00000014
8028BBA0,000000EC
8028BC8C,00000008
8028BC94,00000004
8028BC98,0000008C
8028BD24,00000004
8028BD28,0000009C
8028BDC4,0000005C
8028BE20,00000010
8028BE30,00000010
8028BE40,00000010
8028BE50,00000010
8028BE60,00000010
8028BE70,00000010
8028BE80,00000010
8028BE90,00000010
8028BEA0,00000004
8028BEA4,00000008
8028BEAC,00000008
8028BEB4,00000008
8028BEBC,00000008
8028BEC4,00000004
8028BEC8,00000008
8028BED0,00000008
8028BED8,00000008
8028BEE0,00000008
8028BEE8,00000008
8028BEF0,00000008
8028BEF8,00000008
8028BF00,00000008
8028BF08,00000008
8028BF10,00000008
8028BF18,00000040
8028BF58,00000030
8028BF88,00000040
8028BFC8,00000044
8028C00C,00000030
8028C03C,00000058
8028C094,00000094
8028C128,00000080
8028C1A8,00000038
8028C1E0,000001D0
8028C3B0,000000EC
8028C49C,000000F8
8028C594,0000028C
8028C820,00000008
8028C828,00000150
8028C978,0000008C
8028CA04,00000040
8028CA44,00000008
8028CA4C,00000008
8028CA54,00000028
8028CA7C,000000BC
8028CB38,00000078
8028CBB0,0000005C
8028CC0C,00000054
8028CC60,00000054
8028CCB4,00000080
8028CD34,00000064
8028CD98,000000B4
8028CE4C,0000005C
8028CEA8,00000070
8028CF18,00000060
8028CF78,00000090
8028D008,00000060
8028D068,0000006C
8028D0D4,0000006C
8028D140,0000014C
8028D28C,00000010
8028D29C,00000010
8028D2AC,00000010
8028D2BC,00000010
8028D2CC,00000010
8028D2DC,00000010
8028D2EC,00000010
8028D2FC,00000010
8028D30C,00000010
8028D31C,00000010
8028D32C,00000010
8028D33C,00000010
8028D34C,00000010
8028D35C,00000010
8028D36C,00000010
8028D37C,00000010
8028D38C,00000010
8028D39C,00000010
8028D3AC,00000008
8028D3B4,00000008
8028D3BC,00000008
8028D3C4,00000008
8028D3CC,00000008
8028D3D4,0000000C
8028D3E0,00000008
8028D3E8,00000008
8028D3F0,00000054
8028D444,00000008
8028D44C,00000008
8028D454,00000008
8028D45C,00000054
8028D4B0,00000008
8028D4B8,00000008
8028D4C0,00000008
8028D4C8,00000008
8028D4D0,00000008
8028D4D8,00000040
8028D518,00000030
8028D548,00000040
8028D588,00000044
8028D5CC,00000030
8028D5FC,0000003C
8028D638,000000DC
8028D714,00000058
8028D76C,00000044
8028D7B0,0000004C
8028D7FC,000000C8
8028D8C4,00000060
8028D924,000001AC
8028DAD0,0000000C
8028DADC,00000068
8028DB44,00000040
8028DB84,00000054
8028DBD8,00000070
8028DC48,0000009C
8028DCE4,000000D8
8028DDBC,00000054
8028DE10,0000003C
8028DE4C,00000058
8028DEA4,00000248
8028E0EC,00000040
8028E12C,00000068
8028E194,0000001C
8028E1B0,000000D0
8028E280,000000BC
8028E33C,000000C0
8028E3FC,00000068
8028E464,00000010
8028E474,00000010
8028E484,00000010
8028E494,00000010
8028E4A4,00000010
8028E4B4,00000010
8028E4C4,00000010
8028E4D4,00000010
8028E4E4,00000004
8028E4E8,00000008
8028E4F0,00000008
8028E4F8,00000008
8028E500,00000004
8028E504,00000008
8028E50C,00000008
8028E514,00000008
8028E51C,00000004
8028E520,00000040
8028E560,00000030
8028E590,00000040
8028E5D0,00000044
8028E614,00000030
8028E644,0000005C
8028E6A0,000000D4
8028E774,00000050
8028E7C4,00000178
8028E93C,0000002C
8028E968,00000010
8028E978,00000010
8028E988,00000008
8028E990,00000004
8028E994,00000030
8028E9C4,00000068
8028EA2C,00000058
8028EA84,00000060
8028EAE4,00000104
8028EBE8,0000005C
8028EC44,00000064
8028ECA8,00000120
8028EDC8,0000008C
8028EE54,0000005C
8028EEB0,00000034
8028EEE4,00000010
8028EEF4,00000010
8028EF04,00000010
8028EF14,00000008
8028EF1C,00000008
8028EF24,00000008
8028EF2C,00000044
8028EF70,00000208
8028F178,00000084
8028F1FC,00000058
8028F254,00000534
8028F788,000000A0
8028F828,0000003C
8028F864,00000294
8028FAF8,00000308
8028FE00,000000C4
8028FEC4,00000004
8028FEC8,00000054
8028FF1C,00000060
8028FF7C,000001A0
8029011C,00000130
8029024C,0000005C
802902A8,00000128
802903D0,0000000C
802903DC,00000008
802903E4,00000060
80290444,00000004
80290448,0000002C
80290474,0000010C
80290580,00000064
802905E4,00000054
80290638,000000F8
80290730,00000030
80290760,00000050
802907B0,000000D0
80290880,000000A0
80290920,0000008C
802909AC,000000FC
80290AA8,000000A0
80290B48,000000D4
80290C1C,000000A0
80290CBC,000000D0
80290D8C,000000D8
80290E64,000000D4
80290F38,000000A0
80290FD8,000000D4
802910AC,00000178
80291224,000001A8
802913CC,000000BC
80291488,0000012C
802915B4,0000008C
80291640,00000098
802916D8,00000008
802916E0,00000008
802916E8,00000008
802916F0,00000008
802916F8,00000008
80291700,00000008
80291708,00000008
80291710,00000008
80291718,00000008
80291720,00000008
80291728,00000008
80291730,00000008
80291738,00000008
80291740,00000008
80291748,00000008
80291750,00000030
80291780,00000040
802917C0,00000044
80291804,00000030
80291834,00000058
8029188C,000000E8
80291974,00000010
80291984,00000010
80291994,00000010
802919A4,00000010
802919B4,00000010
802919C4,00000010
802919D4,00000010
802919E4,00000010
802919F4,00000010
80291A04,00000010
80291A14,00000010
80291A24,00000010
80291A34,00000010
80291A44,00000010
80291A54,00000010
80291A64,00000044
80291AA8,00000078
80291B20,00000048
80291B68,0000007C
80291BE4,00000038
80291C1C,00000008
80291C24,0000006C
80291C90,00000008
80291C98,00000058
80291CF0,00000048
80291D38,00000058
80291D90,0000005C
80291DEC,000001A4
80291F90,00000068
80291FF8,0000010C
80292104,000000F8
802921FC,00000098
80292294,00000090
80292324,0000012C
80292450,000000D0
80292520,00000084
802925A4,000000AC
80292650,00000080
802926D0,00000034
80292704,00000048
8029274C,00000008
80292754,00000130
80292884,00000120
802929A4,000000A0
80292A44,0000005C
80292AA0,0000006C
80292B0C,00000010
80292B1C,00000010
80292B2C,00000010
80292B3C,00000010
80292B4C,00000010
80292B5C,00000010
80292B6C,00000010
80292B7C,00000010
80292B8C,00000010
80292B9C,00000010
80292BAC,00000008
80292BB4,00000008
80292BBC,00000008
80292BC4,00000008
80292BCC,00000008
80292BD4,00000008
80292BDC,00000008
80292BE4,00000008
80292BEC,00000008
80292BF4,00000008
80292BFC,0000003C
80292C38,000000FC
80292D34,00000038
80292D6C,00000034
80292DA0,0000005C
80292DFC,00000018
80292E14,00000054
80292E68,00000050
80292EB8,000000A4
80292F5C,00000270
802931CC,00000004
802931D0,00000030
80293200,000000D0
802932D0,000000B0
80293380,00000008
80293388,00000040
802933C8,00000030
802933F8,00000040
80293438,00000044
8029347C,00000030
802934AC,00000058
80293504,00000054
80293558,00000010
80293568,0000004C
802935B4,00000148
802936FC,00000068
80293764,000000A8
8029380C,0000005C
80293868,00000058
802938C0,00000018
802938D8,00000008
802938E0,000000C0
802939A0,000001A8
80293B48,00000004
80293B4C,00000074
80293BC0,000000C8
80293C88,00000048
80293CD0,0000003C
80293D0C,00000090
80293D9C,000000B0
80293E4C,0000005C
80293EA8,00000008
80293EB0,00000088
80293F38,00000054
80293F8C,00000170
802940FC,00000088
80294184,0000009C
80294220,0000007C
8029429C,000000DC
80294378,00000068
802943E0,00000098
80294478,000000D8
80294550,00000050
802945A0,00000054
802945F4,0000004C
80294640,00000058
80294698,00000050
802946E8,00000064
8029474C,00000050
8029479C,00000050
802947EC,00000058
80294844,00000060
802948A4,00000050
802948F4,0000004C
80294940,00000058
80294998,00000050
802949E8,0000004C
80294A34,00000080
80294AB4,00000074
80294B28,00000050
80294B78,0000007C
80294BF4,00000088
80294C7C,00000074
80294CF0,00000098
80294D88,000000BC
80294E44,00000050
80294E94,0000007C
80294F10,000000A8
80294FB8,00000054
8029500C,0000004C
80295058,0000007C
802950D4,000000A4
80295178,00000054
802951CC,00000060
8029522C,00000124
80295350,0000005C
802953AC,00000070
8029541C,00000160
8029557C,000000D4
80295650,0000013C
8029578C,0000004C
802957D8,000000B0
80295888,00000088
80295910,000001C4
80295AD4,00000014
80295AE8,00000044
80295B2C,000000D0
80295BFC,00000160
80295D5C,00000054
80295DB0,0000010C
80295EBC,000000BC
80295F78,0000005C
80295FD4,00000060
80296034,00000070
802960A4,00000054
802960F8,00000038
80296130,00000040
80296170,00000054
802961C4,00000018
802961DC,0000010C
802962E8,00000068
80296350,0000005C
802963AC,000000C4
80296470,00000010
80296480,00000010
80296490,00000010
802964A0,00000010
802964B0,00000010
802964C0,00000010
802964D0,00000010
802964E0,00000010
802964F0,00000010
80296500,00000010
80296510,00000010
80296520,00000010
80296530,00000010
80296540,00000010
80296550,00000010
80296560,00000010
80296570,00000010
80296580,00000010
80296590,00000010
802965A0,00000010
802965B0,00000010
802965C0,00000008
802965C8,00000008
802965D0,00000008
802965D8,00000008
802965E0,00000008
802965E8,00000008
802965F0,00000008
802965F8,00000008
80296600,00000008
80296608,00000050
80296658,00000008
80296660,00000008
80296668,00000008
80296670,00000008
80296678,00000008
80296680,00000008
80296688,00000008
80296690,00000008
80296698,00000008
802966A0,00000008
802966A8,00000008
802966B0,00000008
802966B8,00000008
802966C0,00000008
802966C8,00000008
802966D0,00000080
80296750,00000178
802968C8,00000004
802968CC,000000C4
80296990,000000F4
80296A84,0000004C
80296AD0,00000008
80296AD8,0000008C
80296B64,00000050
80296BB4,00000060
80296C14,000000D4
80296CE8,00000088
80296D70,00000074
80296DE4,0000005C
80296E40,0000007C
80296EBC,000000CC
80296F88,000000E8
80297070,0000005C
802970CC,0000010C
802971D8,0000005C
80297234,00000058
8029728C,00000008
80297294,00000094
80297328,0000005C
80297384,0000005C
802973E0,00000010
802973F0,00000010
80297400,00000010
80297410,00000010
80297420,00000010
80297430,00000010
80297440,00000010
80297450,00000010
80297460,00000008
80297468,00000008
80297470,00000008
80297478,00000010
80297488,00000008
80297490,00000008
80297498,00000004
8029749C,00000008
802974A4,0000006C
80297510,00000134
80297644,000000EC
80297730,00000054
80297784,00000008
8029778C,0000006C
802977F8,0000006C
80297864,00000068
802978CC,00000078
80297944,00000068
802979AC,0000002C
802979D8,00000060
80297A38,00000088
80297AC0,00000058
80297B18,000000E8
80297C00,0000015C
80297D5C,00000078
80297DD4,00000090
80297E64,00000088
80297EEC,0000006C
80297F58,0000009C
80297FF4,000000AC
802980A0,000000B8
80298158,00000008
80298160,00000008
80298168,00000004
8029816C,00000004
80298170,0000005C
802981CC,0000009C
80298268,00000010
80298278,00000010
80298288,00000010
80298298,00000010
802982A8,00000010
802982B8,00000010
802982C8,00000010
802982D8,00000010
802982E8,00000010
802982F8,00000010
80298308,00000010
80298318,00000010
80298328,00000010
80298338,00000010
80298348,00000010
80298358,00000010
80298368,00000004
8029836C,00000008
80298374,00000008
8029837C,00000044
802983C0,00000008
802983C8,00000008
802983D0,00000008
802983D8,00000008
802983E0,00000008
802983E8,00000008
802983F0,00000008
802983F8,00000008
80298400,00000008
80298408,00000008
80298410,00000054
80298464,00000004
80298468,00000014
8029847C,00000010
8029848C,000000BC
80298548,00000008
80298550,000001F8
80298748,00000004
8029874C,000000C4
80298810,00000120
80298930,00000008
80298938,00000060
80298998,00000008
802989A0,0000009C
80298A3C,00000074
80298AB0,00000060
80298B10,000000FC
80298C0C,000000D4
80298CE0,00000074
80298D54,00000078
80298DCC,00000060
80298E2C,000000E8
80298F14,0000000C
80298F20,0000005C
80298F7C,000000A0
8029901C,00000100
8029911C,00000088
802991A4,000000E4
80299288,000000C0
80299348,000000E4
8029942C,00000008
80299434,00000008
8029943C,0000006C
802994A8,00000008
802994B0,00000094
80299544,00000064
802995A8,00000010
802995B8,00000010
802995C8,00000010
802995D8,00000010
802995E8,00000010
802995F8,00000010
80299608,00000010
80299618,00000010
80299628,00000010
80299638,0000000C
80299644,00000008
8029964C,00000010
8029965C,00000008
80299664,00000008
8029966C,00000008
80299674,00000008
8029967C,00000008
80299684,00000008
8029968C,00000004
80299690,00000004
80299694,00000004
80299698,00000004
8029969C,00000030
802996CC,00000068
80299734,0000005C
80299790,00000094
80299824,0000005C
80299880,000000BC
8029993C,00000038
80299974,00000040
802999B4,0000007C
80299A30,00000020
80299A50,0000005C
80299AAC,00000018
80299AC4,00000008
80299ACC,00000018
80299AE4,000000F8
80299BDC,0000001C
80299BF8,00000010
80299C08,00000020
80299C28,00000054
80299C7C,00000088
80299D04,0000004C
80299D50,0000005C
80299DAC,000000C4
80299E70,00000060
80299ED0,0000002C
80299EFC,0000002C
80299F28,00000040
80299F68,00000044
80299FAC,00000044
80299FF0,00000030
8029A020,0000005C
8029A07C,00000050
8029A0CC,00000050
8029A11C,00000050
8029A16C,00000050
8029A1BC,00000068
8029A224,00000044
8029A268,00000058
8029A2C0,00000048
8029A308,00000128
8029A430,00000058
8029A488,0000000C
8029A494,00000170
8029A604,0000007C
8029A680,0000008C
8029A70C,0000005C
8029A768,0000017C
8029A8E4,00000058
8029A93C,0000002C
8029A968,00000004
8029A96C,00000078
8029A9E4,000004C4
8029AEA8,000000A8
8029AF50,000000C4
8029B014,00000074
8029B088,0000007C
8029B104,00000044
8029B148,00000124
8029B26C,00000084
8029B2F0,00000038
8029B328,00000034
8029B35C,00000008
8029B364,00000078
8029B3DC,0000009C
8029B478,000000F0
8029B568,000000E8
8029B650,0000009C
8029B6EC,0000006C
8029B758,00000128
8029B880,0000004C
8029B8CC,00000058
8029B924,00000054
8029B978,00000058
8029B9D0,00000010
8029B9E0,000000A0
8029BA80,00000028
8029BAA8,0000010C
8029BBB4,00000170
8029BD24,0000006C
8029BD90,00000054
8029BDE4,00000048
8029BE2C,00000010
8029BE3C,00000010
8029BE4C,00000010
8029BE5C,00000010
8029BE6C,00000004
8029BE70,00000008
8029BE78,00000008
8029BE80,00000008
8029BE88,00000040
8029BEC8,00000068
8029BF30,00000068
8029BF98,0000001C
8029BFB4,00000018
8029BFCC,00000018
8029BFE4,00000088
8029C06C,00000020
8029C08C,000000D4
8029C160,00000024
8029C184,0000001C
8029C1A0,000000A4
8029C244,0000006C
8029C2B0,0000002C
8029C2DC,00000020
8029C2FC,00000060
8029C35C,00000020
8029C37C,00000018
8029C394,0000005C
8029C3F0,00000544
8029C934,00000138
8029CA6C,00000004
8029CA70,0000001C
8029CA8C,00000044
8029CAD0,00000078
8029CB48,00000058
8029CBA0,00000004
8029CBA4,00000004
8029CBA8,00000100
8029CCA8,0000003C
8029CCE4,0000006C
8029CD50,0000005C
8029CDAC,0000000C
8029CDB8,00000054
8029CE0C,000000B0
8029CEBC,00000010
8029CECC,00000034
8029CF00,00000068
8029CF68,0000000C
8029CF74,0000020C
8029D180,00000040
8029D1C0,00000008
8029D1C8,00000008
8029D1D0,00000008
8029D1D8,00000004
8029D1DC,00000004
8029D1E0,00000050
8029D230,0000005C
8029D28C,00000014
8029D2A0,00000114
8029D3B4,00000040
8029D3F4,00000074
8029D468,0000000C
8029D474,00000098
8029D50C,00000058
8029D564,00000050
8029D5B4,000000B0
8029D664,0000009C
8029D700,00000114
8029D814,00000074
8029D888,00000040
8029D8C8,00000060
8029D928,0000006C
8029D994,000000E8
8029DA7C,000000A0
8029DB1C,00000044
8029DB60,00000058
8029DBB8,00000050
8029DC08,0000003C
8029DC44,00000030
8029DC74,00000034
8029DCA8,0000003C
8029DCE4,00000058
8029DD3C,00000014
8029DD50,00000080
8029DDD0,000001B4
8029DF84,000001A4
8029E128,000000B8
8029E1E0,00000014
8029E1F4,00000004
8029E1F8,00000068
8029E260,0000005C
8029E2BC,00000058
8029E314,0000005C
8029E370,00000054
8029E3C4,00000010
8029E3D4,00000010
8029E3E4,00000010
8029E3F4,00000010
8029E404,00000010
8029E414,00000010
8029E424,00000010
8029E434,00000050
8029E484,00000008
8029E48C,00000008
8029E494,00000008
8029E49C,00000064
8029E500,00000008
8029E508,0000005C
8029E564,00000004
8029E568,00000004
8029E56C,00000008
8029E574,00000050
8029E5C4,00000050
8029E614,00000138
8029E74C,00000088
8029E7D4,00000058
8029E82C,000000C0
8029E8EC,00000034
8029E920,0000024C
8029EB6C,000000F8
8029EC64,000000D8
8029ED3C,00000130
8029EE6C,000000E4
8029EF50,000000F8
8029F048,000000EC
8029F134,0000005C
8029F190,000000B8
8029F248,0000007C
8029F2C4,00000030
8029F2F4,00000114
8029F408,0000003C
8029F444,00000044
8029F488,0000007C
8029F504,00000054
8029F558,00000048
8029F5A0,00000080
8029F620,00000104
8029F724,000000D4
8029F7F8,000000E0
8029F8D8,00000074
8029F94C,0000004C
8029F998,0000005C
8029F9F4,0000003C
8029FA30,00000058
8029FA88,00000058
8029FAE0,0000003C
8029FB1C,0000004C
8029FB68,0000002C
8029FB94,0000002C
8029FBC0,00000030
8029FBF0,00000044
8029FC34,0000004C
8029FC80,0000004C
8029FCCC,00000010
8029FCDC,00000010
8029FCEC,00000010
8029FCFC,00000010
8029FD0C,00000010
8029FD1C,00000010
8029FD2C,00000008
8029FD34,00000008
8029FD3C,00000008
8029FD44,00000008
8029FD4C,00000008
8029FD54,00000004
8029FD58,00000008
8029FD60,00000004
8029FD64,00000008
8029FD6C,00000008
8029FD74,00000004
8029FD78,00000008
8029FD80,00000060
8029FDE0,00000070
8029FE50,00000028
8029FE78,00000094
8029FF0C,0000006C
8029FF78,0000004C
8029FFC4,00000008
8029FFCC,00000008
8029FFD4,00000010
8029FFE4,00000010
8029FFF4,00000010
802A0004,00000010
802A0014,00000010
802A0024,00000004
802A0028,0000010C
802A0134,00000088
802A01BC,000001F0
802A03AC,000001A8
802A0554,00000054
802A05A8,00000038
802A05E0,0000017C
802A075C,00000068
802A07C4,00000040
802A0804,00000040
802A0844,00000040
802A0884,00000040
802A08C4,00000054
802A0918,00000078
802A0990,0000000C
802A099C,0000000C
802A09A8,00000014
802A09BC,00000008
802A09C4,0000000C
802A09D0,0000000C
802A09DC,0000000C
802A09E8,0000000C
802A09F4,0000000C
802A0A00,0000000C
802A0A0C,0000000C
802A0A18,00000008
802A0A20,00000058
802A0A78,000000E8
802A0B60,00000088
802A0BE8,000000B4
802A0C9C,0000010C
802A0DA8,0000002C
802A0DD4,00000010
802A0DE4,00000014
802A0DF8,00000014
802A0E0C,00000014
802A0E20,00000014
802A0E34,00000014
802A0E48,00000014
802A0E5C,00000014
802A0E70,00000014
802A0E84,00000014
802A0E98,00000014
802A0EAC,00000010
802A0EBC,00000014
802A0ED0,00000018
802A0EE8,00000038
802A0F20,0000005C
802A0F7C,00000154
802A10D0,00000020
802A10F0,0000001C
802A110C,0000000C
802A1118,00000084
802A119C,00000028
802A11C4,00000040
802A1204,00000028
802A122C,000000A0
802A12CC,00000040
802A130C,00000020
802A132C,00000020
802A134C,00000020
802A136C,00000040
802A13AC,000000F0
802A149C,0000007C
802A1518,000000AC
802A15C4,00000070
802A1634,00000090
802A16C4,00000214
802A18D8,000000D4
802A19AC,000000F8
802A1AA4,00000010
802A1AB4,000000B0
802A1B64,000000B0
802A1C14,00000040
802A1C54,00000040
802A1C94,00000008
802A1C9C,00000008
802A1CA4,000000D8
802A1D7C,00000008
802A1D84,00000074
802A1DF8,00000008
802A1E00,00000008
802A1E08,00000098
802A1EA0,000002A4
802A2144,000000DC
802A2220,00000040
802A2260,00000068
802A22C8,00000068
802A2330,0000003C
802A236C,00000060
802A23CC,00000008
802A23D4,00000060
802A2434,00000058
802A248C,00000028
802A24B4,00000008
802A24BC,00000014
802A24D0,00000008
802A24D8,000000A0
802A2578,00000028
802A25A0,00000160
802A2700,00000014
802A2714,0000002C
802A2740,00000058
802A2798,00000044
802A27DC,0000007C
802A2858,00000200
802A2A58,00000050
802A2AA8,00000040
802A2AE8,000000A4
802A2B8C,00000050
802A2BDC,0000009C
802A2C78,00000008
802A2C80,00000008
802A2C88,00000108
802A2D90,0000019C
802A2F2C,0000001C
802A2F48,00000054
802A2F9C,00000008
802A2FA4,00000008
802A2FAC,00000010
802A2FBC,00000060
802A301C,00000090
802A30AC,00000094
802A3140,00000034
802A3174,0000006C
802A31E0,00000148
802A3328,000000C4
802A33EC,00000114
802A3500,00000018
802A3518,00000054
802A356C,0000007C
802A35E8,00000058
802A3640,0000003C
802A367C,00000010
802A368C,0000002C
802A36B8,00000028
802A36E0,00000008
802A36E8,00000050
802A3738,00000008
802A3740,00000018
802A3758,0000000C
802A3764,00000004
802A3768,00000020
802A3788,00000020
802A37A8,0000005C
802A3804,00000044
802A3848,000000E4
802A392C,0000004C
802A3978,00000054
802A39CC,000000A4
802A3A70,00000050
802A3AC0,00000084
802A3B44,0000005C
802A3BA0,0000007C
802A3C1C,00000120
802A3D3C,00000204
802A3F40,00000018
802A3F58,00000008
802A3F60,00000014
802A3F74,00000034
802A3FA8,00000008
802A3FB0,00000008
802A3FB8,0000004C
802A4004,00000008
802A400C,0000005C
802A4068,0000005C
802A40C4,000000B4
802A4178,00000088
802A4200,0000006C
802A426C,000003E4
802A4650,000000A8
802A46F8,00000184
802A487C,0000004C
802A48C8,00000088
802A4950,000002C8
802A4C18,00000044
802A4C5C,000000C8
802A4D24,00000274
802A4F98,00000230
802A51C8,00000070
802A5238,000000C4
802A52FC,0000010C
802A5408,0000004C
802A5454,00000074
802A54C8,00000180
802A5648,00000114
802A575C,00000008
802A5764,000000A0
802A5804,00000628
802A5E2C,0000007C
802A5EA8,000000B0
802A5F58,000000BC
802A6014,0000006C
802A6080,00000070
802A60F0,0000005C
802A614C,0000005C
802A61A8,00000010
802A61B8,00000010
802A61C8,00000010
802A61D8,00000010
802A61E8,00000010
802A61F8,00000010
802A6208,00000010
802A6218,00000010
802A6228,00000008
802A6230,00000008
802A6238,00000008
802A6240,00000008
802A6248,00000008
802A6250,00000008
802A6258,00000008
802A6260,00000008
802A6268,00000064
802A62CC,00000008
802A62D4,00000050
802A6324,00000010
802A6334,0000001C
802A6350,00000058
802A63A8,00000058
802A6400,0000008C
802A648C,000000B8
802A6544,00000020
802A6564,00000018
802A657C,00000014
802A6590,000000E0
802A6670,00000090
802A6700,000000A0
802A67A0,00000094
802A6834,000000D8
802A690C,000001F8
802A6B04,00000144
802A6C48,00000258
802A6EA0,000000B8
802A6F58,00000018
802A6F70,000000A0
802A7010,00000DFC
802A7E0C,00000090
802A7E9C,000001B8
802A8054,00000060
802A80B4,00000030
802A80E4,0000001C
802A8100,00000018
802A8118,0000005C
802A8174,00000014
802A8188,0000003C
802A81C4,00000084
802A8248,00000050
802A8298,00000034
802A82CC,00000050
802A831C,0000005C
802A8378,0000014C
802A84C4,00000018
802A84DC,00000018
802A84F4,000006A0
802A8B94,00000C84
802A9818,00000110
802A9928,000000B0
802A99D8,0000005C
802A9A34,00000030
802A9A64,0000020C
802A9C70,0000002C
802A9C9C,00000088
802A9D24,000002C8
802A9FEC,00000724
802AA710,000001E8
802AA8F8,00000100
802AA9F8,00000184
802AAB7C,0000029C
802AAE18,000000AC
802AAEC4,000001E8
802AB0AC,000000AC
802AB158,00000060
802AB1B8,00000038
802AB1F0,00000038
802AB228,00000130
802AB358,000000E4
802AB43C,0000009C
802AB4D8,000000E0
802AB5B8,00000168
802AB720,0000011C
802AB83C,000000BC
802AB8F8,00000084
802AB97C,0000021C
802ABB98,000000C0
802ABC58,000000D8
802ABD30,00000090
802ABDC0,00000060
802ABE20,00000318
802AC138,00000054
802AC18C,00000138
802AC2C4,00000138
802AC3FC,00000074
802AC470,0000000C
802AC47C,00000038
802AC4B4,00000070
802AC524,00000100
802AC624,00000790
802ACDB4,00000584
802AD338,000001E0
802AD518,0000024C
802AD764,00000404
802ADB68,00000340
802ADEA8,00000474
802AE31C,0000027C
802AE598,00000054
802AE5EC,0000006C
802AE658,00000020
802AE678,00000004
802AE67C,00000030
802AE6AC,000000A4
802AE750,00000100
802AE850,0000037C
802AEBCC,00000078
802AEC44,00000120
802AED64,00000698
802AF3FC,00000124
802AF520,00000040
802AF560,000000F0
802AF650,00000008
802AF658,00000008
802AF660,00000008
802AF668,00000080
802AF6E8,0000000C
802AF6F4,00000008
802AF6FC,00000060
802AF75C,00000018
802AF774,00000048
802AF7BC,000003A0
802AFB5C,00000040
802AFB9C,00000190
802AFD2C,00000054
802AFD80,000009D4
802B0754,00000128
802B087C,000001A4
802B0A20,000000E8
802B0B08,00000204
802B0D0C,0000010C
802B0E18,00000060
802B0E78,0000016C
802B0FE4,000002F4
802B12D8,00000160
802B1438,00000538
802B1970,00000040
802B19B0,00000234
802B1BE4,00000008
802B1BEC,000000A4
802B1C90,00000008
802B1C98,00000008
802B1CA0,00000008
802B1CA8,0000000C
802B1CB4,00000030
802B1CE4,00000104
802B1DE8,00000070
802B1E58,000001C8
802B2020,00000108
802B2128,0000012C
802B2254,000001D0
802B2424,0000002C
802B2450,00000064
802B24B4,00000040
802B24F4,0000005C
802B2550,00000418
802B2968,000000C0
802B2A28,000007F4
802B321C,00001084
802B42A0,00000024
802B42C4,00000014
802B42D8,0000000C
802B42E4,00000010
802B42F4,000000C8
802B43BC,0000004C
802B4408,00000120
802B4528,00000080
802B45A8,0000002C
802B45D4,00000078
802B464C,00000030
802B467C,0000006C
802B46E8,00000174
802B485C,00000010
802B486C,00000184
802B49F0,000001CC
802B4BBC,00000044
802B4C00,000001F8
802B4DF8,0000000C
802B4E04,00000068
802B4E6C,0000004C
802B4EB8,00000040
802B4EF8,00000040
802B4F38,00000040
802B4F78,00000040
802B4FB8,00000040
802B4FF8,00000120
802B5118,00000028
802B5140,00000010
802B5150,00000020
802B5170,0000006C
802B51DC,00000030
802B520C,000004A8
802B56B4,000001A0
802B5854,000000F4
802B5948,00000164
802B5AAC,00000100
802B5BAC,00000128
802B5CD4,00000090
802B5D64,000000C4
802B5E28,000000C0
802B5EE8,00000228
802B6110,0000027C
802B638C,00000034
802B63C0,00000344
802B6704,0000012C
802B6830,000001D4
802B6A04,0000006C
802B6A70,00000040
802B6AB0,00000030
802B6AE0,00000068
802B6B48,000000F8
802B6C40,00000014
802B6C54,00000018
802B6C6C,00000008
802B6C74,00000088
802B6CFC,000000B8
802B6DB4,0000009C
802B6E50,0000016C
802B6FBC,00000240
802B71FC,000001A4
802B73A0,000000DC
802B747C,000000CC
802B7548,000000E4
802B762C,0000003C
802B7668,00000020
802B7688,00000024
802B76AC,00000018
802B76C4,00000110
802B77D4,00000174
802B7948,0000010C
802B7A54,00000044
802B7A98,00000138
802B7BD0,00000084
802B7C54,00000160
802B7DB4,000001D0
802B7F84,00000134
802B80B8,0000006C
802B8124,00000030
802B8154,00000004
802B8158,0000005C
802B81B4,00000030
802B81E4,00000010
802B81F4,0000006C
802B8260,00000084
802B82E4,00000014
802B82F8,00000014
802B830C,00000010
802B831C,00000010
802B832C,00000008
802B8334,00000008
802B833C,000001D8
802B8514,00000168
802B867C,0000006C
802B86E8,000000E0
802B87C8,0000006C
802B8834,00000204
802B8A38,0000012C
802B8B64,00000128
802B8C8C,000000C0
802B8D4C,0000019C
802B8EE8,0000006C
802B8F54,0000008C
802B8FE0,0000004C
802B902C,00000008
802B9034,00000008
802B903C,00000008
802B9044,00000048
802B908C,00000008
802B9094,00000008
802B909C,00000028
802B90C4,00000158
802B921C,000000A0
802B92BC,000000FC
802B93B8,000000F4
802B94AC,0000000C
802B94B8,00000930
802B9DE8,0000011C
802B9F04,00000304
802BA208,0000006C
802BA274,000002B8
802BA52C,0000021C
802BA748,0000006C
802BA7B4,00000004
802BA7B8,000000A4
802BA85C,000000DC
802BA938,000000B8
802BA9F0,0000086C
802BB25C,0000006C
802BB2C8,0000002C
802BB2F4,00000044
802BB338,000000D8
802BB410,00000088
802BB498,0000009C
802BB534,00000044
802BB578,000000C0
802BB638,0000000C
802BB644,0000005C
802BB6A0,00000174
802BB814,00000084
802BB898,00000094
802BB92C,000000F8
802BBA24,000000DC
802BBB00,00000004
802BBB04,00000158
802BBC5C,0000006C
802BBCC8,00000058
802BBD20,00000188
802BBEA8,000001D8
802BC080,000000EC
802BC16C,000004F8
802BC664,0000001C
802BC680,000000A4
802BC724,000001E0
802BC904,00000070
802BC974,0000027C
802BCBF0,00000054
802BCC44,00000058
802BCC9C,00000178
802BCE14,0000006C
802BCE80,00000124
802BCFA4,000001F4
802BD198,000000A4
802BD23C,00000094
802BD2D0,000000E0
802BD3B0,00000130
802BD4E0,00000060
802BD540,0000000C
802BD54C,00000010
802BD55C,0000006C
802BD5C8,00000050
802BD618,0000002C
802BD644,00000378
802BD9BC,000001B4
802BDB70,00000848
802BE3B8,000000A4
802BE45C,0000006C
802BE4C8,0000014C
802BE614,00000460
802BEA74,00000224
802BEC98,000002C0
802BEF58,0000006C
802BEFC4,0000017C
802BF140,00000050
802BF190,00000014
802BF1A4,000000E8
802BF28C,0000028C
802BF518,00000078
802BF590,00000010
802BF5A0,000000D8
802BF678,00000720
802BFD98,000003C8
802C0160,00000230
802C0390,0000006C
802C03FC,00000240
802C063C,00000194
802C07D0,000000F0
802C08C0,000001D8
802C0A98,00000130
802C0BC8,00000180
802C0D48,00000038
802C0D80,00000020
802C0DA0,0000005C
802C0DFC,00000024
802C0E20,000004C4
802C12E4,00000140
802C1424,00000230
802C1654,000000BC
802C1710,000000A0
802C17B0,000002E0
802C1A90,0000005C
802C1AEC,00000208
802C1CF4,000000D0
802C1DC4,00000138
802C1EFC,00000248
802C2144,000001EC
802C2330,000002E8
802C2618,00000110
802C2728,000003C8
802C2AF0,00000004
802C2AF4,00000350
802C2E44,0000006C
802C2EB0,00000060
802C2F10,00000324
802C3234,00000004
802C3238,00000004
802C323C,00000148
802C3384,00000340
802C36C4,000000BC
802C3780,00000074
802C37F4,000000B0
802C38A4,000003B4
802C3C58,00000014
802C3C6C,00000014
802C3C80,000000B4
802C3D34,0000006C
802C3DA0,0000002C
802C3DCC,00000008
802C3DD4,000000D0
802C3EA4,0000003C
802C3EE0,00000014
802C3EF4,00000018
802C3F0C,0000000C
802C3F18,0000000C
802C3F24,0000005C
802C3F80,00000070
802C3FF0,0000005C
802C404C,0000005C
802C40A8,0000005C
802C4104,0000000C
802C4110,0000000C
802C411C,0000000C
802C4128,00000014
802C413C,00000014
802C4150,00000014
802C4164,00000014
802C4178,00000014
802C418C,00000014
802C41A0,00000014
802C41B4,00000014
802C41C8,00000014
802C41DC,00000014
802C41F0,00000014
802C4204,00000014
802C4218,0000003C
802C4254,0000006C
802C42C0,00000748
802C4A08,0000004C
802C4A54,0000004C
802C4AA0,0000006C
802C4B0C,0000002C
802C4B38,000000BC
802C4BF4,00000048
802C4C3C,000000AC
802C4CE8,00000018
802C4D00,0000008C
802C4D8C,00000204
802C4F90,0000006C
802C4FFC,000006E0
802C56DC,00000210
802C58EC,00000128
802C5A14,00000070
802C5A84,0000006C
802C5AF0,000000B0
802C5BA0,000000A0
802C5C40,0000016C
802C5DAC,000000F0
802C5E9C,00000100
802C5F9C,00000044
802C5FE0,0000000C
802C5FEC,00000474
802C6460,00000298
802C66F8,000001E4
802C68DC,00000080
802C695C,000000CC
802C6A28,0000006C
802C6A94,000003B0
802C6E44,00000110
802C6F54,0000038C
802C72E0,00000838
802C7B18,0000006C
802C7B84,00000218
802C7D9C,000000E4
802C7E80,000003C0
802C8240,00000004
802C8244,00000008
802C824C,00000080
802C82CC,00000104
802C83D0,000000BC
802C848C,000002FC
802C8788,00000180
802C8908,000000E8
802C89F0,000000C0
802C8AB0,000001D0
802C8C80,000001BC
802C8E3C,000001B4
802C8FF0,0000006C
802C905C,000000C0
802C911C,00000138
802C9254,000000FC
802C9350,00000074
802C93C4,0000006C
802C9430,00000134
802C9564,00000080
802C95E4,00000088
802C966C,00000088
802C96F4,00000064
802C9758,00000350
802C9AA8,00000218
802C9CC0,00000164
802C9E24,000002F8
802CA11C,0000008C
802CA1A8,0000006C
802CA214,00000110
802CA324,000003BC
802CA6E0,0000006C
802CA74C,00000040
802CA78C,0000023C
802CA9C8,0000001C
802CA9E4,000000F0
802CAAD4,00000080
802CAB54,000000C0
802CAC14,00000068
802CAC7C,0000001C
802CAC98,00000160
802CADF8,000000CC
802CAEC4,000000D8
802CAF9C,0000070C
802CB6A8,00000178
802CB820,000000A8
802CB8C8,0000022C
802CBAF4,00000044
802CBB38,000003D8
802CBF10,00000194
802CC0A4,0000005C
802CC100,00000088
802CC188,00000008
802CC190,00000008
802CC198,00000008
802CC1A0,00000174
802CC314,000001B0
802CC4C4,00000140
802CC604,00000038
802CC63C,000000BC
802CC6F8,00000058
802CC750,00000040
802CC790,00000024
802CC7B4,00000010
802CC7C4,000002E8
802CCAAC,00000018
802CCAC4,00000068
802CCB2C,000001A4
802CCCD0,000001FC
802CCECC,00000138
802CD004,0000019C
802CD1A0,00000174
802CD314,000000DC
802CD3F0,000000CC
802CD4BC,00000054
802CD510,0000006C
802CD57C,00000068
802CD5E4,000000C0
802CD6A4,0000009C
802CD740,000000E0
802CD820,00000080
802CD8A0,0000007C
802CD91C,00000048
802CD964,0000007C
802CD9E0,00000074
802CDA54,0000006C
802CDAC0,00000044
802CDB04,00000044
802CDB48,00000060
802CDBA8,00000050
802CDBF8,000001BC
802CDDB4,00000308
802CE0BC,00000098
802CE154,00000384
802CE4D8,00000078
802CE550,000001E8
802CE738,00000070
802CE7A8,0000006C
802CE814,00000034
802CE848,00000044
802CE88C,00000050
802CE8DC,00000050
802CE92C,00000004
802CE930,00000008
802CE938,00000008
802CE940,00000004
802CE944,0000005C
802CE9A0,00000048
802CE9E8,000000A4
802CEA8C,00000068
802CEAF4,000000A0
802CEB94,0000006C
802CEC00,00000054
802CEC54,000001BC
802CEE10,00000448
802CF258,00000114
802CF36C,00000220
802CF58C,000001FC
802CF788,00000274
802CF9FC,00000248
802CFC44,000000E4
802CFD28,000000B8
802CFDE0,00000374
802D0154,00000100
802D0254,00000064
802D02B8,00000BC0
802D0E78,0000050C
802D1384,00000098
802D141C,00000048
802D1464,00000048
802D14AC,00000048
802D14F4,00000040
802D1534,00000078
802D15AC,00000008
802D15B4,00000100
802D16B4,000000A0
802D1754,00000310
802D1A64,00000024
802D1A88,000000DC
802D1B64,000000D8
802D1C3C,00000088
802D1CC4,00000098
802D1D5C,000000BC
802D1E18,000002A8
802D20C0,00000678
802D2738,000002CC
802D2A04,000009C8
802D33CC,00000088
802D3454,00001438
802D488C,000000D8
802D4964,00000430
802D4D94,0000006C
802D4E00,00000024
802D4E24,00000124
802D4F48,0000009C
802D4FE4,0000006C
802D5050,000000A4
802D50F4,0000022C
802D5320,00000080
802D53A0,000001B4
802D5554,000001B0
802D5704,0000017C
802D5880,00000098
802D5918,00000098
802D59B0,000000EC
802D5A9C,00000070
802D5B0C,00000250
802D5D5C,0000005C
802D5DB8,00000070
802D5E28,00000180
802D5FA8,00000454
802D63FC,0000006C
802D6468,00000058
802D64C0,00000048
802D6508,00000064
802D656C,0000006C
802D65D8,00000054
802D662C,00000034
802D6660,000000A0
802D6700,00000008
802D6708,00000054
802D675C,00000054
802D67B0,000000B0
802D6860,000000E0
802D6940,000005C4
802D6F04,000000D4
802D6FD8,00000008
802D6FE0,00000090
802D7070,00000048
802D70B8,000000C8
802D7180,000000B4
802D7234,00000138
802D736C,00000134
802D74A0,00000064
802D7504,000001B0
802D76B4,000000F0
802D77A4,000000DC
802D7880,000003F8
802D7C78,00000060
802D7CD8,00000130
802D7E08,00000098
802D7EA0,0000004C
802D7EEC,00000014
802D7F00,000000D0
802D7FD0,00000008
802D7FD8,00000008
802D7FE0,00000008
802D7FE8,00000008
802D7FF0,00000008
802D7FF8,000000F4
802D80EC,00000054
802D8140,00000128
802D8268,000000B4
802D831C,0000014C
802D8468,0000006C
802D84D4,000000C8
802D859C,0000005C
802D85F8,00000058
802D8650,00000064
802D86B4,000000CC
802D8780,00000350
802D8AD0,0000006C
802D8B3C,00000014
802D8B50,0000004C
802D8B9C,00000030
802D8BCC,00000070
802D8C3C,00000118
802D8D54,0000006C
802D8DC0,00000014
802D8DD4,000000BC
802D8E90,0000004C
802D8EDC,00000080
802D8F5C,000000C8
802D9024,00000118
802D913C,0000006C
802D91A8,000000A4
802D924C,000000C0
802D930C,00000068
802D9374,000000D4
802D9448,00000164
802D95AC,000001D8
802D9784,00000080
802D9804,0000006C
802D9870,00000138
802D99A8,000000CC
802D9A74,000000B4
802D9B28,000005B0
802DA0D8,0000006C
802DA144,00000098
802DA1DC,00000098
802DA274,00000060
802DA2D4,000000F8
802DA3CC,00000094
802DA460,000001E0
802DA640,0000005C
802DA69C,0000006C
802DA708,00000040
802DA748,000001DC
802DA924,00000050
802DA974,000000D0
802DAA44,000000A0
802DAAE4,00000118
802DABFC,0000088C
802DB488,0000006C
802DB4F4,000000BC
802DB5B0,00000064
802DB614,000000BC
802DB6D0,00000160
802DB830,000003D8
802DBC08,0000006C
802DBC74,00000080
802DBCF4,0000003C
802DBD30,00000148
802DBE78,00000154
802DBFCC,00000120
802DC0EC,00000234
802DC320,00000178
802DC498,0000006C
802DC504,00000498
802DC99C,000004AC
802DCE48,000007C4
802DD60C,00000124
802DD730,00000028
802DD758,00000028
802DD780,000000B8
802DD838,00000040
802DD878,000000C4
802DD93C,000000C4
802DDA00,000000AC
802DDAAC,000000F0
802DDB9C,0000008C
802DDC28,00000080
802DDCA8,00000080
802DDD28,00000458
802DE180,000000DC
802DE25C,00000090
802DE2EC,00000188
802DE474,00000018
802DE48C,00000058
802DE4E4,00000034
802DE518,0000005C
802DE574,00000034
802DE5A8,0000006C
802DE614,00000008
802DE61C,00000008
802DE624,00000070
802DE694,00000168
802DE7FC,0000024C
802DEA48,00000058
802DEAA0,0000006C
802DEB0C,0000005C
802DEB68,00000088
802DEBF0,0000011C
802DED0C,00000080
802DED8C,00000150
802DEEDC,00000B14
802DF9F0,00000050
802DFA40,00000248
802DFC88,00000004
802DFC8C,00000350
802DFFDC,00000298
802E0274,000000F0
802E0364,00000004
802E0368,00000100
802E0468,000000DC
802E0544,00000180
802E06C4,00000CDC
802E13A0,00000008
802E13A8,000000CC
802E1474,0000004C
802E14C0,00000058
802E1518,00000008
802E1520,00000008
802E1528,00000028
802E1550,0000023C
802E178C,000000A0
802E182C,00000034
802E1860,00000D20
802E2580,0000025C
802E27DC,0000035C
802E2B38,00000220
802E2D58,00000218
802E2F70,00000068
802E2FD8,000000FC
802E30D4,00000290
802E3364,00000014
802E3378,00000014
802E338C,0000013C
802E34C8,000000B4
802E357C,000000DC
802E3658,00000100
802E3758,00000160
802E38B8,00000118
802E39D0,00000340
802E3D10,00000160
802E3E70,00000590
802E4400,0000000C
802E440C,00000064
802E4470,00000184
802E45F4,000000B0
802E46A4,00000CB0
802E5354,00000004
802E5358,00000260
802E55B8,0000024C
802E5804,000000F0
802E58F4,00000390
802E5C84,00000894
802E6518,00000C20
802E7138,00000110
802E7248,00000084
802E72CC,00000010
802E72DC,00000054
802E7330,00000040
802E7370,00000380
802E76F0,00000D50
802E8440,00000098
802E84D8,00000054
802E852C,00000050
802E857C,000000B4
802E8630,0000006C
802E869C,0000008C
802E8728,00000070
802E8798,00000038
802E87D0,00000058
802E8828,0000000C
802E8834,0000000C
802E8840,00000010
802E8850,0000000C
802E885C,0000000C
802E8868,00000010
802E8878,0000000C
802E8884,00000010
802E8894,0000000C
802E88A0,00000018
802E88B8,00000018
802E88D0,00000018
802E88E8,00000018
802E8900,00000018
802E8918,00000018
802E8930,00000070
802E89A0,0000006C
802E8A0C,00000068
802E8A74,00000088
802E8AFC,0000000C
802E8B08,00000010
802E8B18,000000A4
802E8BBC,00000028
802E8BE4,00000028
802E8C0C,00000010
802E8C1C,00000060
802E8C7C,00000068
802E8CE4,00000074
802E8D58,00000060
802E8DB8,00000010
802E8DC8,0000000C
802E8DD4,00000060
802E8E34,00000074
802E8EA8,00000074
802E8F1C,00000034
802E8F50,00000010
802E8F60,00000038
802E8F98,00000020
802E8FB8,00000010
802E8FC8,00000184
802E914C,00000010
802E915C,0000002C
802E9188,00000010
802E9198,00000010
802E91A8,00000010
802E91B8,0000000C
802E91C4,00000068
802E922C,00000014
802E9240,00000010
802E9250,0000001C
802E926C,00000008
802E9274,00000008
802E927C,00000008
802E9284,00000008
802E928C,00000008
802E9294,00000008
802E929C,00000008
802E92A4,00000008
802E92AC,0000000C
802E92B8,0000000C
802E92C4,00000044
802E9308,0000000C
802E9314,0000000C
802E9320,0000000C
802E932C,0000000C
802E9338,0000005C
802E9394,0000000C
802E93A0,00000010
802E93B0,00000010
802E93C0,00000010
802E93D0,00000010
802E93E0,00000010
802E93F0,00000010
802E9400,00000010
802E9410,00000010
802E9420,000000F4
802E9514,00000010
802E9524,00000010
802E9534,0000004C
802E9580,00000038
802E95B8,00000108
802E96C0,00000014
802E96D4,00000088
802E975C,0000009C
802E97F8,00000010
802E9808,00000068
802E9870,00000044
802E98B4,00000004
802E98B8,000000E4
802E999C,0000006C
802E9A08,00001A24
802EB42C,00000224
802EB650,0000006C
802EB6BC,00000060
802EB71C,000002C4
802EB9E0,0000006C
802EBA4C,00000060
802EBAAC,00000114
802EBBC0,000002E0
802EBEA0,00000344
802EC1E4,000000A8
802EC28C,000000E0
802EC36C,000000C4
802EC430,00000168
802EC598,0000006C
802EC604,000001CC
802EC7D0,00000038
802EC808,000007EC
802ECFF4,00000044
802ED038,00000010
802ED048,00000004
802ED04C,00000080
802ED0CC,000000D8
802ED1A4,00000270
802ED414,00000364
802ED778,000000A0
802ED818,0000006C
802ED884,00000014
802ED898,0000009C
802ED934,000000E4
802EDA18,0000007C
802EDA94,00000078
802EDB0C,00000058
802EDB64,000002C8
802EDE2C,00000430
802EE25C,00000230
802EE48C,00000A84
802EEF10,0000006C
802EEF7C,00000044
802EEFC0,00000044
802EF004,000000A0
802EF0A4,00000190
802EF234,00000070
802EF2A4,0000004C
802EF2F0,00000228
802EF518,000007D4
802EFCEC,000000C0
802EFDAC,0000006C
802EFE18,00000008
802EFE20,0000006C
802EFE8C,00000064
802EFEF0,00000094
802EFF84,000000B0
802F0034,0000006C
802F00A0,00000094
802F0134,000000E4
802F0218,000000AC
802F02C4,00000104
802F03C8,000000A4
802F046C,00000114
802F0580,00000694
802F0C14,00000078
802F0C8C,00000058
802F0CE4,000001EC
802F0ED0,00000040
802F0F10,00000094
802F0FA4,000001F8
802F119C,00000074
802F1210,000003E4
802F15F4,0000006C
802F1660,00000024
802F1684,00000028
802F16AC,0000006C
802F1718,000000A8
802F17C0,0000004C
802F180C,00000178
802F1984,00000744
802F20C8,00000194
802F225C,0000006C
802F22C8,00000008
802F22D0,000000C8
802F2398,000000A8
802F2440,000001B8
802F25F8,000000FC
802F26F4,000000DC
802F27D0,0000003C
802F280C,0000000C
802F2818,00000094
802F28AC,0000001C
802F28C8,00000008
802F28D0,0000006C
802F293C,000000C4
802F2A00,00000060
802F2A60,00000050
802F2AB0,00000078
802F2B28,00000124
802F2C4C,00000064
802F2CB0,000000BC
802F2D6C,0000006C
802F2DD8,00000900
802F36D8,00000074
802F374C,00000070
802F37BC,0000001C
802F37D8,00000034
802F380C,00000238
802F3A44,00000050
802F3A94,00000078
802F3B0C,00000044
802F3B50,000000D0
802F3C20,000000B4
802F3CD4,0000006C
802F3D40,00000024
802F3D64,000000D8
802F3E3C,000000B8
802F3EF4,00000054
802F3F48,00000044
802F3F8C,0000009C
802F4028,000000A8
802F40D0,0000001C
802F40EC,00000054
802F4140,00000028
802F4168,0000006C
802F41D4,00000004
802F41D8,00000044
802F421C,000000B4
802F42D0,000000D0
802F43A0,00000034
802F43D4,000001BC
802F4590,000000F8
802F4688,00000294
802F491C,000000A0
802F49BC,0000006C
802F4A28,00000008
802F4A30,00000084
802F4AB4,00000044
802F4AF8,00000054
802F4B4C,00000008
802F4B54,00000034
802F4B88,00000134
802F4CBC,00000114
802F4DD0,0000006C
802F4E3C,0000004C
802F4E88,00000008
802F4E90,0000004C
802F4EDC,0000012C
802F5008,00000008
802F5010,00000060
802F5070,0000008C
802F50FC,0000006C
802F5168,00000014
802F517C,0000002C
802F51A8,00000174
802F531C,000000A8
802F53C4,000000B0
802F5474,00000070
802F54E4,00000060
802F5544,000000AC
802F55F0,00000058
802F5648,00000120
802F5768,000000D8
802F5840,00000074
802F58B4,000000F4
802F59A8,00000134
802F5ADC,00000048
802F5B24,000000C8
802F5BEC,0000051C
802F6108,000001B8
802F62C0,00000750
802F6A10,000000AC
802F6ABC,000001E0
802F6C9C,0000022C
802F6EC8,00000344
802F720C,00000070
802F727C,000002FC
802F7578,0000006C
802F75E4,00000008
802F75EC,0000002C
802F7618,000000FC
802F7714,000002BC
802F79D0,00000294
802F7C64,000000F4
802F7D58,00000060
802F7DB8,0000000C
802F7DC4,000000B4
802F7E78,00000104
802F7F7C,00000090
802F800C,00000194
802F81A0,00000A84
802F8C24,00000280
802F8EA4,000000C0
802F8F64,00000760
802F96C4,00000310
802F99D4,0000006C
802F9A40,0000004C
802F9A8C,00000078
802F9B04,0000005C
802F9B60,00000088
802F9BE8,00000180
802F9D68,00000170
802F9ED8,000001FC
802FA0D4,00000020
802FA0F4,00000968
802FAA5C,00000160
802FABBC,00001F50
802FCB0C,00000414
802FCF20,000000DC
802FCFFC,00000814
802FD810,0000039C
802FDBAC,00000394
802FDF40,00000050
802FDF90,0000064C
802FE5DC,00000488
802FEA64,000000A8
802FEB0C,00000398
802FEEA4,0000017C
802FF020,00000124
802FF144,000001B4
802FF2F8,00000004
802FF2FC,0000007C
802FF378,00000220
802FF598,00000174
802FF70C,00000068
802FF774,000002C8
802FFA3C,00000060
802FFA9C,00000100
802FFB9C,000000A0
802FFC3C,000000A4
802FFCE0,00000154
802FFE34,00000348
8030017C,000003D4
80300550,000001B0
80300700,00000080
80300780,000001EC
8030096C,000000C4
80300A30,0000086C
8030129C,000000A0
8030133C,00000044
80301380,000000D8
80301458,000000AC
80301504,00000088
8030158C,00000018
803015A4,0000022C
803017D0,000000C4
80301894,0000010C
803019A0,00000198
80301B38,000000C4
80301BFC,000000D0
80301CCC,00000064
80301D30,000000EC
80301E1C,00000098
80301EB4,000000CC
80301F80,00000238
803021B8,000000CC
80302284,00000008
8030228C,00000070
803022FC,0000006C
80302368,0000006C
803023D4,00000114
803024E8,0000006C
80302554,00000084
803025D8,00000030
80302608,00000064
8030266C,00000060
803026CC,00000060
8030272C,00000030
8030275C,00000050
803027AC,00000054
80302800,00000030
80302830,0000002C
8030285C,0000002C
80302888,00000030
803028B8,000000C0
80302978,0000004C
803029C4,0000002C
803029F0,00000038
80302A28,00000030
80302A58,0000002C
80302A84,0000002C
80302AB0,00000060
80302B10,00000030
80302B40,00000038
80302B78,00000054
80302BCC,00000040
80302C0C,00000054
80302C60,00000054
80302CB4,00000080
80302D34,00000148
80302E7C,00000030
80302EAC,000000B8
80302F64,00000050
80302FB4,000000C4
80303078,000000B4
8030312C,00000038
80303164,000000DC
80303240,000000E4
80303324,00000098
803033BC,00000004
803033C0,00000038
803033F8,0000005C
80303454,00000034
80303488,00000050
803034D8,0000002C
80303504,00000068
8030356C,00000028
80303594,00000028
803035BC,00000054
80303610,00000038
80303648,00000114
8030375C,000000BC
80303818,000000CC
803038E4,00000058
8030393C,00000060
8030399C,0000002C
803039C8,0000003C
80303A04,00000004
80303A08,0000002C
80303A34,00000028
80303A5C,0000004C
80303AA8,0000003C
80303AE4,0000004C
80303B30,0000002C
80303B5C,000002A8
80303E04,00000040
80303E44,00000038
80303E7C,00000058
80303ED4,0000004C
80303F20,00000078
80303F98,000000C8
80304060,00000098
803040F8,00000080
80304178,00000060
803041D8,0000002C
80304204,00000024
80304228,00000030
80304258,00000084
803042DC,000000B0
8030438C,00000074
80304400,00000138
80304538,0000014C
80304684,00000054
803046D8,00000194
8030486C,0000006C
803048D8,00000080
80304958,00000098
803049F0,0000029C
80304C8C,00000FD8
80305C64,000000A8
80305D0C,0000006C
80305D78,00000024
80305D9C,0000002C
80305DC8,0000018C
80305F54,000005C4
80306518,0000006C
80306584,000000D0
80306654,0000012C
80306780,00000110
80306890,00000528
80306DB8,000001D0
80306F88,00000974
803078FC,00000088
80307984,0000019C
80307B20,00000198
80307CB8,00000500
803081B8,0000010C
803082C4,000002A4
80308568,00000130
80308698,0000011C
803087B4,0000006C
80308820,0000003C
8030885C,0000000C
80308868,00000010
80308878,0000005C
803088D4,00000064
80308938,00000190
80308AC8,00000140
80308C08,000000C0
80308CC8,00000308
80308FD0,0000029C
8030926C,000001EC
80309458,000003F8
80309850,000000CC
8030991C,0000006C
80309988,00000014
8030999C,00000048
803099E4,0000006C
80309A50,00000074
80309AC4,000000B8
80309B7C,000001BC
80309D38,000000EC
80309E24,000000A4
80309EC8,00000520
8030A3E8,00000098
8030A480,0000006C
8030A4EC,000002E8
8030A7D4,0000004C
8030A820,000000E4
8030A904,0000010C
8030AA10,00000008
8030AA18,00000200
8030AC18,0000006C
8030AC84,00000160
8030ADE4,000001C8
8030AFAC,0000006C
8030B018,00000058
8030B070,000000C8
8030B138,000000C4
8030B1FC,00000008
8030B204,00000034
8030B238,00000220
8030B458,000004B0
8030B908,00000020
8030B928,00000048
8030B970,00000298
8030BC08,000001E8
8030BDF0,00000048
8030BE38,00000064
8030BE9C,00000008
8030BEA4,00000200
8030C0A4,00000048
8030C0EC,00000008
8030C0F4,0000023C
8030C330,0000003C
8030C36C,0000003C
8030C3A8,000000E8
8030C490,00000168
8030C5F8,00000054
8030C64C,00000118
8030C764,00000334
8030CA98,0000006C
8030CB04,0000009C
8030CBA0,00000078
8030CC18,00000060
8030CC78,00000044
8030CCBC,00000070
8030CD2C,00000084
8030CDB0,000000C4
8030CE74,00000088
8030CEFC,000000CC
8030CFC8,00000044
8030D00C,00000094
8030D0A0,00000094
8030D134,000001EC
8030D320,00000008
8030D328,00000044
8030D36C,0000006C
8030D3D8,000000F0
8030D4C8,0000015C
8030D624,00000220
8030D844,0000006C
8030D8B0,0000008C
8030D93C,000000A8
8030D9E4,0000010C
8030DAF0,0000001C
8030DB0C,00000054
8030DB60,00000010
8030DB70,00000074
8030DBE4,00000008
8030DBEC,000001DC
8030DDC8,00000248
8030E010,00000090
8030E0A0,00000114
8030E1B4,000000A4
8030E258,00000198
8030E3F0,000002B4
8030E6A4,0000024C
8030E8F0,00000140
8030EA30,00000008
8030EA38,000001E8
8030EC20,000000F0
8030ED10,000000DC
8030EDEC,000000AC
8030EE98,00000178
8030F010,00000200
8030F210,00000178
8030F388,00000220
8030F5A8,00000088
8030F630,00000108
8030F738,00000458
8030FB90,0000006C
8030FBFC,00000010
8030FC0C,00000008
8030FC14,00000068
8030FC7C,000000AC
8030FD28,00000048
8030FD70,00000054
8030FDC4,000000A0
8030FE64,000000EC
8030FF50,0000006C
8030FFBC,00000198
80310154,00000128
8031027C,00000054
803102D0,000000C4
80310394,00000214
803105A8,00000180
80310728,00000120
80310848,00000250
80310A98,00000200
80310C98,00000448
803110E0,00000400
803114E0,0000006C
8031154C,00000248
80311794,0000001C
803117B0,00000054
80311804,00000064
80311868,000000EC
80311954,0000005C
803119B0,00000038
803119E8,00000060
80311A48,0000006C
80311AB4,00000008
80311ABC,000002B0
80311D6C,000000D4
80311E40,0000006C
80311EAC,00000178
80312024,00000058
8031207C,0000007C
803120F8,0000006C
80312164,00000028
8031218C,0000007C
80312208,000000C8
803122D0,00000074
80312344,00000058
8031239C,00000058
803123F4,00000038
8031242C,00000050
8031247C,000000EC
80312568,00000054
803125BC,00000004
803125C0,0000006C
8031262C,00000048
80312674,0000005C
803126D0,00000074
80312744,00000060
803127A4,000000A0
80312844,0000007C
803128C0,0000006C
8031292C,0000005C
80312988,00000058
803129E0,00000070
80312A50,0000029C
80312CEC,0000074C
80313438,000000B8
803134F0,000000E8
803135D8,00000134
8031370C,000000C0
803137CC,00000208
803139D4,00000044
80313A18,000000DC
80313AF4,00000368
80313E5C,00000090
80313EEC,00000250
8031413C,00000098
803141D4,00000148
8031431C,000003BC
803146D8,0000018C
80314864,000000D8
8031493C,000000F4
80314A30,0000001C
80314A4C,00000034
80314A80,00000034
80314AB4,00000014
80314AC8,00000010
80314AD8,00000004
80314ADC,00000058
80314B34,00000118
80314C4C,0000006C
80314CB8,00000088
80314D40,00000014
80314D54,00000058
80314DAC,00000070
80314E1C,00000160
80314F7C,0000005C
80314FD8,00000054
8031502C,0000009C
803150C8,00000040
80315108,00000058
80315160,00000058
803151B8,00000080
80315238,00000088
803152C0,00000198
80315458,00000008
80315460,00000008
80315468,00000050
803154B8,00000008
803154C0,00000004
803154C4,00000004
803154C8,0000004C
80315514,0000003C
80315550,00000058
803155A8,00000004
803155AC,00000004
803155B0,00000140
803156F0,0000006C
8031575C,00000044
803157A0,00000004
803157A4,00000004
803157A8,00000034
803157DC,0000018C
80315968,00000058
803159C0,00000038
803159F8,0000006C
80315A64,0000000C
80315A70,000001A4
80315C14,0000006C
80315C80,00000044
80315CC4,0000006C
80315D30,00000034
80315D64,000001BC
80315F20,00000078
80315F98,00000038
80315FD0,0000006C
8031603C,0000000C
80316048,0000000C
80316054,0000021C
80316270,00000078
803162E8,0000005C
80316344,0000006C
803163B0,0000004C
803163FC,00000034
80316430,000001D4
80316604,00000070
80316674,0000005C
803166D0,0000006C
8031673C,000000D8
80316814,00000054
80316868,00000070
803168D8,00000160
80316A38,00000068
80316AA0,00000134
80316BD4,000000AC
80316C80,000000C8
80316D48,00000048
80316D90,00000048
80316DD8,00000068
80316E40,00000018
80316E58,00000018
80316E70,00000018
80316E88,0000010C
80316F94,00000054
80316FE8,000002A4
8031728C,00000040
803172CC,00000034
80317300,00000028
80317328,00000078
803173A0,00000038
803173D8,0000005C
80317434,0000007C
803174B0,0000007C
8031752C,00000034
80317560,00000040
803175A0,00000040
803175E0,00000034
80317614,00000058
8031766C,00000018
80317684,00000044
803176C8,00000050
80317718,00000050
80317768,000001A4
8031790C,00000070
8031797C,0000009C
80317A18,000000B4
80317ACC,000000FC
80317BC8,00000034
80317BFC,0000001C
80317C18,00000024
80317C3C,00000134
80317D70,0000009C
80317E0C,00000060
80317E6C,00000034
80317EA0,00000044
80317EE4,00000058
80317F3C,00000094
80317FD0,00000084
80318054,0000008C
803180E0,00000164
80318244,000000AC
803182F0,000000D8
803183C8,000000B0
80318478,00000088
80318500,00000054
80318554,000000E0
80318634,000000B4
803186E8,00000024
8031870C,0000006C
80318778,00000070
803187E8,0000014C
80318934,00000078
803189AC,00000260
80318C0C,000000DC
80318CE8,00000080
80318D68,00000034
80318D9C,00000044
80318DE0,00000008
80318DE8,00000014
80318DFC,00000130
80318F2C,0000019C
803190C8,00000054
8031911C,00000074
80319190,000000AC
8031923C,00000044
80319280,00000064
803192E4,0000001C
80319300,00000028
80319328,0000004C
80319374,00000038
803193AC,00000080
8031942C,00000094
803194C0,0000008C
8031954C,00000084
803195D0,00000034
80319604,00000008
8031960C,00000008
80319614,00000018
8031962C,0000001C
80319648,0000005C
803196A4,000000AC
80319750,00000080
803197D0,00000028
803197F8,00000070
80319868,00000050
803198B8,0000000C
803198C4,0000001C
803198E0,0000000C
803198EC,000000E8
803199D4,0000003C
80319A10,00000040
80319A50,00000010
80319A60,00000040
80319AA0,00000040
80319AE0,00000034
80319B14,00000044
80319B58,0000006C
80319BC4,00000010
80319BD4,00000010
80319BE4,0000001C
80319C00,00000010
80319C10,00000054
80319C64,0000007C
80319CE0,0000002C
80319D0C,00000044
80319D50,00000008
80319D58,00000030
80319D88,00000010
80319D98,00000010
80319DA8,00000018
80319DC0,0000002C
80319DEC,0000002C
80319E18,0000002C
80319E44,00000050
80319E94,00000050
80319EE4,00000028
80319F0C,00000030
80319F3C,00000028
80319F64,00000010
80319F74,00000018
80319F8C,00000038
80319FC4,00000008
80319FCC,00000008
80319FD4,00000008
80319FDC,0000002C
8031A008,00000028
8031A030,00000040
8031A070,00000010
8031A080,00000010
8031A090,00000010
8031A0A0,00000010
8031A0B0,00000010
8031A0C0,00000010
8031A0D0,00000040
8031A110,00000040
8031A150,00000040
8031A190,00000044
8031A1D4,00000010
8031A1E4,00000040
8031A224,00000010
8031A234,00000038
8031A26C,00000034
8031A2A0,0000002C
8031A2CC,00000044
8031A310,00000008
8031A318,00000008
8031A320,00000010
8031A330,00000048
8031A378,00000048
8031A3C0,00000048
8031A408,0000002C
8031A434,00000028
8031A45C,00000030
8031A48C,0000002C
8031A4B8,00000030
8031A4E8,00000040
8031A528,00000040
8031A568,00000170
8031A6D8,000004E0
8031ABB8,0000007C
8031AC34,00000088
8031ACBC,00000018
8031ACD4,00000018
8031ACEC,00000030
8031AD1C,0000001C
8031AD38,00000074
8031ADAC,00000074
8031AE20,00000014
8031AE34,000000A0
8031AED4,00000054
8031AF28,0000006C
8031AF94,0000004C
8031AFE0,0000001C
8031AFFC,000000F4
8031B0F0,00000068
8031B158,0000004C
8031B1A4,00000194
8031B338,00000018
8031B350,00000054
8031B3A4,0000005C
8031B400,0000007C
8031B47C,00000008
8031B484,00000008
8031B48C,0000019C
8031B628,00000070
8031B698,00000060
8031B6F8,00000050
8031B748,00000050
8031B798,00000034
8031B7CC,00000038
8031B804,0000009C
8031B8A0,00000094
8031B934,00000048
8031B97C,00000094
8031BA10,0000013C
8031BB4C,00000110
8031BC5C,00000054
8031BCB0,0000005C
8031BD0C,0000006C
8031BD78,00000040
8031BDB8,00000090
8031BE48,00000040
8031BE88,00000094
8031BF1C,0000000C
8031BF28,0000004C
8031BF74,00000040
8031BFB4,000000A4
8031C058,00000080
8031C0D8,00000070
8031C148,000000D8
8031C220,000000A4
8031C2C4,0000000C
8031C2D0,00000054
8031C324,00000008
8031C32C,0000001C
8031C348,0000001C
8031C364,0000005C
8031C3C0,00000130
8031C4F0,00000088
8031C578,00000008
8031C580,000000AC
8031C62C,00000004
8031C630,00000078
8031C6A8,00000044
8031C6EC,00000018
8031C704,000000C8
8031C7CC,000000C8
8031C894,000000C8
8031C95C,000000BC
8031CA18,000000D8
8031CAF0,000000BC
8031CBAC,000000D8
8031CC84,0000011C
8031CDA0,00000088
8031CE28,000000C8
8031CEF0,000000D4
8031CFC4,000000CC
8031D090,00000130
8031D1C0,00000080
8031D240,000000CC
8031D30C,000000D8
8031D3E4,00000158
8031D53C,00000034
8031D570,00000084
8031D5F4,00000080
8031D674,0000009C
8031D710,000000C4
8031D7D4,000000C0
8031D894,0000006C
8031D900,0000000C
8031D90C,00000010
8031D91C,00000010
8031D92C,00000010
8031D93C,00000010
8031D94C,00000040
8031D98C,00000024
8031D9B0,00000254
8031DC04,00000074
8031DC78,000000A0
8031DD18,00000008
8031DD20,00000094
8031DDB4,000001AC
8031DF60,00000154
8031E0B4,000000E0
8031E194,00000098
8031E22C,00000070
8031E29C,000000D0
8031E36C,00000118
8031E484,00000074
8031E4F8,00000174
8031E66C,00000038
8031E6A4,00000050
8031E6F4,00000048
8031E73C,00000008
8031E744,000000F0
8031E834,0000013C
8031E970,000000C0
8031EA30,0000008C
8031EABC,000001C8
8031EC84,00000094
8031ED18,000000D0
8031EDE8,000000B0
8031EE98,000001CC
8031F064,000000A0
8031F104,00000050
8031F154,000000F8
8031F24C,00000088
8031F2D4,00000058
8031F32C,00000050
8031F37C,000000C4
8031F440,00000058
8031F498,000000B0
8031F548,0000006C
8031F5B4,00000118
8031F6CC,0000006C
8031F738,00000180
8031F8B8,00000264
8031FB1C,000000C0
8031FBDC,000000DC
8031FCB8,00000058
8031FD10,00000204
8031FF14,000000C4
8031FFD8,00000068
80320040,000000DC
8032011C,0000009C
803201B8,00000198
80320350,0000008C
803203DC,0000011C
803204F8,000000D4
803205CC,000000F8
803206C4,00000028
803206EC,00000054
80320740,000001FC
8032093C,000000A8
803209E4,00000104
80320AE8,000000AC
80320B94,000000E8
80320C7C,000000FC
80320D78,0000004C
80320DC4,00000058
80320E1C,00000010
80320E2C,00000054
80320E80,00000008
80320E88,00000058
80320EE0,0000005C
80320F3C,00000054
80320F90,00000010
80320FA0,00000010
80320FB0,00000010
80320FC0,00000010
80320FD0,00000010
80320FE0,00000010
80320FF0,00000010
80321000,00000008
80321008,00000008
80321010,00000008
80321018,00000008
80321020,00000040
80321060,00000008
80321068,00000008
80321070,00000008
80321078,000000A8
80321120,00000008
80321128,0000014C
80321274,000000C4
80321338,000001B0
803214E8,00000098
80321580,000000C4
80321644,00000228
8032186C,00000074
803218E0,0000008C
8032196C,0000015C
80321AC8,000001E0
80321CA8,0000010C
80321DB4,00000230
80321FE4,0000005C
80322040,000000F0
80322130,00000088
803221B8,000001E0
80322398,00000160
803224F8,00000180
80322678,00000074
803226EC,000002B4
803229A0,000001F4
80322B94,0000005C
80322BF0,0000008C
80322C7C,00000010
80322C8C,00000010
80322C9C,00000010
80322CAC,00000010
80322CBC,00000010
80322CCC,00000008
80322CD4,00000008
80322CDC,00000008
80322CE4,0000005C
80322D40,00000004
80322D44,00000018
80322D5C,000000A8
80322E04,00000274
80323078,00000084
803230FC,000000CC
803231C8,00000068
80323230,00000130
80323360,000000D8
80323438,000000D4
8032350C,000000DC
803235E8,000000C0
803236A8,00000254
803238FC,00000048
80323944,0000001C
80323960,00000128
80323A88,0000009C
80323B24,000002F8
80323E1C,0000016C
80323F88,000001DC
80324164,00000344
803244A8,000000A4
8032454C,0000005C
803245A8,00000064
8032460C,00000010
8032461C,00000010
8032462C,00000010
8032463C,00000010
8032464C,00000010
8032465C,00000010
8032466C,00000010
8032467C,00000010
8032468C,00000010
8032469C,00000008
803246A4,00000008
803246AC,00000008
803246B4,00000008
803246BC,00000008
803246C4,00000008
803246CC,00000008
803246D4,00000008
803246DC,00000008
803246E4,00000054
80324738,000000C4
803247FC,00000010
8032480C,00000038
80324844,00000094
803248D8,00000004
803248DC,00000048
80324924,00000204
80324B28,00000070
80324B98,00000048
80324BE0,000000FC
80324CDC,00000080
80324D5C,00000018
80324D74,00000008
80324D7C,00000030
80324DAC,00000068
80324E14,0000005C
80324E70,0000005C
80324ECC,0000005C
80324F28,00000084
80324FAC,00000160
8032510C,00000050
8032515C,00000068
803251C4,000000D4
80325298,0000046C
80325704,00000224
80325928,0000005C
80325984,00000034
803259B8,00000010
803259C8,00000010
803259D8,00000010
803259E8,00000044
80325A2C,00000008
80325A34,00000008
80325A3C,0000004C
80325A88,000000BC
80325B44,000002B8
80325DFC,00000010
80325E0C,0000005C
80325E68,00000070
80325ED8,0000007C
80325F54,00000078
80325FCC,00000080
8032604C,00000094
803260E0,000000A0
80326180,000001B0
80326330,00000098
803263C8,0000008C
80326454,00000074
803264C8,000000AC
80326574,000001D8
8032674C,00000374
80326AC0,000000C4
80326B84,00000080
80326C04,00000080
80326C84,00000080
80326D04,000000B4
80326DB8,00000084
80326E3C,00000350
8032718C,0000005C
803271E8,000001A4
8032738C,00000114
803274A0,000000DC
8032757C,0000001C
80327598,00000094
8032762C,00000194
803277C0,0000009C
8032785C,000000B8
80327914,0000005C
80327970,00000084
803279F4,00000010
80327A04,00000010
80327A14,00000010
80327A24,00000010
80327A34,00000010
80327A44,00000010
80327A54,00000010
80327A64,00000010
80327A74,00000010
80327A84,00000010
80327A94,00000010
80327AA4,00000010
80327AB4,00000010
80327AC4,00000008
80327ACC,00000008
80327AD4,00000008
80327ADC,00000008
80327AE4,00000008
80327AEC,00000004
80327AF0,00000008
80327AF8,00000008
80327B00,00000008
80327B08,00000008
80327B10,00000008
80327B18,00000008
80327B20,00000008
80327B28,00000020
80327B48,00000008
80327B50,00000114
80327C64,000000C4
80327D28,00000040
80327D68,00000128
80327E90,000000C4
80327F54,0000017C
803280D0,00000040
80328110,00000078
80328188,00000030
803281B8,00000068
80328220,0000005C
8032827C,0000005C
803282D8,00000088
80328360,000001D4
80328534,00000048
8032857C,00000210
8032878C,00000008
80328794,0000000C
803287A0,00000134
803288D4,000004B0
80328D84,000000D0
80328E54,00000220
80329074,00000064
803290D8,00000014
803290EC,00000030
8032911C,00000068
80329184,0000005C
803291E0,00000058
80329238,000000D0
80329308,000004E4
803297EC,00000038
80329824,00000014
80329838,000000C4
803298FC,0000009C
80329998,00000148
80329AE0,00000104
80329BE4,00000210
80329DF4,00000170
80329F64,00000278
8032A1DC,000000EC
8032A2C8,0000008C
8032A354,000000B8
8032A40C,000000BC
8032A4C8,000000A4
8032A56C,00000098
8032A604,0000041C
8032AA20,00000214
8032AC34,00000070
8032ACA4,00000050
8032ACF4,00000050
8032AD44,0000004C
8032AD90,00000034
8032ADC4,0000004C
8032AE10,00000074
8032AE84,00000094
8032AF18,00000040
8032AF58,00000040
8032AF98,0000005C
8032AFF4,00000094
8032B088,00000010
8032B098,00000010
8032B0A8,00000010
8032B0B8,00000010
8032B0C8,00000010
8032B0D8,00000010
8032B0E8,00000010
8032B0F8,00000010
8032B108,00000010
8032B118,00000010
8032B128,00000010
8032B138,00000010
8032B148,00000010
8032B158,00000010
8032B168,00000010
8032B178,00000008
8032B180,00000008
8032B188,00000008
8032B190,00000008
8032B198,00000008
8032B1A0,00000008
8032B1A8,00000008
8032B1B0,00000008
8032B1B8,00000008
8032B1C0,00000008
8032B1C8,00000008
8032B1D0,00000008
8032B1D8,00000008
8032B1E0,00000040
8032B220,00000008
8032B228,0000001C
8032B244,000000C4
8032B308,00000080
8032B388,000000F0
8032B478,000000A0
8032B518,000001EC
8032B704,00000058
8032B75C,00000068
8032B7C4,00000058
8032B81C,0000006C
8032B888,00000104
8032B98C,0000009C
8032BA28,000001B8
8032BBE0,000000CC
8032BCAC,00000154
8032BE00,00000090
8032BE90,0000027C
8032C10C,00000008
8032C114,00000150
8032C264,000002C0
8032C524,000000A4
8032C5C8,000000B8
8032C680,000001AC
8032C82C,00000224
8032CA50,00000130
8032CB80,000000D0
8032CC50,000002B8
8032CF08,000001A8
8032D0B0,0000011C
8032D1CC,00000098
8032D264,00000088
8032D2EC,000000D0
8032D3BC,00000054
8032D410,0000005C
8032D46C,00000054
8032D4C0,00000010
8032D4D0,00000010
8032D4E0,00000010
8032D4F0,00000010
8032D500,00000010
8032D510,00000010
8032D520,00000010
8032D530,00000008
8032D538,00000008
8032D540,00000008
8032D548,00000008
8032D550,00000008
8032D558,00000008
8032D560,00000008
8032D568,000000F4
8032D65C,000004C0
8032DB1C,00000044
8032DB60,00000098
8032DBF8,000000B0
8032DCA8,00000124
8032DDCC,00000104
8032DED0,00000060
8032DF30,000000F0
8032E020,00000160
8032E180,00000090
8032E210,00000058
8032E268,00000198
8032E400,000000A8
8032E4A8,00000094
8032E53C,00000200
8032E73C,00000180
8032E8BC,000000EC
8032E9A8,0000025C
8032EC04,0000006C
8032EC70,00000090
8032ED00,000002BC
8032EFBC,0000005C
8032F018,00000114
8032F12C,00000214
8032F340,0000011C
8032F45C,00000094
8032F4F0,00000134
8032F624,00000054
8032F678,000001A4
8032F81C,000001DC
8032F9F8,00000230
8032FC28,00000228
8032FE50,0000005C
8032FEAC,000000A4
8032FF50,00000010
8032FF60,00000010
8032FF70,00000010
8032FF80,00000010
8032FF90,00000010
8032FFA0,00000010
8032FFB0,00000010
8032FFC0,00000010
8032FFD0,00000010
8032FFE0,00000010
8032FFF0,00000010
80330000,00000010
80330010,00000010
80330020,00000010
80330030,00000008
80330038,00000008
80330040,00000008
80330048,00000008
80330050,00000008
80330058,00000008
80330060,00000008
80330068,00000008
80330070,00000008
80330078,00000008
80330080,00000008
80330088,00000008
80330090,00000008
80330098,00000008
803300A0,00000014
803300B4,000000A8
8033015C,00000024
80330180,00000068
803301E8,00000040
80330228,00000004
8033022C,00000004
80330230,000002CC
803304FC,00000004
80330500,00000004
80330504,00000018
8033051C,00000014
80330530,00000004
80330534,00000008
8033053C,00000008
80330544,000000CC
80330610,0000003C
8033064C,00000008
80330654,00000034
80330688,00000004
8033068C,0000004C
803306D8,000002CC
803309A4,000000C4
80330A68,00000128
80330B90,000002C0
80330E50,00000078
80330EC8,0000007C
80330F44,00000080
80330FC4,00000068
8033102C,0000007C
803310A8,00000068
80331110,000000A4
803311B4,000000A4
80331258,000000B0
80331308,00000090
80331398,00000290
80331628,00000090
803316B8,00000054
8033170C,000000EC
803317F8,00000088
80331880,00000128
803319A8,0000000C
803319B4,000002E8
80331C9C,000000FC
80331D98,0000007C
80331E14,0000007C
80331E90,00000098
80331F28,0000017C
803320A4,0000018C
80332230,00000360
80332590,00000234
803327C4,00000380
80332B44,00000260
80332DA4,000000D8
80332E7C,00000258
803330D4,000001B0
80333284,00000058
803332DC,00000080
8033335C,0000005C
803333B8,00000094
8033344C,00000010
8033345C,00000010
8033346C,00000010
8033347C,00000010
8033348C,00000010
8033349C,00000010
803334AC,00000010
803334BC,00000010
803334CC,00000010
803334DC,00000010
803334EC,00000010
803334FC,00000010
8033350C,00000010
8033351C,00000010
8033352C,00000010
8033353C,00000008
80333544,00000008
8033354C,00000008
80333554,00000008
8033355C,00000008
80333564,00000008
8033356C,00000008
80333574,00000008
8033357C,00000008
80333584,00000008
8033358C,00000008
80333594,00000008
8033359C,0000004C
803335E8,00000008
803335F0,00000008
803335F8,000000B8
803336B0,00000040
803336F0,00000090
80333780,00000078
803337F8,0000007C
80333874,00000118
8033398C,0000006C
803339F8,00000078
80333A70,0000007C
80333AEC,00000118
80333C04,0000006C
80333C70,00000078
80333CE8,0000007C
80333D64,00000118
80333E7C,0000006C
80333EE8,00000090
80333F78,00000038
80333FB0,00000050
80334000,00000050
80334050,00000018
80334068,00000018
80334080,00000018
80334098,0000004C
803340E4,00000218
803342FC,000000B0
803343AC,00000084
80334430,00000058
80334488,0000008C
80334514,00000010
80334524,00000010
80334534,00000010
80334544,00000010
80334554,00000010
80334564,00000010
80334574,00000010
80334584,00000010
80334594,00000010
803345A4,00000010
803345B4,00000010
803345C4,00000010
803345D4,00000010
803345E4,00000010
803345F4,00000008
803345FC,00000008
80334604,00000008
8033460C,00000008
80334614,00000008
8033461C,00000008
80334624,00000008
8033462C,00000008
80334634,00000008
8033463C,00000008
80334644,00000008
8033464C,00000008
80334654,00000008
8033465C,00000008
80334664,000000B4
80334718,0000013C
80334854,00000090
803348E4,0000007C
80334960,0000016C
80334ACC,00000078
80334B44,0000007C
80334BC0,00000124
80334CE4,000000CC
80334DB0,0000001C
80334DCC,000002C0
8033508C,0000005C
803350E8,000000B0
80335198,00000078
80335210,000000DC
803352EC,000000B0
8033539C,00000080
8033541C,00000054
80335470,000002A0
80335710,0000026C
8033597C,00000068
803359E4,0000013C
80335B20,0000006C
80335B8C,00000058
80335BE4,00000134
80335D18,00000128
80335E40,0000021C
8033605C,00000180
803361DC,000000B4
80336290,00000074
80336304,000001D8
803364DC,000001D8
803366B4,00000278
8033692C,00000084
803369B0,000000EC
80336A9C,000000D0
80336B6C,000001F4
80336D60,0000009C
80336DFC,00000010
80336E0C,00000010
80336E1C,00000010
80336E2C,00000010
80336E3C,00000010
80336E4C,00000010
80336E5C,00000010
80336E6C,00000054
80336EC0,00000008
80336EC8,00000050
80336F18,00000008
80336F20,00000048
80336F68,00000008
80336F70,00000008
80336F78,00000030
80336FA8,00000068
80337010,0000005C
8033706C,00000058
803370C4,00000078
8033713C,00000008
80337144,0000018C
803372D0,00000144
80337414,0000004C
80337460,000000C4
80337524,00000050
80337574,00000008
8033757C,0000013C
803376B8,00000068
80337720,00000078
80337798,0000018C
80337924,00000194
80337AB8,000000C8
80337B80,000000DC
80337C5C,000000A4
80337D00,000000AC
80337DAC,00000038
80337DE4,0000011C
80337F00,000000C8
80337FC8,00000240
80338208,00000008
80338210,00000098
803382A8,000001B0
80338458,00000284
803386DC,00000100
803387DC,00000044
80338820,0000009C
803388BC,0000003C
803388F8,00000070
80338968,000000B8
80338A20,00000120
80338B40,00000184
80338CC4,000001A4
80338E68,00000218
80339080,0000012C
803391AC,000000E8
80339294,000000E4
80339378,00000154
803394CC,000000F8
803395C4,00000110
803396D4,00000094
80339768,00000060
803397C8,00000098
80339860,000000BC
8033991C,0000012C
80339A48,00000088
80339AD0,00000074
80339B44,0000009C
80339BE0,0000006C
80339C4C,00000108
80339D54,00000088
80339DDC,00000090
80339E6C,000000BC
80339F28,0000004C
80339F74,0000028C
8033A200,0000005C
8033A25C,0000015C
8033A3B8,00000088
8033A440,00000058
8033A498,000000A8
8033A540,000000A8
8033A5E8,00000008
8033A5F0,00000058
8033A648,00000078
8033A6C0,00000080
8033A740,0000001C
8033A75C,000000B4
8033A810,00000048
8033A858,000000BC
8033A914,00000010
8033A924,00000010
8033A934,00000010
8033A944,00000010
8033A954,00000010
8033A964,00000010
8033A974,00000010
8033A984,00000010
8033A994,00000010
8033A9A4,00000010
8033A9B4,00000010
8033A9C4,00000010
8033A9D4,00000010
8033A9E4,00000010
8033A9F4,00000010
8033AA04,00000010
8033AA14,00000010
8033AA24,00000010
8033AA34,00000010
8033AA44,00000010
8033AA54,00000008
8033AA5C,00000008
8033AA64,00000008
8033AA6C,00000008
8033AA74,00000008
8033AA7C,00000008
8033AA84,00000008
8033AA8C,00000050
8033AADC,00000008
8033AAE4,00000008
8033AAEC,00000008
8033AAF4,00000008
8033AAFC,00000008
8033AB04,00000008
8033AB0C,00000008
8033AB14,00000008
8033AB1C,00000008
8033AB24,00000008
8033AB2C,00000008
8033AB34,00000078
8033ABAC,00000078
8033AC24,00000040
8033AC64,00000068
8033ACCC,00000068
8033AD34,0000005C
8033AD90,00000064
8033ADF4,0000025C
8033B050,00000008
8033B058,0000003C
8033B094,00000008
8033B09C,0000003C
8033B0D8,00000154
8033B22C,0000004C
8033B278,00000058
8033B2D0,00000074
8033B344,00000044
8033B388,0000009C
8033B424,000000CC
8033B4F0,0000005C
8033B54C,00000070
8033B5BC,0000009C
8033B658,00000088
8033B6E0,000000F4
8033B7D4,000000A4
8033B878,00000080
8033B8F8,00000158
8033BA50,000000EC
8033BB3C,0000006C
8033BBA8,0000005C
8033BC04,000000B4
8033BCB8,00000010
8033BCC8,00000010
8033BCD8,00000010
8033BCE8,00000010
8033BCF8,00000010
8033BD08,00000010
8033BD18,00000010
8033BD28,00000010
8033BD38,00000010
8033BD48,00000010
8033BD58,00000010
8033BD68,00000010
8033BD78,00000010
8033BD88,00000010
8033BD98,00000010
8033BDA8,00000010
8033BDB8,00000008
8033BDC0,00000008
8033BDC8,00000008
8033BDD0,00000008
8033BDD8,00000008
8033BDE0,00000008
8033BDE8,00000008
8033BDF0,00000008
8033BDF8,00000008
8033BE00,00000008
8033BE08,00000008
8033BE10,00000008
8033BE18,00000008
8033BE20,00000008
8033BE28,00000008
8033BE30,00000008
8033BE38,000000AC
8033BEE4,00000230
8033C114,00000214
8033C328,00000050
8033C378,000000A8
8033C420,000000A0
8033C4C0,00000088
8033C548,00000070
8033C5B8,0000004C
8033C604,00000180
8033C784,00000114
8033C898,00000180
8033CA18,00000114
8033CB2C,00000104
8033CC30,00000038
8033CC68,00000440
8033D0A8,00000260
8033D308,0000008C
8033D394,00000050
8033D3E4,00000290
8033D674,000000C0
8033D734,00000098
8033D7CC,000000CC
8033D898,00000028
8033D8C0,00000028
8033D8E8,00000638
8033DF20,000000D0
8033DFF0,000001F4
8033E1E4,00000014
8033E1F8,00000030
8033E228,00000068
8033E290,0000005C
8033E2EC,00000058
8033E344,000000D4
8033E418,00000068
8033E480,00000074
8033E4F4,000001F8
8033E6EC,00000064
8033E750,00000090
8033E7E0,00000064
8033E844,00000098
8033E8DC,00000008
8033E8E4,00000008
8033E8EC,00000044
8033E930,00000008
8033E938,0000004C
8033E984,00000008
8033E98C,00000008
8033E994,00000008
8033E99C,00000008
8033E9A4,00000008
8033E9AC,00000060
8033EA0C,000000B0
8033EABC,00000084
8033EB40,00000064
8033EBA4,0000005C
8033EC00,00000068
8033EC68,000000F8
8033ED60,00000098
8033EDF8,00000094
8033EE8C,000001B4
8033F040,000000B8
8033F0F8,00000028
8033F120,00000048
8033F168,00000138
8033F2A0,000000E4
8033F384,00000098
8033F41C,00000008
8033F424,00000008
8033F42C,00000094
8033F4C0,0000008C
8033F54C,00000084
8033F5D0,00000010
8033F5E0,00000010
8033F5F0,00000010
8033F600,00000010
8033F610,00000010
8033F620,00000010
8033F630,00000010
8033F640,00000010
8033F650,00000010
8033F660,00000010
8033F670,00000010
8033F680,00000010
8033F690,00000010
8033F6A0,00000048
8033F6E8,00000008
8033F6F0,00000030
8033F720,00000008
8033F728,00000008
8033F730,00000008
8033F738,00000024
8033F75C,00000008
8033F764,00000008
8033F76C,0000004C
8033F7B8,00000024
8033F7DC,00000024
8033F800,00000008
8033F808,00000030
8033F838,00000068
8033F8A0,00000010
8033F8B0,00000024
8033F8D4,00000024
8033F8F8,00000024
8033F91C,00000024
8033F940,00000024
8033F964,00000024
8033F988,00000024
8033F9AC,00000024
8033F9D0,00000024
8033F9F4,00000024
8033FA18,00000024
8033FA3C,00000024
8033FA60,0000000C
8033FA6C,0000000C
8033FA78,00000028
8033FAA0,00000028
8033FAC8,00000088
8033FB50,00000008
8033FB58,0000000C
8033FB64,0000005C
8033FBC0,000000AC
8033FC6C,00000058
8033FCC4,00000018
8033FCDC,00000008
8033FCE4,00000088
8033FD6C,00000004
8033FD70,00000008
8033FD78,00000084
8033FDFC,00000060
8033FE5C,000000F0
8033FF4C,00000048
8033FF94,00000058
8033FFEC,0000002C
80340018,00000010
80340028,00000010
80340038,00000008
80340040,00000004
80340044,00000050
80340094,00000010
803400A4,0000013C
803401E0,00000040
80340220,000000B0
803402D0,00000058
80340328,00000060
80340388,00000078
80340400,00000054
80340454,00000038
8034048C,00000024
803404B0,00000080
80340530,0000009C
803405CC,00000084
80340650,000000B0
80340700,00000050
80340750,000000A0
803407F0,00000078
80340868,00000078
803408E0,0000004C
8034092C,00000010
8034093C,00000010
8034094C,00000010
8034095C,00000010
8034096C,00000010
8034097C,00000010
8034098C,00000030
803409BC,00000040
803409FC,00000008
80340A04,00000048
80340A4C,00000008
80340A54,00000008
80340A5C,0000008C
80340AE8,00000020
80340B08,0000009C
80340BA4,0000008C
80340C30,00000044
80340C74,00000064
80340CD8,00000090
80340D68,00000064
80340DCC,00000004
80340DD0,000000E0
80340EB0,00000060
80340F10,000000BC
80340FCC,00000004
80340FD0,0000006C
8034103C,0000008C
803410C8,00000044
8034110C,00000018
80341124,00000044
80341168,00000074
803411DC,00000008
803411E4,0000003C
80341220,00000054
80341274,0000000C
80341280,00000008
80341288,00000008
80341290,00000008
80341298,00000058
803412F0,00000058
80341348,00000008
80341350,00000018
80341368,00000014
8034137C,00000020
8034139C,00000020
803413BC,0000001C
803413D8,0000001C
803413F4,00000050
80341444,00000078
803414BC,0000007C
80341538,00000030
80341568,00000058
803415C0,00000010
803415D0,00000008
803415D8,00000010
803415E8,00000038
80341620,00000004
80341624,0000008C
803416B0,000000B8
80341768,0000004C
803417B4,00000124
803418D8,0000016C
80341A44,0000003C
80341A80,00000044
80341AC4,00000054
80341B18,00000008
80341B20,00000090
80341BB0,00000088
80341C38,00000058
80341C90,00000034
80341CC4,00000010
80341CD4,00000010
80341CE4,00000010
80341CF4,00000008
80341CFC,00000008
80341D04,00000040
80341D44,0000001C
80341D60,000000C0
80341E20,00000198
80341FB8,000000A8
80342060,000000EC
8034214C,00000070
803421BC,00000040
803421FC,000000A8
803422A4,00000060
80342304,0000002C
80342330,00000044
80342374,0000005C
803423D0,00000044
80342414,00000058
8034246C,0000005C
803424C8,000000E4
803425AC,00000044
803425F0,00000008
803425F8,0000000C
80342604,00000008
8034260C,00000028
80342634,00000058
8034268C,00000054
803426E0,00000050
80342730,00000068
80342798,000002EC
80342A84,00000014
80342A98,00000040
80342AD8,0000009C
80342B74,0000009C
80342C10,00000094
80342CA4,000000F8
80342D9C,0000004C
80342DE8,00000064
80342E4C,0000005C
80342EA8,00000030
80342ED8,000000EC
80342FC4,00000010
80342FD4,0000004C
80343020,000000A0
803430C0,00000090
80343150,0000004C
8034319C,00000058
803431F4,000000B8
803432AC,00000090
8034333C,00000044
80343380,0000007C
803433FC,00000068
80343464,00000058
803434BC,00000070
8034352C,0000006C
80343598,00000010
803435A8,00000010
803435B8,00000010
803435C8,00000010
803435D8,00000010
803435E8,00000010
803435F8,00000010
80343608,00000010
80343618,00000010
80343628,00000010
80343638,00000008
80343640,00000008
80343648,00000008
80343650,00000008
80343658,00000008
80343660,00000008
80343668,00000008
80343670,00000040
803436B0,00000004
803436B4,00000008
803436BC,00000058
80343714,0000004C
80343760,000000A0
80343800,00000004
80343804,00000004
80343808,00000004
8034380C,00000004
80343810,00000004
80343814,00000060
80343874,00000040
803438B4,00000050
80343904,00000088
8034398C,00000074
80343A00,0000003C
80343A3C,00000008
80343A44,00000008
80343A4C,00000008
80343A54,00000008
80343A5C,00000058
80343AB4,00000038
80343AEC,000001DC
80343CC8,00000064
80343D2C,00000098
80343DC4,00000008
80343DCC,00000040
80343E0C,00000038
80343E44,000000E0
80343F24,0000002C
80343F50,00000098
80343FE8,000000AC
80344094,00000108
8034419C,00000060
803441FC,00000028
80344224,00000028
8034424C,00000104
80344350,0000007C
803443CC,0000008C
80344458,00000030
80344488,00000030
803444B8,00000030
803444E8,00000030
80344518,0000008C
803445A4,00000034
803445D8,0000002C
80344604,0000002C
80344630,0000002C
8034465C,0000002C
80344688,0000003C
803446C4,00000034
803446F8,0000009C
80344794,00000058
803447EC,00000030
8034481C,0000003C
80344858,0000003C
80344894,0000003C
803448D0,0000002C
803448FC,0000002C
80344928,0000002C
80344954,0000003C
80344990,0000003C
803449CC,00000004
803449D0,00000004
803449D4,00000004
803449D8,00000020
803449F8,0000005C
80344A54,0000000C
80344A60,00000014
80344A74,00000034
80344AA8,0000000C
80344AB4,00000060
80344B14,00000C84
80345798,0000008C
80345824,00000034
80345858,00000058
803458B0,00000010
803458C0,0000001C
803458DC,0000008C
80345968,00000004
8034596C,00000058
803459C4,00000050
80345A14,00000074
80345A88,00000074
80345AFC,00000050
80345B4C,00000074
80345BC0,00000058
80345C18,00000100
80345D18,0000005C
80345D74,000000DC
80345E50,000000DC
80345F2C,000000B8
80345FE4,000000D0
803460B4,00000068
8034611C,00000008
80346124,00000008
8034612C,00000008
80346134,00000048
8034617C,00000028
803461A4,00000030
803461D4,00000058
8034622C,00000058
80346284,0000002C
803462B0,00000010
803462C0,00000010
803462D0,00000004
803462D4,00000004
803462D8,000000A0
80346378,0000002C
803463A4,000000AC
80346450,0000004C
8034649C,00000090
8034652C,000000C8
803465F4,00000098
8034668C,000000EC
80346778,00000090
80346808,00000198
803469A0,00000044
803469E4,0000004C
80346A30,00000064
80346A94,00000074
80346B08,0000008C
80346B94,00000044
80346BD8,000000A4
80346C7C,00000044
80346CC0,0000004C
80346D0C,00000060
80346D6C,000000AC
80346E18,00000104
80346F1C,000000CC
80346FE8,000000F4
803470DC,000000B0
8034718C,00000048
803471D4,00000004
803471D8,00000050
80347228,00000098
803472C0,00000020
803472E0,00000014
803472F4,00000084
80347378,000000D8
80347450,000000D4
80347524,000000A8
803475CC,00000184
80347750,0000007C
803477CC,000001E0
803479AC,00000100
80347AAC,00000080
80347B2C,0000014C
80347C78,00000138
80347DB0,0000007C
80347E2C,00000104
80347F30,00000070
80347FA0,00000068
80348008,00000140
80348148,000000AC
803481F4,00000028
8034821C,00000068
80348284,000000BC
80348340,00000038
80348378,00000064
803483DC,00000068
80348444,000000B0
803484F4,00000014
80348508,00000110
80348618,00000008
80348620,00000008
80348628,00000068
80348690,000000BC
8034874C,00000024
80348770,00000028
80348798,00000044
803487DC,00000018
803487F4,00000014
80348808,00000058
80348860,00000058
803488B8,00000118
803489D0,00000514
80348EE4,00000008
80348EEC,000001D4
803490C0,00000070
80349130,0000003C
8034916C,00000008
80349174,00000008
8034917C,00000008
80349184,00000008
8034918C,00000008
80349194,0000005C
803491F0,00000080
80349270,00000098
80349308,0000008C
80349394,000000A8
8034943C,00000068
803494A4,00000074
80349518,000000E8
80349600,00000068
80349668,00000054
803496BC,00000068
80349724,0000006C
80349790,00000060
803497F0,00000088
80349878,000000BC
80349934,00000054
80349988,000000A0
80349A28,00000044
80349A6C,00000038
80349AA4,00000058
80349AFC,0000005C
80349B58,0000007C
80349BD4,00000010
80349BE4,00000010
80349BF4,00000010
80349C04,00000010
80349C14,00000010
80349C24,00000010
80349C34,00000010
80349C44,00000010
80349C54,00000010
80349C64,00000010
80349C74,00000010
80349C84,00000010
80349C94,00000008
80349C9C,00000014
80349CB0,00000008
80349CB8,00000008
80349CC0,00000008
80349CC8,00000008
80349CD0,00000014
80349CE4,00000008
80349CEC,00000014
80349D00,00000008
80349D08,00000008
80349D10,00000008
80349D18,0000018C
80349EA4,00000058
80349EFC,000000AC
80349FA8,000003BC
8034A364,00000008
8034A36C,00000008
8034A374,00000008
8034A37C,0000024C
8034A5C8,00000294
8034A85C,000000D0
8034A92C,00000230
8034AB5C,000001D0
8034AD2C,00000284
8034AFB0,00000010
8034AFC0,00000004
8034AFC4,00000004
8034AFC8,00000004
8034AFCC,00000004
8034AFD0,00000004
8034AFD4,0000005C
8034B030,000000E0
8034B110,00000320
8034B430,00000014
8034B444,0000005C
8034B4A0,00000078
8034B518,00000058
8034B570,00000040
8034B5B0,00000008
8034B5B8,0000000C
8034B5C4,0000000C
8034B5D0,00000018
8034B5E8,00000024
8034B60C,00000068
8034B674,00000010
8034B684,00000024
8034B6A8,00000070
8034B718,00000074
8034B78C,00000064
8034B7F0,0000006C
8034B85C,0000005C
8034B8B8,0000003C
8034B8F4,00000010
8034B904,00000010
8034B914,00000010
8034B924,00000010
8034B934,00000008
8034B93C,00000008
8034B944,00000008
8034B94C,00000008
8034B954,00000050
8034B9A4,00000094
8034BA38,0000005C
8034BA94,00000008
8034BA9C,00000008
8034BAA4,00000008
8034BAAC,0000003C
8034BAE8,000000B0
8034BB98,00000060
8034BBF8,00000004
8034BBFC,00000054
8034BC50,0000005C
8034BCAC,0000003C
8034BCE8,00000010
8034BCF8,00000010
8034BD08,00000010
8034BD18,00000010
8034BD28,00000008
8034BD30,00000004
8034BD34,00000008
8034BD3C,00000044
8034BD80,00000104
8034BE84,00000040
8034BEC4,00000074
8034BF38,00000010
8034BF48,00000090
8034BFD8,00000008
8034BFE0,00000008
8034BFE8,0000005C
8034C044,00000060
8034C0A4,0000000C
8034C0B0,00000014
8034C0C4,00000008
8034C0CC,00000008
8034C0D4,0000001C
8034C0F0,00000008
8034C0F8,0000005C
8034C154,00000008
8034C15C,00000008
8034C164,00000010
8034C174,00000010
8034C184,0000001C
8034C1A0,00000060
8034C200,00000054
8034C254,00000058
8034C2AC,00000060
8034C30C,000000A0
8034C3AC,0000008C
8034C438,000000C4
8034C4FC,00000040
8034C53C,00000050
8034C58C,00000054
8034C5E0,0000006C
8034C64C,00000064
8034C6B0,00000074
8034C724,00000074
8034C798,00000058
8034C7F0,00000064
8034C854,00000010
8034C864,00000010
8034C874,00000010
8034C884,00000010
8034C894,00000010
8034C8A4,00000010
8034C8B4,00000010
8034C8C4,00000010
8034C8D4,00000010
8034C8E4,00000040
8034C924,00000008
8034C92C,00000004
8034C930,00000008
8034C938,00000008
8034C940,00000008
8034C948,00000008
8034C950,00000008
8034C958,00000008
8034C960,00000050
8034C9B0,00000088
8034CA38,00000040
8034CA78,00000014
8034CA8C,00000014
8034CAA0,00000014
8034CAB4,0000000C
8034CAC0,0000000C
8034CACC,00000070
8034CB3C,000000F8
8034CC34,00000080
8034CCB4,00000064
8034CD18,00000098
8034CDB0,00000064
8034CE14,00000080
8034CE94,000000E8
8034CF7C,00000114
8034D090,00000090
8034D120,0000005C
8034D17C,00000044
8034D1C0,00000010
8034D1D0,00000010
8034D1E0,00000010
8034D1F0,00000010
8034D200,00000010
8034D210,00000008
8034D218,00000008
8034D220,00000008
8034D228,00000008
8034D230,00000040
8034D270,000000A8
8034D318,00000078
8034D390,0000007C
8034D40C,00000070
8034D47C,0000005C
8034D4D8,0000000C
8034D4E4,0000000C
8034D4F0,00000018
8034D508,00000018
8034D520,00000070
8034D590,00000070
8034D600,00000008
8034D608,00000058
8034D660,00000058
8034D6B8,00000064
8034D71C,0000006C
8034D788,00000040
8034D7C8,00000080
8034D848,00000024
8034D86C,00000044
8034D8B0,0000006C
8034D91C,00000064
8034D980,0000005C
8034D9DC,00000034
8034DA10,00000010
8034DA20,00000010
8034DA30,00000010
8034DA40,00000008
8034DA48,00000008
8034DA50,00000008
8034DA58,00000074
8034DACC,00000058
8034DB24,00000038
8034DB5C,000000A8
8034DC04,00000094
8034DC98,000000A8
8034DD40,00000094
8034DDD4,00000054
8034DE28,00000054
8034DE7C,00000054
8034DED0,00000074
8034DF44,0000009C
8034DFE0,0000005C
8034E03C,00000054
8034E090,00000010
8034E0A0,00000010
8034E0B0,00000010
8034E0C0,00000010
8034E0D0,00000010
8034E0E0,00000010
8034E0F0,00000010
8034E100,00000048
8034E148,0000004C
8034E194,0000004C
8034E1E0,0000004C
8034E22C,0000005C
8034E288,00000014
8034E29C,00000008
8034E2A4,00000068
8034E30C,00000104
8034E410,00000060
8034E470,00000060
8034E4D0,00000010
8034E4E0,00000008
8034E4E8,0000003C
8034E524,00000134
8034E658,00000044
8034E69C,000000B0
8034E74C,0000005C
8034E7A8,00000058
8034E800,0000005C
8034E85C,0000003C
8034E898,00000010
8034E8A8,00000010
8034E8B8,00000010
8034E8C8,00000010
8034E8D8,00000008
8034E8E0,00000008
8034E8E8,00000008
8034E8F0,00000008
8034E8F8,00000050
8034E948,000001A4
8034EAEC,0000003C
8034EB28,00000028
8034EB50,0000009C
8034EBEC,00000074
8034EC60,000000A4
8034ED04,00000080
8034ED84,000000A0
8034EE24,00000048
8034EE6C,0000005C
8034EEC8,00000044
8034EF0C,00000010
8034EF1C,00000010
8034EF2C,00000010
8034EF3C,00000010
8034EF4C,00000010
8034EF5C,00000008
8034EF64,00000008
8034EF6C,00000008
8034EF74,00000008
8034EF7C,00000008
8034EF84,0000004C
8034EFD0,00000068
8034F038,000000C8
8034F100,00000004
8034F104,00000064
8034F168,00000008
8034F170,00000008
8034F178,00000008
8034F180,0000004C
8034F1CC,00000050
8034F21C,00000068
8034F284,0000008C
8034F310,00000058
8034F368,0000003C
8034F3A4,00000010
8034F3B4,00000010
8034F3C4,00000010
8034F3D4,00000010
8034F3E4,00000008
8034F3EC,00000044
8034F430,00000008
8034F438,00000004
8034F43C,00000068
8034F4A4,000000D8
8034F57C,00000064
8034F5E0,00000034
8034F614,00000008
8034F61C,00000008
8034F624,0000008C
8034F6B0,00000054
8034F704,0000004C
8034F750,0000000C
8034F75C,00000064
8034F7C0,00000058
8034F818,0000016C
8034F984,00000134
8034FAB8,00000064
8034FB1C,00000078
8034FB94,00000088
8034FC1C,000000A0
8034FCBC,000000C0
8034FD7C,0000005C
8034FDD8,0000002C
8034FE04,00000010
8034FE14,00000010
8034FE24,00000008
8034FE2C,00000008
8034FE34,000000A4
8034FED8,00000044
8034FF1C,0000000C
8034FF28,00000008
8034FF30,0000001C
8034FF4C,00000064
8034FFB0,00000078
80350028,00000028
80350050,00000080
803500D0,00000030
80350100,0000004C
8035014C,000000C4
80350210,00000088
80350298,00000088
80350320,00000068
80350388,00000D64
803510EC,0000014C
80351238,00000058
80351290,000000F4
80351384,000000E4
80351468,00000080
803514E8,00000080
80351568,00000088
803515F0,00000028
80351618,000000C4
803516DC,0000004C
80351728,00000178
803518A0,000000AC
8035194C,000000E4
80351A30,00000158
80351B88,000000A8
80351C30,00000094
80351CC4,0000005C
80351D20,00000130
80351E50,00000060
80351EB0,00000110
80351FC0,000006D0
80352690,0000001C
803526AC,000000B4
80352760,000000D4
80352834,00000160
80352994,0000005C
803529F0,00000028
80352A18,00000140
80352B58,00000118
80352C70,00000118
80352D88,00000118
80352EA0,00000124
80352FC4,0000012C
803530F0,00000134
80353224,00000134
80353358,00000124
8035347C,00000264
803536E0,00000210
803538F0,00000134
80353A24,0000026C
80353C90,00000124
80353DB4,00000118
80353ECC,00000018
80353EE4,00000010
80353EF4,00000118
8035400C,00000124
80354130,00000110
80354240,000000F8
80354338,0000040C
80354744,000000A4
803547E8,000002C0
80354AA8,0000005C
80354B04,00000048
80354B4C,00000074
80354BC0,00000038
80354BF8,00000068
80354C60,000000A8
80354D08,0000006C
80354D74,0000005C
80354DD0,00000034
80354E04,00000010
80354E14,00000010
80354E24,00000010
80354E34,00000008
80354E3C,00000008
80354E44,00000008
80354E4C,00000054
80354EA0,00000058
80354EF8,00000034
80354F2C,00000060
80354F8C,000000A4
80355030,00000008
80355038,00000134
8035516C,0000005C
803551C8,00000044
8035520C,00000010
8035521C,00000010
8035522C,00000010
8035523C,00000010
8035524C,00000010
8035525C,00000058
803552B4,00000058
8035530C,0000004C
80355358,00000008
80355360,0000004C
803553AC,00000064
80355410,00000064
80355474,00000064
803554D8,00000004
803554DC,00000060
8035553C,000000CC
80355608,00000008
80355610,000000B0
803556C0,00000070
80355730,0000009C
803557CC,00000084
80355850,00000138
80355988,00000050
803559D8,0000005C
80355A34,00000034
80355A68,00000010
80355A78,00000010
80355A88,00000010
80355A98,00000008
80355AA0,00000004
80355AA4,00000008
80355AAC,000000D4
80355B80,0000004C
80355BCC,000000B0
80355C7C,0000010C
80355D88,0000000C
80355D94,0000000C
80355DA0,00000094
80355E34,000000D8
80355F0C,00000088
80355F94,0000005C
80355FF0,0000007C
8035606C,00000038
803560A4,0000019C
80356240,00000060
803562A0,00000054
803562F4,00000068
8035635C,00000054
803563B0,00000068
80356418,00000060
80356478,00000084
803564FC,00000084
80356580,0000005C
803565DC,00000058
80356634,00000058
8035668C,00000074
80356700,00000010
80356710,00000010
80356720,00000010
80356730,00000010
80356740,00000010
80356750,00000010
80356760,00000010
80356770,00000010
80356780,00000010
80356790,00000010
803567A0,00000010
803567B0,00000008
803567B8,0000004C
80356804,00000008
8035680C,0000004C
80356858,00000008
80356860,00000008
80356868,00000008
80356870,00000008
80356878,00000008
80356880,00000008
80356888,00000008
80356890,00000050
803568E0,00000068
80356948,000000FC
80356A44,000000E8
80356B2C,00000014
80356B40,00000008
80356B48,00000008
80356B50,00000008
80356B58,00000060
80356BB8,00000088
80356C40,0000006C
80356CAC,0000006C
80356D18,00000090
80356DA8,00000090
80356E38,0000005C
80356E94,00000058
80356EEC,00000054
80356F40,00000010
80356F50,00000010
80356F60,00000010
80356F70,00000010
80356F80,00000010
80356F90,00000010
80356FA0,00000010
80356FB0,00000004
80356FB4,00000008
80356FBC,00000004
80356FC0,00000008
80356FC8,00000058
80357020,00000004
80357024,00000050
80357074,000000DC
80357150,0000005C
803571AC,00000044
803571F0,0000011C
8035730C,0000008C
80357398,00000078
80357410,00000034
80357444,00000068
803574AC,00000080
8035752C,0000005C
80357588,00000034
803575BC,00000010
803575CC,00000010
803575DC,00000010
803575EC,00000008
803575F4,00000008
803575FC,00000008
80357604,00000054
80357658,0000023C
80357894,00000090
80357924,00000040
80357964,0000005C
803579C0,00000054
80357A14,000000A8
80357ABC,00000058
80357B14,00000060
80357B74,0000000C
80357B80,00000034
80357BB4,00000008
80357BBC,00000108
80357CC4,0000004C
80357D10,0000005C
80357D6C,0000005C
80357DC8,00000034
80357DFC,00000010
80357E0C,00000010
80357E1C,00000010
80357E2C,00000008
80357E34,00000008
80357E3C,00000008
80357E44,000000D8
80357F1C,0000006C
80357F88,000000C0
80358048,00000080
803580C8,00000078
80358140,00000060
803581A0,00000008
803581A8,000000B8
80358260,00000154
803583B4,000002E0
80358694,000000A8
8035873C,0000005C
80358798,000000A0
80358838,00000058
80358890,00000058
803588E8,00000058
80358940,00000058
80358998,000000D0
80358A68,00000178
80358BE0,000001B8
80358D98,000001CC
80358F64,000001B8
8035911C,000001BC
803592D8,000000E8
803593C0,0000016C
8035952C,00000140
8035966C,00000114
80359780,00000114
80359894,00000114
803599A8,00000114
80359ABC,00000114
80359BD0,00000084
80359C54,0000005C
80359CB0,00000060
80359D10,00000010
80359D20,0000005C
80359D7C,00000044
80359DC0,00000044
80359E04,0000006C
80359E70,0000006C
80359EDC,00000040
80359F1C,00000064
80359F80,0000007C
80359FFC,0000007C
8035A078,000000E8
8035A160,0000027C
8035A3DC,000000B8
8035A494,000000D4
8035A568,000000D0
8035A638,000000F4
8035A72C,00000024
8035A750,000000B0
8035A800,00000074
8035A874,0000004C
8035A8C0,00000010
8035A8D0,00000010
8035A8E0,00000010
8035A8F0,00000010
8035A900,00000010
8035A910,00000010
8035A920,00000008
8035A928,00000008
8035A930,00000008
8035A938,00000008
8035A940,00000008
8035A948,00000008
8035A950,00000074
8035A9C4,00000074
8035AA38,00000074
8035AAAC,00000074
8035AB20,00000074
8035AB94,00000074
8035AC08,00000074
8035AC7C,00000018
8035AC94,00000060
8035ACF4,00000060
8035AD54,00000060
8035ADB4,00000060
8035AE14,00000094
8035AEA8,0000005C
8035AF04,00000040
8035AF44,0000005C
8035AFA0,00000060
8035B000,00000034
8035B034,0000003C
8035B070,0000004C
8035B0BC,00000004
8035B0C0,0000005C
8035B11C,0000004C
8035B168,00000090
8035B1F8,00000070
8035B268,00000220
8035B488,00000004
8035B48C,00000048
8035B4D4,000000E8
8035B5BC,000000A4
8035B660,000000E0
8035B740,000000CC
8035B80C,00000088
8035B894,00000088
8035B91C,00000088
8035B9A4,00000088
8035BA2C,0000009C
8035BAC8,0000009C
8035BB64,00000088
8035BBEC,00000088
8035BC74,000001A8
8035BE1C,00000088
8035BEA4,00000058
8035BEFC,00000088
8035BF84,0000009C
8035C020,000000C0
8035C0E0,0000007C
8035C15C,000000D4
8035C230,0000004C
8035C27C,0000009C
8035C318,000000B4
8035C3CC,000000A0
8035C46C,0000008C
8035C4F8,0000006C
8035C564,0000013C
8035C6A0,00000058
8035C6F8,0000007C
8035C774,00000040
8035C7B4,000000A0
8035C854,00000030
8035C884,00000030
8035C8B4,00000030
8035C8E4,00000030
8035C914,00000030
8035C944,00000030
8035C974,00000030
8035C9A4,00000034
8035C9D8,00000030
8035CA08,000000C4
8035CACC,00000010
8035CADC,00000010
8035CAEC,00000010
8035CAFC,00000010
8035CB0C,00000010
8035CB1C,00000010
8035CB2C,00000010
8035CB3C,00000010
8035CB4C,00000010
8035CB5C,00000010
8035CB6C,00000010
8035CB7C,00000010
8035CB8C,00000010
8035CB9C,00000010
8035CBAC,00000010
8035CBBC,00000010
8035CBCC,00000010
8035CBDC,00000010
8035CBEC,00000010
8035CBFC,00000010
8035CC0C,00000010
8035CC1C,00000008
8035CC24,00000008
8035CC2C,00000038
8035CC64,00000008
8035CC6C,00000010
8035CC7C,00000008
8035CC84,00000038
8035CCBC,00000038
8035CCF4,00000038
8035CD2C,00000044
8035CD70,00000008
8035CD78,00000008
8035CD80,00000008
8035CD88,00000008
8035CD90,00000008
8035CD98,00000008
8035CDA0,00000008
8035CDA8,00000008
8035CDB0,00000044
8035CDF4,00000008
8035CDFC,00000008
8035CE04,0000003C
8035CE40,00000030
8035CE70,00000068
8035CED8,0000005C
8035CF34,0000004C
8035CF80,00000078
8035CFF8,00000048
8035D040,00000040
8035D080,00000040
8035D0C0,00000060
8035D120,0000004C
8035D16C,0000000C
8035D178,0000000C
8035D184,00000040
8035D1C4,00000068
8035D22C,00000004
8035D230,000000F0
8035D320,00000070
8035D390,0000005C
8035D3EC,0000005C
8035D448,000000B8
8035D500,00000070
8035D570,00000118
8035D688,000000EC
8035D774,000000A8
8035D81C,00000050
8035D86C,00000090
8035D8FC,00000040
8035D93C,00000058
8035D994,00000058
8035D9EC,00000060
8035DA4C,00000058
8035DAA4,0000007C
8035DB20,0000006C
8035DB8C,0000006C
8035DBF8,00000088
8035DC80,00000004
8035DC84,0000005C
8035DCE0,00000034
8035DD14,00000010
8035DD24,00000010
8035DD34,00000010
8035DD44,00000008
8035DD4C,00000008
8035DD54,00000008
8035DD5C,0000006C
8035DDC8,000000F8
8035DEC0,00000128
8035DFE8,00000070
8035E058,00000004
8035E05C,00000040
8035E09C,00000040
8035E0DC,0000006C
8035E148,00000048
8035E190,00000064
8035E1F4,00000064
8035E258,0000005C
8035E2B4,0000006C
8035E320,0000003C
8035E35C,0000003C
8035E398,0000004C
8035E3E4,0000000C
8035E3F0,0000000C
8035E3FC,0000003C
8035E438,00000008
8035E440,00000010
8035E450,00000010
8035E460,00000048
8035E4A8,00000084
8035E52C,00000034
8035E560,00000020
8035E580,0000005C
8035E5DC,00000098
8035E674,0000009C
8035E710,00000108
8035E818,00000060
8035E878,00000078
8035E8F0,0000004C
8035E93C,00000050
8035E98C,0000005C
8035E9E8,00000054
8035EA3C,000000B0
8035EAEC,00000034
8035EB20,0000004C
8035EB6C,00000008
8035EB74,0000004C
8035EBC0,0000000C
8035EBCC,00000064
8035EC30,00000024
8035EC54,00000060
8035ECB4,00000060
8035ED14,00000060
8035ED74,00000054
8035EDC8,0000005C
8035EE24,0000005C
8035EE80,00000010
8035EE90,00000010
8035EEA0,00000010
8035EEB0,00000010
8035EEC0,00000010
8035EED0,00000010
8035EEE0,00000010
8035EEF0,00000010
8035EF00,0000003C
8035EF3C,00000008
8035EF44,00000008
8035EF4C,0000000C
8035EF58,00000008
8035EF60,00000008
8035EF68,00000008
8035EF70,00000004
8035EF74,000000A0
8035F014,0000004C
8035F060,00000048
8035F0A8,00000178
8035F220,0000000C
8035F22C,0000000C
8035F238,00000054
8035F28C,00000020
8035F2AC,0000005C
8035F308,00000050
8035F358,00000058
8035F3B0,00000034
8035F3E4,0000000C
8035F3F0,0000000C
8035F3FC,00000050
8035F44C,00000050
8035F49C,00000014
8035F4B0,00000014
8035F4C4,0000006C
8035F530,00000040
8035F570,00000068
8035F5D8,0000005C
8035F634,00000044
8035F678,00000010
8035F688,00000010
8035F698,00000010
8035F6A8,00000010
8035F6B8,00000010
8035F6C8,00000008
8035F6D0,00000008
8035F6D8,0000004C
8035F724,00000014
8035F738,00000014
8035F74C,000000D0
8035F81C,00000008
8035F824,00000034
8035F858,00000058
8035F8B0,00000058
8035F908,00000054
8035F95C,00000010
8035F96C,00000058
8035F9C4,00000008
8035F9CC,0000000C
8035F9D8,000001F0
8035FBC8,00000070
8035FC38,00000084
8035FCBC,000000B0
8035FD6C,0000005C
8035FDC8,00000034
8035FDFC,00000010
8035FE0C,00000010
8035FE1C,00000010
8035FE2C,00000008
8035FE34,00000008
8035FE3C,00000008
8035FE44,00000058
8035FE9C,00000014
8035FEB0,0000030C
803601BC,0000006C
80360228,00000044
8036026C,000002A8
80360514,00000014
80360528,000000C8
803605F0,0000009C
8036068C,00000058
803606E4,00000048
8036072C,00000094
803607C0,00000038
803607F8,00000008
80360800,00000008
80360808,00000008
80360810,00000008
80360818,00000008
80360820,00000008
80360828,00000008
80360830,00000060
80360890,00000060
803608F0,0000005C
8036094C,00000034
80360980,00000010
80360990,00000010
803609A0,00000010
803609B0,00000008
803609B8,00000008
803609C0,00000040
80360A00,0000008C
80360A8C,000000A8
80360B34,00000044
80360B78,00000048
80360BC0,00000044
80360C04,0000000C
80360C10,00000058
80360C68,00000094
80360CFC,000000D0
80360DCC,00000048
80360E14,00000024
80360E38,0000005C
80360E94,0000002C
80360EC0,00000010
80360ED0,00000010
80360EE0,00000008
80360EE8,00000008
80360EF0,00000058
80360F48,0000005C
80360FA4,00000044
80360FE8,000000D4
803610BC,00000050
8036110C,0000004C
80361158,0000004C
803611A4,0000005C
80361200,0000003C
8036123C,00000010
8036124C,00000010
8036125C,00000010
8036126C,00000010
8036127C,00000004
80361280,00000008
80361288,00000008
80361290,00000004
80361294,000001BC
80361450,0000004C
8036149C,00000040
803614DC,00000008
803614E4,00000008
803614EC,00000008
803614F4,00000008
803614FC,00000008
80361504,00000008
8036150C,00000008
80361514,00000008
8036151C,00000008
80361524,00000008
8036152C,00000040
8036156C,0000002C
80361598,0000007C
80361614,0000009C
803616B0,00000008
803616B8,00000080
80361738,00000028
80361760,00000058
803617B8,0000005C
80361814,000000AC
803618C0,0000006C
8036192C,0000006C
80361998,00000064
803619FC,000000FC
80361AF8,00000184
80361C7C,0000005C
80361CD8,0000002C
80361D04,00000010
80361D14,00000010
80361D24,00000008
80361D2C,00000008
80361D34,00000044
80361D78,0000003C
80361DB4,000001C4
80361F78,0000003C
80361FB4,00000060
80362014,00000054
80362068,000000A8
80362110,0000005C
8036216C,00000058
803621C4,0000004C
80362210,0000008C
8036229C,00000050
803622EC,000000DC
803623C8,00000058
80362420,00000084
803624A4,0000003C
803624E0,0000007C
8036255C,00000170
803626CC,00000180
8036284C,00000040
8036288C,00000074
80362900,0000005C
8036295C,00000058
803629B4,0000005C
80362A10,0000002C
80362A3C,00000010
80362A4C,00000010
80362A5C,00000008
80362A64,00000008
80362A6C,00000098
80362B04,0000007C
80362B80,00000054
80362BD4,00000028
80362BFC,00000008
80362C04,00000078
80362C7C,00000078
80362CF4,00000078
80362D6C,00000080
80362DEC,0000006C
80362E58,00000068
80362EC0,0000006C
80362F2C,00000004
80362F30,0000001C
80362F4C,0000005C
80362FA8,00000034
80362FDC,00000010
80362FEC,00000010
80362FFC,00000010
8036300C,00000008
80363014,0000004C
80363060,00000008
80363068,00000048
803630B0,00000044
803630F4,00000070
80363164,00000038
8036319C,0000005C
803631F8,00000018
80363210,00000004
80363214,00000050
80363264,00000098
803632FC,00000124
80363420,000000F4
80363514,00000014
80363528,00000010
80363538,00000070
803635A8,00000010
803635B8,00000044
803635FC,0000000C
80363608,0000000C
80363614,0000000C
80363620,00000008
80363628,00000008
80363630,00000008
80363638,00000008
80363640,00000008
80363648,0000009C
803636E4,00000028
8036370C,00000094
803637A0,000000C8
80363868,00000064
803638CC,000000B4
80363980,00000064
803639E4,00000068
80363A4C,0000004C
80363A98,00000020
80363AB8,0000001C
80363AD4,00000024
80363AF8,00000058
80363B50,00000040
80363B90,00000004
80363B94,00000008
80363B9C,00000008
80363BA4,000000F0
80363C94,00000064
80363CF8,00000014
80363D0C,00000014
80363D20,00000084
80363DA4,00000298
8036403C,000001F0
8036422C,000001D0
803643FC,0000021C
80364618,0000012C
80364744,00000040
80364784,00000030
803647B4,00000068
8036481C,0000002C
80364848,00000124
8036496C,00000064
803649D0,000000C4
80364A94,00000100
80364B94,00000190
80364D24,00000078
80364D9C,00000048
80364DE4,0000028C
80365070,00000008
80365078,00000028
803650A0,0000000C
803650AC,00000008
803650B4,00000008
803650BC,00000008
803650C4,00000040
80365104,00000008
8036510C,00000040
8036514C,00000008
80365154,00000028
8036517C,00000030
803651AC,00000030
803651DC,00000030
8036520C,00000030
8036523C,00000038
80365274,00000038
803652AC,00000008
803652B4,00000028
803652DC,00000038
80365314,00000008
8036531C,00000028
80365344,00000038
8036537C,00000038
803653B4,00000038
803653EC,00000040
8036542C,00000040
8036546C,00000040
803654AC,00000040
803654EC,00000084
80365570,00000014
80365584,00000008
8036558C,00000028
803655B4,0000004C
80365600,0000002C
8036562C,0000002C
80365658,00000058
803656B0,00000054
80365704,000000BC
803657C0,000000C4
80365884,00000070
803658F4,00000008
803658FC,0000000C
80365908,0000000C
80365914,00000010
80365924,00000068
8036598C,0000005C
803659E8,00000034
80365A1C,00000010
80365A2C,00000010
80365A3C,00000010
80365A4C,00000008
80365A54,00000014
80365A68,00000010
80365A78,00000058
80365AD0,00000060
80365B30,00000084
80365BB4,00000210
80365DC4,00000034
80365DF8,00000034
80365E2C,00000034
80365E60,00000034
80365E94,00000034
80365EC8,00000034
80365EFC,00000034
80365F30,00000034
80365F64,00000034
80365F98,00000040
80365FD8,0000005C
80366034,0000002C
80366060,00000010
80366070,00000010
80366080,00000008
80366088,00000004
8036608C,00000058
803660E4,00000084
80366168,0000003C
803661A4,0000003C
803661E0,00000018
803661F8,00000044
8036623C,00000008
80366244,0000003C
80366280,0000000C
8036628C,00000040
803662CC,0000006C
80366338,00000008
80366340,00000008
80366348,00000008
80366350,00000060
803663B0,00000060
80366410,00000064
80366474,00000054
803664C8,00000070
80366538,00000050
80366588,00000014
8036659C,0000001C
803665B8,00000048
80366600,00000058
80366658,00000100
80366758,0000010C
80366864,0000005C
803668C0,000001B0
80366A70,000000B0
80366B20,00000068
80366B88,00000068
80366BF0,0000000C
80366BFC,000000A0
80366C9C,00000008
80366CA4,00000050
80366CF4,00000014
80366D08,00000008
80366D10,00000018
80366D28,0000004C
80366D74,00000074
80366DE8,00000014
80366DFC,00000008
80366E04,00000050
80366E54,00000014
80366E68,00000008
80366E70,00000018
80366E88,000001D8
80367060,0000009C
803670FC,00000078
80367174,00000058
803671CC,00000068
80367234,000000A0
803672D4,00000090
80367364,00000050
803673B4,00000078
8036742C,00000060
8036748C,000000B0
8036753C,000001D0
8036770C,00000070
8036777C,000000AC
80367828,0000005C
80367884,0000004C
803678D0,00000054
80367924,00000048
8036796C,0000009C
80367A08,000000D4
80367ADC,000000E8
80367BC4,000000A8
80367C6C,000000BC
80367D28,0000015C
80367E84,000000D4
80367F58,00000134
8036808C,00000098
80368124,00000060
80368184,00000120
803682A4,00000098
8036833C,00000070
803683AC,00000158
80368504,00000104
80368608,00000080
80368688,000002E0
80368968,0000031C
80368C84,00000044
80368CC8,00000040
80368D08,00000034
80368D3C,00000030
80368D6C,00000030
80368D9C,00000034
80368DD0,00000014
80368DE4,00000008
80368DEC,00000008
80368DF4,00000008
80368DFC,00000008
80368E04,000000E8
80368EEC,00000068
80368F54,00000068
80368FBC,000000F8
803690B4,0000001C
803690D0,00000010
803690E0,0000021C
803692FC,00000014
80369310,000000D4
803693E4,000000CC
803694B0,00000110
803695C0,00000044
80369604,00000044
80369648,0000006C
803696B4,00000030
803696E4,00000040
80369724,00000010
80369734,00000094
803697C8,0000006C
80369834,0000005C
80369890,00000010
803698A0,000000F0
80369990,00000054
803699E4,0000000C
803699F0,0000008C
80369A7C,00000054
80369AD0,00000004
80369AD4,0000008C
80369B60,000000B0
80369C10,00000058
80369C68,00000090
80369CF8,00000090
80369D88,00000078
80369E00,00000044
80369E44,00000050
80369E94,00000064
80369EF8,00000170
8036A068,00000280
8036A2E8,00000064
8036A34C,0000003C
8036A388,0000002C
8036A3B4,00000058
8036A40C,00000058
8036A464,00000058
8036A4BC,00000044
8036A500,00000010
8036A510,00000010
8036A520,00000010
8036A530,00000010
8036A540,00000010
8036A550,00000008
8036A558,00000008
8036A560,00000008
8036A568,00000008
8036A570,00000054
8036A5C4,00000008
8036A5CC,00000004
8036A5D0,00000004
8036A5D4,00000078
8036A64C,00000088
8036A6D4,000000A8
8036A77C,000000A0
8036A81C,00000008
8036A824,00000008
8036A82C,00000008
8036A834,00000060
8036A894,0000005C
8036A8F0,0000003C
8036A92C,00000010
8036A93C,00000010
8036A94C,00000010
8036A95C,00000010
8036A96C,00000008
8036A974,00000008
8036A97C,00000040
8036A9BC,00000040
8036A9FC,0000006C
8036AA68,0000011C
8036AB84,00000038
8036ABBC,00000040
8036ABFC,00000094
8036AC90,00000090
8036AD20,00000074
8036AD94,00000038
8036ADCC,00000038
8036AE04,00000068
8036AE6C,00000054
8036AEC0,00000054
8036AF14,0000005C
8036AF70,00000034
8036AFA4,00000010
8036AFB4,00000010
8036AFC4,00000010
8036AFD4,00000008
8036AFDC,00000008
8036AFE4,00000008
8036AFEC,00000064
8036B050,00000158
8036B1A8,00000084
8036B22C,00000004
8036B230,000000B4
8036B2E4,00000194
8036B478,00000068
8036B4E0,00000090
8036B570,000000F0
8036B660,00000118
8036B778,00000084
8036B7FC,00000080
8036B87C,00000230
8036BAAC,00000074
8036BB20,0000005C
8036BB7C,00000054
8036BBD0,00000010
8036BBE0,00000010
8036BBF0,00000010
8036BC00,00000010
8036BC10,00000010
8036BC20,00000010
8036BC30,00000010
8036BC40,00000008
8036BC48,00000008
8036BC50,00000008
8036BC58,00000008
8036BC60,00000008
8036BC68,00000008
8036BC70,00000008
8036BC78,0000004C
8036BCC4,0000007C
8036BD40,0000001C
8036BD5C,00000058
8036BDB4,0000001C
8036BDD0,0000001C
8036BDEC,0000001C
8036BE08,0000001C
8036BE24,0000001C
8036BE40,00000058
8036BE98,00000080
8036BF18,0000004C
8036BF64,00000008
8036BF6C,00000008
8036BF74,00000060
8036BFD4,00000060
8036C034,00000044
8036C078,00000014
8036C08C,00000038
8036C0C4,00000058
8036C11C,00000080
8036C19C,0000000C
8036C1A8,00000008
8036C1B0,00000010
8036C1C0,00000014
8036C1D4,00000010
8036C1E4,00000010
8036C1F4,00000014
8036C208,00000014
8036C21C,00000010
8036C22C,0000003C
8036C268,00000018
8036C280,00000018
8036C298,00000024
8036C2BC,0000009C
8036C358,00000158
8036C4B0,000000EC
8036C59C,000000C8
8036C664,00000010
8036C674,00000074
8036C6E8,00000044
8036C72C,00000070
8036C79C,00000070
8036C80C,00000008
8036C814,00000054
8036C868,0000007C
8036C8E4,00000078
8036C95C,00000074
8036C9D0,00000164
8036CB34,000000B0
8036CBE4,000000E8
8036CCCC,000000A4
8036CD70,000000B0
8036CE20,000000E8
8036CF08,0000008C
8036CF94,00000074
8036D008,00000074
8036D07C,00000054
8036D0D0,000000B0
8036D180,0000008C
8036D20C,0000008C
8036D298,0000005C
8036D2F4,0000007C
8036D370,00000010
8036D380,00000010
8036D390,00000010
8036D3A0,00000010
8036D3B0,00000010
8036D3C0,00000010
8036D3D0,00000010
8036D3E0,00000010
8036D3F0,00000010
8036D400,00000010
8036D410,00000010
8036D420,00000010
8036D430,00000008
8036D438,00000008
8036D440,00000008
8036D448,00000008
8036D450,00000008
8036D458,00000008
8036D460,00000008
8036D468,00000008
8036D470,00000008
8036D478,00000008
8036D480,00000008
8036D488,00000004
8036D48C,00000040
8036D4CC,00000044
8036D510,00000094
8036D5A4,00000008
8036D5AC,00000068
8036D614,00000070
8036D684,00000008
8036D68C,00000004
8036D690,0000005C
8036D6EC,00000034
8036D720,00000010
8036D730,00000010
8036D740,00000010
8036D750,00000008
8036D758,0000004C
8036D7A4,00000008
8036D7AC,000000C4
8036D870,00000078
8036D8E8,00000084
8036D96C,0000004C
8036D9B8,0000003C
8036D9F4,00000008
8036D9FC,00000008
8036DA04,00000008
8036DA0C,00000008
8036DA14,00000008
8036DA1C,0000000C
8036DA28,00000010
8036DA38,00000060
8036DA98,0000005C
8036DAF4,00000084
8036DB78,00000168
8036DCE0,000000C4
8036DDA4,000000C0
8036DE64,0000006C
8036DED0,0000011C
8036DFEC,000000A0
8036E08C,00000054
8036E0E0,00000054
8036E134,00000054
8036E188,00000054
8036E1DC,000000F4
8036E2D0,000000C0
8036E390,00000060
8036E3F0,00000014
8036E404,0000001C
8036E420,0000001C
8036E43C,00000068
8036E4A4,0000005C
8036E500,00000058
8036E558,000000E4
8036E63C,00000054
8036E690,0000004C
8036E6DC,00000084
8036E760,00000108
8036E868,00000150
8036E9B8,0000009C
8036EA54,00000050
8036EAA4,00000050
8036EAF4,000000B8
8036EBAC,0000005C
8036EC08,00000054
8036EC5C,00000010
8036EC6C,00000010
8036EC7C,00000010
8036EC8C,00000010
8036EC9C,00000010
8036ECAC,00000010
8036ECBC,00000010
8036ECCC,00000004
8036ECD0,00000008
8036ECD8,00000004
8036ECDC,00000008
8036ECE4,00000008
8036ECEC,00000008
8036ECF4,00000008
8036ECFC,00000018
8036ED14,00000134
8036EE48,0000020C
8036F054,0000012C
8036F180,00000070
8036F1F0,0000004C
8036F23C,0000008C
8036F2C8,00000008
8036F2D0,00000008
8036F2D8,00000010
8036F2E8,0000006C
8036F354,00000008
8036F35C,00000058
8036F3B4,00000098
8036F44C,0000006C
8036F4B8,00000004
8036F4BC,00000038
8036F4F4,000000A8
8036F59C,0000012C
8036F6C8,0000005C
8036F724,00000044
8036F768,00000010
8036F778,00000010
8036F788,00000010
8036F798,00000010
8036F7A8,00000010
8036F7B8,00000004
8036F7BC,00000008
8036F7C4,00000004
8036F7C8,00000008
8036F7D0,00000008
8036F7D8,00000048
8036F820,00000074
8036F894,00000038
8036F8CC,00000008
8036F8D4,00000054
8036F928,00000094
8036F9BC,0000005C
8036FA18,00000034
8036FA4C,00000010
8036FA5C,00000010
8036FA6C,00000010
8036FA7C,00000004
8036FA80,00000008
8036FA88,00000004
8036FA8C,000000C8
8036FB54,000000C4
8036FC18,00000058
8036FC70,0000009C
8036FD0C,000000EC
8036FDF8,000000BC
8036FEB4,0000004C
8036FF00,000000A0
8036FFA0,00000048
8036FFE8,00000044
8037002C,00000008
80370034,00000090
803700C4,0000003C
80370100,00000008
80370108,000000C8
803701D0,00000058
80370228,00000120
80370348,00000008
80370350,00000048
80370398,00000060
803703F8,0000009C
80370494,00000080
80370514,00000044
80370558,00000010
80370568,00000010
80370578,00000010
80370588,00000010
80370598,00000010
803705A8,00000004
803705AC,00000008
803705B4,00000008
803705BC,00000008
803705C4,00000004
803705C8,00000008
803705D0,00000014
803705E4,00000050
80370634,0000004C
80370680,00000048
803706C8,0000006C
80370734,00000184
803708B8,00000058
80370910,00000038
80370948,00000004
8037094C,000000E4
80370A30,0000006C
80370A9C,0000009C
80370B38,000000A4
80370BDC,000000AC
80370C88,000000AC
80370D34,0000005C
80370D90,0000011C
80370EAC,00000040
80370EEC,000000D0
80370FBC,00000008
80370FC4,00000030
80370FF4,00000024
80371018,00000040
80371058,00000040
80371098,00000040
803710D8,00000034
8037110C,00000034
80371140,00000034
80371174,00000088
803711FC,0000004C
80371248,00000010
80371258,00000010
80371268,00000010
80371278,00000010
80371288,00000010
80371298,00000010
803712A8,00000008
803712B0,00000008
803712B8,00000008
803712C0,00000008
803712C8,00000008
803712D0,00000004
803712D4,00000060
80371334,00000060
80371394,00000070
80371404,00000068
8037146C,000000E8
80371554,00000038
8037158C,0000004C
803715D8,00000080
80371658,0000005C
803716B4,00000034
803716E8,00000010
803716F8,00000010
80371708,00000010
80371718,00000008
80371720,00000008
80371728,00000004
8037172C,00000080
803717AC,0000002C
803717D8,00000034
8037180C,00000034
80371840,00000034
80371874,00000068
803718DC,00000044
80371920,000000BC
803719DC,00000078
80371A54,00000044
80371A98,0000004C
80371AE4,00000030
80371B14,00000068
80371B7C,0000005C
80371BD8,00000064
80371C3C,00000044
80371C80,00000098
80371D18,0000012C
80371E44,000000C0
80371F04,000000D8
80371FDC,00000024
80372000,00000060
80372060,00000028
80372088,00000034
803720BC,0000005C
80372118,00000044
8037215C,00000010
8037216C,00000010
8037217C,00000010
8037218C,00000010
8037219C,00000010
803721AC,00000040
803721EC,00000008
803721F4,00000008
803721FC,00000048
80372244,00000004
80372248,00000064
803722AC,00000120
803723CC,0000019C
80372568,00000284
803727EC,000000BC
803728A8,00000118
803729C0,0000006C
80372A2C,00000134
80372B60,00000250
80372DB0,000002A4
80373054,0000028C
803732E0,000000B8
80373398,00000074
8037340C,00000084
80373490,00000004
80373494,000000EC
80373580,00000008
80373588,00000030
803735B8,00000044
803735FC,00000040
8037363C,00000118
80373754,00000044
80373798,00000044
803737DC,00000044
80373820,0000005C
8037387C,00000048
803738C4,00000084
80373948,00000050
80373998,00000038
803739D0,00000070
80373A40,00000004
80373A44,00000088
80373ACC,0000005C
80373B28,0000002C
80373B54,00000010
80373B64,00000010
80373B74,00000008
80373B7C,00000004
80373B80,000000AC
80373C2C,00000030
80373C5C,000000B8
80373D14,00000034
80373D48,00000024
80373D6C,00000024
80373D90,0000005C
80373DEC,0000005C
80373E48,00000084
80373ECC,00000004
80373ED0,00000004
80373ED4,00000060
80373F34,00000080
80373FB4,0000005C
80374010,00000094
803740A4,000002E0
80374384,000001A4
80374528,00000048
80374570,0000003C
803745AC,0000006C
80374618,00000224
8037483C,0000009C
803748D8,000000B8
80374990,00000078
80374A08,00000264
80374C6C,0000019C
80374E08,00000104
80374F0C,000000BC
80374FC8,0000007C
80375044,0000006C
803750B0,0000005C
8037510C,0000004C
80375158,00000010
80375168,00000010
80375178,00000010
80375188,00000010
80375198,00000010
803751A8,00000010
803751B8,00000008
803751C0,00000008
803751C8,00000008
803751D0,00000008
803751D8,00000008
803751E0,00000008
803751E8,00000048
80375230,000000B8
803752E8,00000040
80375328,00000038
80375360,00000094
803753F4,00000090
80375484,00000074
803754F8,0000000C
80375504,0000005C
80375560,00000034
80375594,00000010
803755A4,00000010
803755B4,00000010
803755C4,00000008
803755CC,00000008
803755D4,00000008
803755DC,00000060
8037563C,00000084
803756C0,00000048
80375708,0000003C
80375744,000000E8
8037582C,00000008
80375834,00000054
80375888,0000005C
803758E4,00000034
80375918,00000010
80375928,00000010
80375938,00000010
80375948,0000004C
80375994,0000004C
803759E0,00000004
803759E4,00000090
80375A74,00000080
80375AF4,000000C8
80375BBC,000000CC
80375C88,000000D0
80375D58,0000006C
80375DC4,000000A0
80375E64,00000008
80375E6C,00000060
80375ECC,00000128
80375FF4,000000C0
803760B4,000000C4
80376178,0000018C
80376304,00000038
8037633C,00000070
803763AC,00000084
80376430,00000074
803764A4,000000A0
80376544,00000034
80376578,00000080
803765F8,0000006C
80376664,0000001C
80376680,00000094
80376714,00000084
80376798,0000020C
803769A4,000000F4
80376A98,00000174
80376C0C,00000154
80376D60,00000038
80376D98,000002BC
80377054,000001E4
80377238,000001F8
80377430,00000174
803775A4,000000AC
80377650,000001CC
8037781C,00000054
80377870,000000C8
80377938,000000D4
80377A0C,0000005C
80377A68,00000074
80377ADC,00000010
80377AEC,00000010
80377AFC,00000010
80377B0C,00000010
80377B1C,00000010
80377B2C,00000010
80377B3C,00000010
80377B4C,00000010
80377B5C,00000010
80377B6C,00000010
80377B7C,00000010
80377B8C,00000008
80377B94,00000008
80377B9C,00000008
80377BA4,00000008
80377BAC,00000008
80377BB4,00000008
80377BBC,00000008
80377BC4,00000008
80377BCC,00000008
80377BD4,00000008
80377BDC,00000008
80377BE4,00000028
80377C0C,00000074
80377C80,00000124
80377DA4,00000074
80377E18,00000074
80377E8C,00000074
80377F00,00000054
80377F54,0000009C
80377FF0,000000F4
803780E4,00000140
80378224,00000068
8037828C,00000084
80378310,00000064
80378374,00000068
803783DC,00000064
80378440,0000004C
8037848C,000000D8
80378564,0000005C
803785C0,00000044
80378604,00000010
80378614,00000010
80378624,00000010
80378634,00000010
80378644,00000010
80378654,00000008
8037865C,00000008
80378664,00000008
8037866C,00000008
80378674,00000008
8037867C,00000054
803786D0,000000FC
803787CC,0000005C
80378828,00000060
80378888,00000010
80378898,00000008
803788A0,00000048
803788E8,00000068
80378950,00000084
803789D4,000000E4
80378AB8,00000058
80378B10,0000005C
80378B6C,0000003C
80378BA8,00000010
80378BB8,00000010
80378BC8,00000010
80378BD8,00000010
80378BE8,00000008
80378BF0,00000008
80378BF8,00000008
80378C00,00000008
80378C08,0000004C
80378C54,000000C0
80378D14,00000060
80378D74,00000038
80378DAC,000000F8
80378EA4,0000008C
80378F30,00000060
80378F90,0000005C
80378FEC,0000003C
80379028,00000010
80379038,00000010
80379048,00000010
80379058,00000010
80379068,00000008
80379070,00000008
80379078,00000008
80379080,00000048
803790C8,0000009C
80379164,00000058
803791BC,0000021C
803793D8,0000008C
80379464,00000004
80379468,00000220
80379688,00000014
8037969C,00000034
803796D0,00000054
80379724,000000EC
80379810,00000008
80379818,000000A0
803798B8,00000084
8037993C,00000080
803799BC,00000040
803799FC,00000164
80379B60,000005F0
8037A150,00000054
8037A1A4,00000048
8037A1EC,00000070
8037A25C,00000034
8037A290,0000008C
8037A31C,00000130
8037A44C,000000A0
8037A4EC,00000068
8037A554,00000084
8037A5D8,0000008C
8037A664,00000104
8037A768,000000A8
8037A810,00000084
8037A894,000000A0
8037A934,000000C8
8037A9FC,00000114
8037AB10,0000009C
8037ABAC,000000B0
8037AC5C,000000B4
8037AD10,00000064
8037AD74,00000094
8037AE08,00000050
8037AE58,000000BC
8037AF14,00000064
8037AF78,00000010
8037AF88,00000010
8037AF98,00000010
8037AFA8,00000010
8037AFB8,00000010
8037AFC8,00000010
8037AFD8,00000010
8037AFE8,00000010
8037AFF8,00000010
8037B008,00000008
8037B010,00000008
8037B018,00000008
8037B020,00000008
8037B028,00000008
8037B030,00000008
8037B038,00000008
8037B040,00000008
8037B048,00000008
8037B050,00000030
8037B080,00000068
8037B0E8,0000005C
8037B144,00000048
8037B18C,00000078
8037B204,00000038
8037B23C,00000050
8037B28C,00000034
8037B2C0,00000068
8037B328,0000007C
8037B3A4,00000074
8037B418,0000005C
8037B474,00000034
8037B4A8,00000010
8037B4B8,00000010
8037B4C8,00000010
8037B4D8,00000008
8037B4E0,00000008
8037B4E8,00000008
8037B4F0,00000054
8037B544,00000074
8037B5B8,00000054
8037B60C,00000040
8037B64C,000000D8
8037B724,000000A8
8037B7CC,00000008
8037B7D4,00000014
8037B7E8,0000005C
8037B844,0000003C
8037B880,00000010
8037B890,00000010
8037B8A0,00000010
8037B8B0,00000010
8037B8C0,00000004
8037B8C4,00000008
8037B8CC,00000008
8037B8D4,00000054
8037B928,0000005C
8037B984,000000C8
8037BA4C,00000094
8037BAE0,00000018
8037BAF8,0000003C
8037BB34,0000010C
8037BC40,00000084
8037BCC4,0000005C
8037BD20,0000002C
8037BD4C,00000010
8037BD5C,00000010
8037BD6C,00000004
8037BD70,00000008
8037BD78,00000038
8037BDB0,00000038
8037BDE8,00000120
8037BF08,00000128
8037C030,000000C0
8037C0F0,00000090
8037C180,00000034
8037C1B4,00000154
8037C308,00000060
8037C368,000000A4
8037C40C,0000003C
8037C448,000000D4
8037C51C,0000006C
8037C588,00000040
8037C5C8,00000040
8037C608,0000005C
8037C664,000000D8
8037C73C,000002B0
8037C9EC,000003EC
8037CDD8,0000009C
8037CE74,0000008C
8037CF00,0000008C
8037CF8C,00000040
8037CFCC,00000074
8037D040,00000008
8037D048,0000004C
8037D094,00000008
8037D09C,00000098
8037D134,00000060
8037D194,00000060
8037D1F4,00000058
8037D24C,000000D0
8037D31C,00000118
8037D434,0000018C
8037D5C0,000000D4
8037D694,000000A0
8037D734,00000048
8037D77C,00000214
8037D990,00000104
8037DA94,00000120
8037DBB4,000000A0
8037DC54,00000074
8037DCC8,0000008C
8037DD54,00000078
8037DDCC,00000090
8037DE5C,00000094
8037DEF0,0000012C
8037E01C,00000084
8037E0A0,000000E0
8037E180,000000C4
8037E244,00000100
8037E344,000000D4
8037E418,00000070
8037E488,000000F8
8037E580,00000088
8037E608,0000005C
8037E664,00000074
8037E6D8,00000010
8037E6E8,00000010
8037E6F8,00000010
8037E708,00000010
8037E718,00000010
8037E728,00000010
8037E738,00000010
8037E748,00000010
8037E758,00000010
8037E768,00000010
8037E778,00000010
8037E788,00000060
8037E7E8,00000008
8037E7F0,00000008
8037E7F8,00000014
8037E80C,00000008
8037E814,00000008
8037E81C,00000008
8037E824,00000008
8037E82C,00000008
8037E834,00000008
8037E83C,00000008
8037E844,00000048
8037E88C,00000060
8037E8EC,00000044
8037E930,00000008
8037E938,0000008C
8037E9C4,0000006C
8037EA30,0000005C
8037EA8C,00000034
8037EAC0,00000010
8037EAD0,00000010
8037EAE0,00000010
8037EAF0,00000008
8037EAF8,00000004
8037EAFC,00000008
8037EB04,0000020C
8037ED10,00000058
8037ED68,00000008
8037ED70,00000028
8037ED98,00000078
8037EE10,00000078
8037EE88,00000048
8037EED0,00000048
8037EF18,0000005C
8037EF74,0000005C
8037EFD0,00000004
8037EFD4,00000118
8037F0EC,00000088
8037F174,00000054
8037F1C8,0000003C
8037F204,00000058
8037F25C,00000040
8037F29C,00000058
8037F2F4,0000008C
8037F380,0000000C
8037F38C,0000000C
8037F398,00000060
8037F3F8,000005F4
8037F9EC,00000074
8037FA60,0000005C
8037FABC,00000064
8037FB20,0000000C
8037FB2C,000000F0
8037FC1C,00000024
8037FC40,00000024
8037FC64,00000058
8037FCBC,00000088
8037FD44,00000050
8037FD94,00000058
8037FDEC,00000090
8037FE7C,0000004C
8037FEC8,000000A8
8037FF70,00000038
8037FFA8,0000009C
80380044,00000048
8038008C,000000B4
80380140,0000009C
803801DC,000000A0
8038027C,000000E4
80380360,000000D4
80380434,0000007C
803804B0,00000184
80380634,00000048
8038067C,000000A0
8038071C,00000008
80380724,00000060
80380784,00000050
803807D4,0000007C
80380850,00000078
803808C8,000000A0
80380968,000000EC
80380A54,000000C4
80380B18,000000E0
80380BF8,00000184
80380D7C,00000054
80380DD0,00000048
80380E18,00000064
80380E7C,0000006C
80380EE8,000000BC
80380FA4,00000090
80381034,000000B4
803810E8,000000D8
803811C0,00000104
803812C4,00000298
8038155C,0000006C
803815C8,00000028
803815F0,000000C4
803816B4,00000010
803816C4,00000010
803816D4,00000010
803816E4,00000010
803816F4,00000010
80381704,00000010
80381714,00000010
80381724,00000010
80381734,00000010
80381744,00000010
80381754,00000010
80381764,00000010
80381774,00000010
80381784,00000010
80381794,00000010
803817A4,00000010
803817B4,00000010
803817C4,00000010
803817D4,00000010
803817E4,00000010
803817F4,00000010
80381804,00000004
80381808,00000008
80381810,00000008
80381818,00000044
8038185C,00000008
80381864,00000008
8038186C,00000008
80381874,00000008
8038187C,00000008
80381884,00000008
8038188C,00000008
80381894,00000044
803818D8,00000008
803818E0,00000008
803818E8,00000008
803818F0,00000008
803818F8,00000008
80381900,00000008
80381908,00000048
80381950,00000008
80381958,00000008
80381960,0000005C
803819BC,0000005C
80381A18,0000005C
80381A74,00000060
80381AD4,0000008C
80381B60,00000068
80381BC8,00000050
80381C18,00000094
80381CAC,00000074
80381D20,00000064
80381D84,00000048
80381DCC,00000160
80381F2C,0000006C
80381F98,000000B0
80382048,00000048
80382090,00000068
803820F8,000000BC
803821B4,00000048
803821FC,00000068
80382264,000000DC
80382340,00000170
803824B0,000000AC
8038255C,0000007C
803825D8,00000094
8038266C,000000B8
80382724,000001EC
80382910,00000080
80382990,00000078
80382A08,000000A0
80382AA8,00000098
80382B40,00000058
80382B98,0000005C
80382BF4,000000CC
80382CC0,00000010
80382CD0,00000010
80382CE0,00000010
80382CF0,00000010
80382D00,00000010
80382D10,00000010
80382D20,00000010
80382D30,00000010
80382D40,00000010
80382D50,00000010
80382D60,00000010
80382D70,00000010
80382D80,00000010
80382D90,00000010
80382DA0,00000010
80382DB0,00000010
80382DC0,00000010
80382DD0,00000010
80382DE0,00000010
80382DF0,00000010
80382E00,00000010
80382E10,00000010
80382E20,00000004
80382E24,00000008
80382E2C,00000008
80382E34,00000008
80382E3C,00000048
80382E84,00000014
80382E98,00000008
80382EA0,00000048
80382EE8,00000014
80382EFC,00000008
80382F04,00000008
80382F0C,00000008
80382F14,00000008
80382F1C,00000008
80382F24,00000008
80382F2C,00000008
80382F34,00000014
80382F48,00000008
80382F50,00000008
80382F58,00000008
80382F60,00000008
80382F68,00000008
80382F70,00000058
80382FC8,000000B4
8038307C,00000094
80383110,00000038
80383148,00000008
80383150,00000038
80383188,0000009C
80383224,00000060
80383284,0000005C
803832E0,0000003C
8038331C,00000010
8038332C,00000010
8038333C,00000010
8038334C,00000010
8038335C,00000008
80383364,00000008
8038336C,00000044
803833B0,00000044
803833F4,0000006C
80383460,00000138
80383598,00000070
80383608,000000A0
803836A8,00000064
8038370C,0000005C
80383768,0000003C
803837A4,00000014
803837B8,00000008
803837C0,0000003C
803837FC,000000DC
803838D8,00000154
80383A2C,00000068
80383A94,00000060
80383AF4,000000B8
80383BAC,00000084
80383C30,00000174
80383DA4,00000078
80383E1C,0000006C
80383E88,0000005C
80383EE4,0000003C
80383F20,00000010
80383F30,00000010
80383F40,00000010
80383F50,00000010
80383F60,00000008
80383F68,00000008
80383F70,00000008
80383F78,00000008
80383F80,00000014
80383F94,00000058
80383FEC,0000012C
80384118,00000024
8038413C,0000004C
80384188,00000020
803841A8,0000003C
803841E4,000000A0
80384284,00000130
803843B4,000000B4
80384468,00000040
803844A8,00000270
80384718,00000210
80384928,00000010
80384938,0000007C
803849B4,00000078
80384A2C,00000004
80384A30,00000044
80384A74,00000010
80384A84,000000D0
80384B54,000000BC
80384C10,000000FC
80384D0C,00000064
80384D70,00000048
80384DB8,00000044
80384DFC,0000005C
80384E58,00000058
80384EB0,00000010
80384EC0,00000010
80384ED0,00000008
80384ED8,00000008
80384EE0,00000024
80384F04,000000D0
80384FD4,0000001C
80384FF0,00000008
80384FF8,0000003C
80385034,00000108
8038513C,000000C4
80385200,000000BC
803852BC,000000D0
8038538C,00000094
80385420,00000070
80385490,0000003C
803854CC,00000024
803854F0,00000104
803855F4,00000164
80385758,0000008C
803857E4,00000018
803857FC,00000018
80385814,00000018
8038582C,00000018
80385844,00000018
8038585C,00000064
803858C0,00000010
803858D0,00000010
803858E0,0000004C
8038592C,00000120
80385A4C,0000005C
80385AA8,00000048
80385AF0,0000012C
80385C1C,000001FC
80385E18,000000F4
80385F0C,000000F4
80386000,00000010
80386010,00000008
80386018,0000003C
80386054,00000050
803860A4,0000003C
803860E0,00000044
80386124,000000B0
803861D4,0000000C
803861E0,0000005C
8038623C,00000044
80386280,00000084
80386304,0000012C
80386430,00000068
80386498,00000120
803865B8,000002C8
80386880,000000C4
80386944,000000AC
803869F0,000000E0
80386AD0,00000098
80386B68,00000028
80386B90,00000068
80386BF8,00000058
80386C50,0000003C
80386C8C,0000003C
80386CC8,00000094
80386D5C,0000005C
80386DB8,0000006C
80386E24,00000010
80386E34,00000010
80386E44,00000010
80386E54,00000010
80386E64,00000010
80386E74,00000010
80386E84,00000010
80386E94,00000010
80386EA4,00000010
80386EB4,00000010
80386EC4,00000004
80386EC8,00000018
80386EE0,00000018
80386EF8,0000001C
80386F14,00000018
80386F2C,00000018
80386F44,0000001C
80386F60,00000018
80386F78,00000018
80386F90,0000001C
80386FAC,000000B8
80387064,00000204
80387268,00000038
803872A0,00000004
803872A4,00000074
80387318,00000034
8038734C,00000048
80387394,0000002C
803873C0,00000184
80387544,00000264
803877A8,00000264
80387A0C,00000090
80387A9C,000001F8
80387C94,000001B4
80387E48,00000090
80387ED8,00000014
80387EEC,000000E8
80387FD4,00000084
80388058,000001A4
803881FC,000000A8
803882A4,00000054
803882F8,000000A4
8038839C,00000094
80388430,000003D4
80388804,0000005C
80388860,00000118
80388978,000000D0
80388A48,0000014C
80388B94,0000009C
80388C30,00000008
80388C38,00000188
80388DC0,00000064
80388E24,00000098
80388EBC,0000006C
80388F28,0000006C
80388F94,0000006C
80389000,0000004C
8038904C,00000090
803890DC,00000154
80389230,000000B4
803892E4,00000064
80389348,0000005C
803893A4,0000007C
80389420,00000010
80389430,00000010
80389440,00000010
80389450,00000010
80389460,00000010
80389470,00000010
80389480,00000010
80389490,00000010
803894A0,00000010
803894B0,00000010
803894C0,00000010
803894D0,00000010
803894E0,00000008
803894E8,00000008
803894F0,00000008
803894F8,00000008
80389500,00000008
80389508,00000008
80389510,00000008
80389518,00000008
80389520,00000008
80389528,00000008
80389530,00000008
80389538,00000008
80389540,00000008
80389548,00000008
80389550,00000008
80389558,00000004
8038955C,00000008
80389564,00000008
8038956C,00000010
8038957C,00000028
803895A4,0000005C
80389600,00000100
80389700,0000014C
8038984C,00000158
803899A4,000001C0
80389B64,00000030
80389B94,0000002C
80389BC0,0000006C
80389C2C,0000009C
80389CC8,00000098
80389D60,00000058
80389DB8,000000A8
80389E60,0000007C
80389EDC,00000020
80389EFC,00000078
80389F74,00000080
80389FF4,0000006C
8038A060,00000034
8038A094,0000005C
8038A0F0,0000005C
8038A14C,0000003C
8038A188,00000260
8038A3E8,0000005C
8038A444,00000094
8038A4D8,0000011C
8038A5F4,000000A0
8038A694,00000064
8038A6F8,00000048
8038A740,00000008
8038A748,00000038
8038A780,00000004
8038A784,00000068
8038A7EC,00000048
8038A834,0000008C
8038A8C0,000000A8
8038A968,0000007C
8038A9E4,000000CC
8038AAB0,00000068
8038AB18,0000005C
8038AB74,00000008
8038AB7C,0000002C
8038ABA8,00000074
8038AC1C,00000054
8038AC70,00000078
8038ACE8,0000008C
8038AD74,0000008C
8038AE00,0000005C
8038AE5C,0000005C
8038AEB8,00000010
8038AEC8,00000010
8038AED8,00000010
8038AEE8,00000010
8038AEF8,00000010
8038AF08,00000010
8038AF18,00000010
8038AF28,00000010
8038AF38,00000008
8038AF40,00000008
8038AF48,00000008
8038AF50,00000008
8038AF58,00000008
8038AF60,00000008
8038AF68,00000008
8038AF70,00000008
8038AF78,0000005C
8038AFD4,00000068
8038B03C,00000010
8038B04C,00000044
8038B090,00000044
8038B0D4,00000044
8038B118,00000044
8038B15C,00000044
8038B1A0,00000044
8038B1E4,00000044
8038B228,00000044
8038B26C,00000044
8038B2B0,00000044
8038B2F4,00000074
8038B368,000000B4
8038B41C,000000B4
8038B4D0,000000B4
8038B584,00000078
8038B5FC,0000005C
8038B658,00000074
8038B6CC,00000010
8038B6DC,00000010
8038B6EC,00000010
8038B6FC,00000010
8038B70C,00000010
8038B71C,00000010
8038B72C,00000010
8038B73C,00000010
8038B74C,00000010
8038B75C,00000010
8038B76C,00000010
8038B77C,00000008
8038B784,0000004C
8038B7D0,0000004C
8038B81C,00000008
8038B824,0000004C
8038B870,0000004C
8038B8BC,00000008
8038B8C4,0000004C
8038B910,0000004C
8038B95C,00000008
8038B964,00000008
8038B96C,000000C4
8038BA30,000000FC
8038BB2C,0000004C
8038BB78,0000004C
8038BBC4,0000004C
8038BC10,00000070
8038BC80,000001AC
8038BE2C,00000008
8038BE34,00000040
8038BE74,00000048
8038BEBC,00000008
8038BEC4,00000008
8038BECC,00000008
8038BED4,00000014
8038BEE8,0000003C
8038BF24,000000DC
8038C000,000000D8
8038C0D8,00000014
8038C0EC,00000020
8038C10C,00000014
8038C120,00000014
8038C134,00000054
8038C188,00000054
8038C1DC,00000054
8038C230,0000005C
8038C28C,00000034
8038C2C0,00000010
8038C2D0,00000010
8038C2E0,00000010
8038C2F0,00000008
8038C2F8,00000008
8038C300,00000014
8038C314,00000050
8038C364,00000120
8038C484,00000134
8038C5B8,0000009C
8038C654,000000B4
8038C708,0000003C
8038C744,00000014
8038C758,000000F0
8038C848,00000054
8038C89C,0000004C
8038C8E8,0000005C
8038C944,00000010
8038C954,00000178
8038CACC,000000BC
8038CB88,00000044
8038CBCC,0000004C
8038CC18,00000084
8038CC9C,0000007C
8038CD18,00000140
8038CE58,0000006C
8038CEC4,000000F4
8038CFB8,00000214
8038D1CC,00000098
8038D264,00000048
8038D2AC,0000001C
8038D2C8,0000001C
8038D2E4,00000068
8038D34C,000000D4
8038D420,00000074
8038D494,000000D8
8038D56C,00000190
8038D6FC,0000001C
8038D718,000000A0
8038D7B8,00000044
8038D7FC,00000010
8038D80C,0000005C
8038D868,00000060
8038D8C8,0000005C
8038D924,0000005C
8038D980,00000074
8038D9F4,00000050
8038DA44,00000054
8038DA98,0000005C
8038DAF4,00000080
8038DB74,000000D0
8038DC44,0000007C
8038DCC0,0000005C
8038DD1C,0000005C
8038DD78,00000028
8038DDA0,0000008C
8038DE2C,00000330
8038E15C,00000078
8038E1D4,000000F8
8038E2CC,00000008
8038E2D4,00000038
8038E30C,00000024
8038E330,00000054
8038E384,00000010
8038E394,00000010
8038E3A4,00000010
8038E3B4,00000010
8038E3C4,00000010
8038E3D4,00000010
8038E3E4,00000008
8038E3EC,00000008
8038E3F4,00000008
8038E3FC,00000008
8038E404,00000008
8038E40C,00000004
8038E410,00000004
8038E414,00000010
8038E424,00000074
8038E498,000000A0
8038E538,00000040
8038E578,00000004
8038E57C,00000008
8038E584,00000008
8038E58C,0000005C
8038E5E8,0000005C
8038E644,00000024
8038E668,0000001C
8038E684,0000006C
8038E6F0,00000068
8038E758,00000074
8038E7CC,000000AC
8038E878,00000098
8038E910,0000006C
8038E97C,00000094
8038EA10,00000070
8038EA80,0000013C
8038EBBC,0000005C
8038EC18,0000005C
8038EC74,00000054
8038ECC8,00000010
8038ECD8,00000010
8038ECE8,00000010
8038ECF8,00000010
8038ED08,00000010
8038ED18,00000010
8038ED28,00000010
8038ED38,00000004
8038ED3C,00000008
8038ED44,00000008
8038ED4C,00000008
8038ED54,00000008
8038ED5C,00000008
8038ED64,00000008
8038ED6C,00000084
8038EDF0,00000134
8038EF24,00000104
8038F028,0000005C
8038F084,00000080
8038F104,000000C8
8038F1CC,00000140
8038F30C,00000094
8038F3A0,0000007C
8038F41C,0000001C
8038F438,00000008
8038F440,0000002C
8038F46C,0000008C
8038F4F8,00000074
8038F56C,00000058
8038F5C4,00000058
8038F61C,00000054
8038F670,00000010
8038F680,00000010
8038F690,00000010
8038F6A0,00000010
8038F6B0,00000010
8038F6C0,00000010
8038F6D0,00000010
8038F6E0,00000008
8038F6E8,00000008
8038F6F0,00000008
8038F6F8,00000008
8038F700,00000008
8038F708,00000008
8038F710,00000008
8038F718,00000088
8038F7A0,00000114
8038F8B4,00000088
8038F93C,00000088
8038F9C4,00000120
8038FAE4,00000220
8038FD04,00000450
80390154,0000003C
80390190,00000010
803901A0,00000010
803901B0,00000010
803901C0,00000010
803901D0,00000008
803901D8,00000040
80390218,00000008
80390220,00000040
80390260,0000005C
803902BC,00000080
8039033C,0000005C
80390398,00000010
803903A8,00000060
80390408,00000110
80390518,0000008C
803905A4,00000058
803905FC,00000020
8039061C,0000002C
80390648,0000002C
80390674,0000002C
803906A0,0000002C
803906CC,00000058
80390724,00000008
8039072C,00000008
80390734,00000048
8039077C,00000044
803907C0,00000038
803907F8,00000060
80390858,00000014
8039086C,00000040
803908AC,0000005C
80390908,00000060
80390968,00000008
80390970,00000060
803909D0,00000058
80390A28,0000002C
80390A54,00000010
80390A64,00000010
80390A74,00000054
80390AC8,00000004
80390ACC,00000008
80390AD4,00000068
80390B3C,0000009C
80390BD8,0000005C
80390C34,0000004C
80390C80,0000004C
80390CCC,00000014
80390CE0,00000014
80390CF4,00000014
80390D08,00000014
80390D1C,0000004C
80390D68,00000068
80390DD0,0000006C
80390E3C,000000B0
80390EEC,00000050
80390F3C,00000044
80390F80,000000D0
80391050,0000005C
803910AC,00000084
80391130,00000038
80391168,00000008
80391170,00000008
80391178,00000008
80391180,00000008
80391188,00000058
803911E0,00000034
80391214,00000010
80391224,00000010
80391234,00000010
80391244,00000004
80391248,00000008
80391250,00000004
80391254,00000008
8039125C,00000070
803912CC,00000084
80391350,00000150
803914A0,00000180
80391620,00000120
80391740,00000074
803917B4,00000044
803917F8,00000008
80391800,00000008
80391808,00000008
80391810,00000008
80391818,000000AC
803918C4,0000009C
80391960,000000D8
80391A38,00000150
80391B88,00000040
80391BC8,000000DC
80391CA4,00000058
80391CFC,0000003C
80391D38,00000010
80391D48,00000010
80391D58,00000010
80391D68,00000010
80391D78,00000008
80391D80,00000054
80391DD4,00000008
80391DDC,00000008
80391DE4,00000028
80391E0C,000000F8
80391F04,00000010
80391F14,00000010
80391F24,00000048
80391F6C,00000008
80391F74,0000000C
80391F80,0000005C
80391FDC,00000010
80391FEC,00000048
80392034,00000050
80392084,00000050
803920D4,00000058
8039212C,00000148
80392274,00000114
80392388,000000A0
80392428,00000058
80392480,00000044
803924C4,00000010
803924D4,00000010
803924E4,00000010
803924F4,00000010
80392504,00000010
80392514,00000010
80392524,00000010
80392534,00000008
8039253C,00000008
80392544,00000008
8039254C,00000060
803925AC,00000090
8039263C,00000050
8039268C,00000034
803926C0,00000014
803926D4,0000005C
80392730,00000008
80392738,0000006C
803927A4,00000058
803927FC,00000018
80392814,00000008
8039281C,00000034
80392850,000000F4
80392944,00000080
803929C4,0000007C
80392A40,00000090
80392AD0,00000090
80392B60,00000090
80392BF0,000000AC
80392C9C,00000030
80392CCC,00000040
80392D0C,00000028
80392D34,0000004C
80392D80,000000BC
80392E3C,00000024
80392E60,00000038
80392E98,00000120
80392FB8,0000007C
80393034,00000004
80393038,00000064
8039309C,00000058
803930F4,0000001C
80393110,000000A4
803931B4,00000058
8039320C,00000074
80393280,00000034
803932B4,00000008
803932BC,00000014
803932D0,00000004
803932D4,00000004
803932D8,0000004C
80393324,00000004
80393328,00000004
8039332C,0000005C
80393388,00000030
803933B8,00000058
80393410,0000006C
8039347C,00000094
80393510,0000000C
8039351C,00000044
80393560,0000000C
8039356C,00000040
803935AC,00000038
803935E4,00000038
8039361C,00000038
80393654,00000038
8039368C,00000018
803936A4,00000018
803936BC,0000006C
80393728,00000048
80393770,0000003C
803937AC,0000003C
803937E8,00000028
80393810,0000001C
8039382C,0000002C
80393858,00000054
803938AC,00000084
80393930,000000F8
80393A28,00000078
80393AA0,00000074
80393B14,000001E8
80393CFC,0000002C
80393D28,0000004C
80393D74,0000001C
80393D90,00000050
80393DE0,00000018
80393DF8,00000114
80393F0C,00000078
80393F84,00000130
803940B4,00000058
8039410C,000000B4
803941C0,00000074
80394234,000000D0
80394304,00000030
80394334,0000005C
80394390,00000048
803943D8,0000001C
803943F4,00000050
80394444,00000048
8039448C,00000028
803944B4,00000074
80394528,0000000C
80394534,0000010C
80394640,00000018
80394658,000000B4
8039470C,0000006C
80394778,00000058
803947D0,0000009C
8039486C,00000034
803948A0,00000050
803948F0,00000100
803949F0,0000007C
80394A6C,00000080
80394AEC,0000008C
80394B78,000000A0
80394C18,00000088
80394CA0,00000014
80394CB4,00000020
80394CD4,00000008
80394CDC,00000030
80394D0C,00000020
80394D2C,00000030
80394D5C,00000078
80394DD4,00000030
80394E04,00000020
80394E24,00000030
80394E54,00000010
80394E64,00000024
80394E88,0000005C
80394EE4,00000030
80394F14,00000028
80394F3C,00000084
80394FC0,00000074
80395034,0000001C
80395050,000000B4
80395104,00000134
80395238,0000008C
803952C4,00000084
80395348,0000002C
80395374,0000007C
803953F0,00000080
80395470,000000AC
8039551C,00000010
8039552C,00000008
80395534,00000008
8039553C,00000014
80395550,0000000C
8039555C,000000FC
80395658,0000005C
803956B4,00000008
803956BC,0000005C
80395718,00000024
8039573C,000000A0
803957DC,00000034
80395810,000000D0
803958E0,000000CC
803959AC,000000B0
80395A5C,00000088
80395AE4,000000D8
80395BBC,00000030
80395BEC,00000008
80395BF4,000000A8
80395C9C,00000094
80395D30,00000068
80395D98,0000006C
80395E04,00000070
80395E74,00000080
80395EF4,000002E8
803961DC,000000D4
803962B0,0000001C
803962CC,00000078
80396344,00000058
8039639C,00000020
803963BC,00000064
80396420,00000010
80396430,00000008
80396438,0000000C
80396444,00000084
803964C8,00000044
8039650C,00000044
80396550,0000004C
8039659C,00000058
803965F4,000000D4
803966C8,00000064
8039672C,00000064
80396790,000000B4
80396844,000000A8
803968EC,00000070
8039695C,00000098
803969F4,00000098
80396A8C,00000008
80396A94,0000000C
80396AA0,0000007C
80396B1C,00000014
80396B30,00000058
80396B88,00000020
80396BA8,00000074
80396C1C,00000074
80396C90,00000060
80396CF0,00000064
80396D54,0000012C
80396E80,00000068
80396EE8,0000008C
80396F74,00000010
80396F84,00000088
8039700C,000000CC
803970D8,00000014
803970EC,00000070
8039715C,00000020
8039717C,00000020
8039719C,00000020
803971BC,00000014
803971D0,00000014
803971E4,00000074
80397258,00000064
803972BC,00000018
803972D4,00000018
803972EC,00000044
80397330,00000050
80397380,0000001C
8039739C,0000002C
803973C8,00000038
80397400,0000001C
8039741C,00000104
80397520,0000011C
8039763C,00000078
803976B4,000000C4
80397778,0000001C
80397794,00000060
803977F4,000000D0
803978C4,00000060
80397924,00000028
8039794C,00000080
803979CC,0000006C
80397A38,0000004C
80397A84,00000048
80397ACC,00000050
80397B1C,0000007C
80397B98,00000028
80397BC0,00000024
80397BE4,000000AC
80397C90,00000078
80397D08,0000006C
80397D74,00000068
80397DDC,000000D8
80397EB4,000000C8
80397F7C,000000C0
8039803C,00000008
80398044,0000002C
80398070,00000054
803980C4,00000054
80398118,00000060
80398178,00000028
803981A0,00000008
803981A8,0000000C
803981B4,00000048
803981FC,00000008
80398204,0000005C
80398260,0000007C
803982DC,00000088
80398364,0000002C
80398390,0000004C
803983DC,0000008C
80398468,00000054
803984BC,0000006C
80398528,00000058
80398580,00000048
803985C8,00000050
80398618,000002BC
803988D4,000000E8
803989BC,00000148
80398B04,000000A8
80398BAC,000000E8
80398C94,00000050
80398CE4,00000058
80398D3C,0000006C
80398DA8,00000058
80398E00,00000098
80398E98,00000048
80398EE0,0000007C
80398F5C,000000F4
80399050,00000008
80399058,00000050
803990A8,0000009C
80399144,0000013C
80399280,00000094
80399314,0000007C
80399390,000000B4
80399444,00000034
80399478,00000058
803994D0,000000F8
803995C8,00000078
80399640,00000194
803997D4,00000008
803997DC,00000008
803997E4,00000054
80399838,000000C4
803998FC,00000068
80399964,00000054
803999B8,00000050
80399A08,00000060
80399A68,00000008
80399A70,00000080
80399AF0,00000068
80399B58,00000094
80399BEC,000000CC
80399CB8,0000010C
80399DC4,0000004C
80399E10,00000044
80399E54,00000010
80399E64,00000010
80399E74,00000010
80399E84,00000010
80399E94,00000010
80399EA4,00000038
80399EDC,00000004
80399EE0,00000008
80399EE8,00000008
80399EF0,00000008
80399EF8,00000058
80399F50,00000030
80399F80,00000068
80399FE8,00000058
8039A040,00000084
8039A0C4,000000C4
8039A188,0000005C
8039A1E4,000000A4
8039A288,00000064
8039A2EC,0000002C
8039A318,000000B8
8039A3D0,00000058
8039A428,00000080
8039A4A8,00000088
8039A530,00000088
8039A5B8,00000168
8039A720,00000094
8039A7B4,00000068
8039A81C,00000058
8039A874,0000003C
8039A8B0,00000010
8039A8C0,00000010
8039A8D0,00000010
8039A8E0,00000010
8039A8F0,00000008
8039A8F8,00000008
8039A900,00000008
8039A908,00000008
8039A910,00000028
8039A938,000000BC
8039A9F4,00000118
8039AB0C,00000008
8039AB14,00000024
8039AB38,0000001C
8039AB54,000000DC
8039AC30,00000288
8039AEB8,00000038
8039AEF0,00000058
8039AF48,0000001C
8039AF64,00000010
8039AF74,00000010
8039AF84,00000024
8039AFA8,00000024
8039AFCC,00000008
8039AFD4,00000014
8039AFE8,0000000C
8039AFF4,00000014
8039B008,00000008
8039B010,00000048
8039B058,00000010
8039B068,0000000C
8039B074,00000010
8039B084,00000010
8039B094,0000000C
8039B0A0,00000008
8039B0A8,00000008
8039B0B0,00000008
8039B0B8,0000000C
8039B0C4,0000000C
8039B0D0,00000018
8039B0E8,0000000C
8039B0F4,00000038
8039B12C,00000030
8039B15C,00000038
8039B194,00000030
8039B1C4,00000024
8039B1E8,00000024
8039B20C,00000034
8039B240,00000024
8039B264,00000024
8039B288,00000048
8039B2D0,00000048
8039B318,00000048
8039B360,00000004
8039B364,0000005C
8039B3C0,00000004
8039B3C4,00000044
8039B408,0000006C
8039B474,0000005C
8039B4D0,0000006C
8039B53C,0000005C
8039B598,00000070
8039B608,00000030
8039B638,00000054
8039B68C,0000000C
8039B698,00000060
8039B6F8,000000A0
8039B798,00000060
8039B7F8,000000D4
8039B8CC,0000006C
8039B938,00000014
8039B94C,00000048
8039B994,00000014
8039B9A8,00000008
8039B9B0,00000008
8039B9B8,00000014
8039B9CC,00000008
8039B9D4,0000000C
8039B9E0,00000058
8039BA38,00000040
8039BA78,00000070
8039BAE8,000000F8
8039BBE0,00000074
8039BC54,00000040
8039BC94,00000058
8039BCEC,00000118
8039BE04,00000020
8039BE24,00000024
8039BE48,00000028
8039BE70,00000048
8039BEB8,000000A8
8039BF60,00000090
8039BFF0,00000060
8039C050,00000010
8039C060,0000005C
8039C0BC,0000005C
8039C118,00000004
8039C11C,00000008
8039C124,00000060
8039C184,0000008C
8039C210,00000074
8039C284,00000070
8039C2F4,00000120
8039C414,000000E0
8039C4F4,00000054
8039C548,000000B4
8039C5FC,00000024
8039C620,0000005C
8039C67C,0000000C
8039C688,00000040
8039C6C8,00000010
8039C6D8,00000058
8039C730,000000C4
8039C7F4,00000058
8039C84C,00000038
8039C884,00000018
8039C89C,00000054
8039C8F0,00000010
8039C900,00000010
8039C910,00000010
8039C920,00000010
8039C930,00000010
8039C940,00000010
8039C950,00000010
8039C960,00000008
8039C968,00000004
8039C96C,00000004
8039C970,00000008
8039C978,00000008
8039C980,00000008
8039C988,00000008
8039C990,00000044
8039C9D4,00000034
8039CA08,00000070
8039CA78,00000030
8039CAA8,00000068
8039CB10,00000058
8039CB68,00000058
8039CBC0,00000010
8039CBD0,0000007C
8039CC4C,00000014
8039CC60,00000018
8039CC78,00000008
8039CC80,00000014
8039CC94,000000E8
8039CD7C,00000074
8039CDF0,00000054
8039CE44,0000004C
8039CE90,000000D4
8039CF64,000000B4
8039D018,00000198
8039D1B0,00000068
8039D218,00000068
8039D280,0000004C
8039D2CC,00000078
8039D344,00000024
8039D368,0000006C
8039D3D4,0000006C
8039D440,0000000C
8039D44C,0000000C
8039D458,00000024
8039D47C,00000008
8039D484,00000008
8039D48C,00000008
8039D494,00000014
8039D4A8,00000014
8039D4BC,00000008
8039D4C4,0000000C
8039D4D0,0000000C
8039D4DC,00000014
8039D4F0,0000003C
8039D52C,00000024
8039D550,00000028
8039D578,0000007C
8039D5F4,000000D8
8039D6CC,000000A0
8039D76C,000000BC
8039D828,00000094
8039D8BC,00000028
8039D8E4,0000004C
8039D930,000000B4
8039D9E4,00000068
8039DA4C,00000040
8039DA8C,00000060
8039DAEC,00000070
8039DB5C,00000088
8039DBE4,0000005C
8039DC40,00000178
8039DDB8,00000058
8039DE10,0000005C
8039DE6C,00000074
8039DEE0,00000010
8039DEF0,00000010
8039DF00,00000010
8039DF10,00000010
8039DF20,00000010
8039DF30,00000010
8039DF40,00000010
8039DF50,00000010
8039DF60,00000010
8039DF70,00000010
8039DF80,00000010
8039DF90,00000008
8039DF98,00000008
8039DFA0,00000008
8039DFA8,00000008
8039DFB0,00000008
8039DFB8,00000008
8039DFC0,00000008
8039DFC8,00000008
8039DFD0,00000008
8039DFD8,00000004
8039DFDC,00000008
8039DFE4,00000040
8039E024,00000030
8039E054,00000068
8039E0BC,00000050
8039E10C,00000154
8039E260,0000002C
8039E28C,0000000C
8039E298,0000000C
8039E2A4,00000050
8039E2F4,00000058
8039E34C,00000028
8039E374,00000060
8039E3D4,00000078
8039E44C,000000BC
8039E508,00000084
8039E58C,00000058
8039E5E4,000000A0
8039E684,0000008C
8039E710,00000028
8039E738,0000002C
8039E764,00000064
8039E7C8,00000044
8039E80C,00000010
8039E81C,00000014
8039E830,000000A0
8039E8D0,0000005C
8039E92C,0000004C
8039E978,00000010
8039E988,00000010
8039E998,00000010
8039E9A8,00000010
8039E9B8,00000010
8039E9C8,00000010
8039E9D8,00000008
8039E9E0,00000008
8039E9E8,00000008
8039E9F0,00000008
8039E9F8,00000008
8039EA00,00000008
8039EA08,00000084
8039EA8C,00000048
8039EAD4,00000044
8039EB18,00000048
8039EB60,00000048
8039EBA8,00000038
8039EBE0,00000048
8039EC28,00000040
8039EC68,00000008
8039EC70,00000008
8039EC78,00000008
8039EC80,00000038
8039ECB8,0000007C
8039ED34,0000008C
8039EDC0,000000D4
8039EE94,00000050
8039EEE4,0000006C
8039EF50,00000018
8039EF68,00000004
8039EF6C,00000050
8039EFBC,00000010
8039EFCC,00000024
8039EFF0,0000005C
8039F04C,00000088
8039F0D4,00000008
8039F0DC,00000018
8039F0F4,0000006C
8039F160,00000058
8039F1B8,000000DC
8039F294,000000C8
8039F35C,00000044
8039F3A0,00000088
8039F428,00000034
8039F45C,0000007C
8039F4D8,00000100
8039F5D8,00000128
8039F700,000000AC
8039F7AC,00000008
8039F7B4,00000108
8039F8BC,00000068
8039F924,0000009C
8039F9C0,0000005C
8039FA1C,00000110
8039FB2C,00000048
8039FB74,0000010C
8039FC80,00000028
8039FCA8,00000078
8039FD20,00000070
8039FD90,00000094
8039FE24,000000BC
8039FEE0,00000034
8039FF14,00000168
803A007C,00000080
803A00FC,00000094
803A0190,00000050
803A01E0,00000054
803A0234,0000005C
803A0290,00000388
803A0618,00000090
803A06A8,0000005C
803A0704,00000074
803A0778,00000128
803A08A0,000000F0
803A0990,00000058
803A09E8,0000008C
803A0A74,0000004C
803A0AC0,00000020
803A0AE0,00000008
803A0AE8,00000008
803A0AF0,00000040
803A0B30,00000030
803A0B60,00000058
803A0BB8,0000003C
803A0BF4,00000078
803A0C6C,0000008C
803A0CF8,00000074
803A0D6C,00000014
803A0D80,00000020
803A0DA0,00000028
803A0DC8,00000018
803A0DE0,00000014
803A0DF4,0000000C
803A0E00,0000000C
803A0E0C,0000004C
803A0E58,0000004C
803A0EA4,0000004C
803A0EF0,00000028
803A0F18,00000154
803A106C,000000F4
803A1160,00000048
803A11A8,0000005C
803A1204,00000098
803A129C,0000005C
803A12F8,00000054
803A134C,0000004C
803A1398,00000098
803A1430,000001A8
803A15D8,0000002C
803A1604,00000050
803A1654,000000E4
803A1738,0000004C
803A1784,00000068
803A17EC,00000060
803A184C,00000070
803A18BC,000000AC
803A1968,00000080
803A19E8,00000080
803A1A68,0000006C
803A1AD4,0000005C
803A1B30,00000050
803A1B80,00000050
803A1BD0,000000D0
803A1CA0,00000014
803A1CB4,00000014
803A1CC8,00000004
803A1CCC,0000001C
803A1CE8,00000098
803A1D80,00000074
803A1DF4,000000A8
803A1E9C,00000010
803A1EAC,00000058
803A1F04,0000007C
803A1F80,00000010
803A1F90,00000010
803A1FA0,00000010
803A1FB0,00000010
803A1FC0,00000010
803A1FD0,00000010
803A1FE0,00000010
803A1FF0,00000010
803A2000,00000010
803A2010,00000010
803A2020,00000010
803A2030,00000010
803A2040,00000008
803A2048,00000008
803A2050,00000008
803A2058,00000008
803A2060,00000008
803A2068,00000008
803A2070,0000004C
803A20BC,00000008
803A20C4,00000008
803A20CC,00000008
803A20D4,00000008
803A20DC,00000004
803A20E0,0000005C
803A213C,00000030
803A216C,0000002C
803A2198,00000010
803A21A8,00000064
803A220C,0000007C
803A2288,00000074
803A22FC,00000058
803A2354,00000080
803A23D4,00000068
803A243C,00000008
803A2444,00000010
803A2454,00000020
803A2474,00000014
803A2488,00000014
803A249C,00000014
803A24B0,00000014
803A24C4,00000020
803A24E4,00000014
803A24F8,0000000C
803A2504,0000005C
803A2560,0000004C
803A25AC,00000110
803A26BC,000000B4
803A2770,00000104
803A2874,00000058
803A28CC,00000018
803A28E4,00000064
803A2948,00000054
803A299C,00000014
803A29B0,00000008
803A29B8,0000003C
803A29F4,0000000C
803A2A00,00000074
803A2A74,000000A0
803A2B14,0000004C
803A2B60,00000088
803A2BE8,00000010
803A2BF8,00000008
803A2C00,0000014C
803A2D4C,0000009C
803A2DE8,00000004
803A2DEC,00000164
803A2F50,00000060
803A2FB0,0000008C
803A303C,00000010
803A304C,00000098
803A30E4,00000040
803A3124,00000040
803A3164,000000C0
803A3224,000000DC
803A3300,00000008
803A3308,000000A4
803A33AC,00000004
803A33B0,00000038
803A33E8,000001E4
803A35CC,00000008
803A35D4,00000008
803A35DC,0000000C
803A35E8,0000000C
803A35F4,0000004C
803A3640,00000010
803A3650,00000078
803A36C8,00000040
803A3708,00000040
803A3748,00000040
803A3788,0000005C
803A37E4,0000004C
803A3830,0000004C
803A387C,00000070
803A38EC,00000280
803A3B6C,000001AC
803A3D18,00000224
803A3F3C,00000174
803A40B0,0000014C
803A41FC,000003EC
803A45E8,000006F8
803A4CE0,0000008C
803A4D6C,00000064
803A4DD0,000000EC
803A4EBC,000000A0
803A4F5C,00000098
803A4FF4,000000E4
803A50D8,00000128
803A5200,0000015C
803A535C,00000080
803A53DC,000001BC
803A5598,0000006C
803A5604,0000010C
803A5710,00000014
803A5724,00000058
803A577C,00000058
803A57D4,00000064
803A5838,00000040
803A5878,00000040
803A58B8,00000040
803A58F8,00000040
803A5938,00000094
803A59CC,00000030
803A59FC,00000058
803A5A54,00000030
803A5A84,00000058
803A5ADC,00000010
803A5AEC,00000078
803A5B64,00000054
803A5BB8,00000054
803A5C0C,0000002C
803A5C38,0000005C
803A5C94,00000134
803A5DC8,00000030
803A5DF8,0000000C
803A5E04,00000064
803A5E68,0000012C
803A5F94,0000001C
803A5FB0,00000050
803A6000,00000070
803A6070,00000064
803A60D4,00000018
803A60EC,0000018C
803A6278,0000002C
803A62A4,0000009C
803A6340,00000100
803A6440,00000144
803A6584,00000394
803A6918,000000CC
803A69E4,00000058
803A6A3C,00000034
803A6A70,00000044
803A6AB4,00000034
803A6AE8,00000044
803A6B2C,00000084
803A6BB0,00000148
803A6CF8,00000068
803A6D60,00000068
803A6DC8,000000B8
803A6E80,0000008C
803A6F0C,00000080
803A6F8C,00000048
803A6FD4,00000080
803A7054,00000094
803A70E8,00000084
803A716C,00000014
803A7180,00000014
803A7194,00000048
803A71DC,00000038
803A7214,00000078
803A728C,00000024
803A72B0,00000020
803A72D0,00000010
803A72E0,0000005C
803A733C,00000064
803A73A0,00000014
803A73B4,00000010
803A73C4,00000004
803A73C8,00000048
803A7410,00000010
803A7420,0000002C
803A744C,00000048
803A7494,00000074
803A7508,00000040
803A7548,00000004
803A754C,00000094
803A75E0,00000128
803A7708,00000098
803A77A0,00000098
803A7838,0000007C
803A78B4,0000003C
803A78F0,000000DC
803A79CC,00000448
803A7E14,00000074
803A7E88,000000A4
803A7F2C,00000020
803A7F4C,00000090
803A7FDC,00000020
803A7FFC,00000040
803A803C,00000040
803A807C,0000007C
803A80F8,00000030
803A8128,00000010
803A8138,0000003C
803A8174,00000070
803A81E4,00000030
803A8214,00000388
803A859C,00000014
803A85B0,00000130
803A86E0,000000B8
803A8798,00000058
803A87F0,00000038
803A8828,00000234
803A8A5C,00000010
803A8A6C,00000144
803A8BB0,00000014
803A8BC4,000000D4
803A8C98,00000008
803A8CA0,00000008
803A8CA8,000000F0
803A8D98,0000004C
803A8DE4,00000048
803A8E2C,00000048
803A8E74,00000004
803A8E78,00000004
803A8E7C,00000010
803A8E8C,00000074
803A8F00,00000074
803A8F74,00000078
803A8FEC,00000078
803A9064,00000078
803A90DC,00000074
803A9150,00000078
803A91C8,00000078
803A9240,00000078
803A92B8,00000078
803A9330,00000078
803A93A8,00000078
803A9420,00000078
803A9498,00000078
803A9510,00000078
803A9588,00000078
803A9600,00000078
803A9678,00000078
803A96F0,0000007C
803A976C,00000078
803A97E4,00000078
803A985C,00000080
803A98DC,00000080
803A995C,00000078
803A99D4,00000078
803A9A4C,000001F8
803A9C44,00000064
803A9CA8,00000084
803A9D2C,000000A8
803A9DD4,00000058
803A9E2C,00000020
803A9E4C,00000040
803A9E8C,00000008
803A9E94,0000002C
803A9EC0,000000D8
803A9F98,000000A4
803AA03C,00000094
803AA0D0,0000000C
803AA0DC,000001CC
803AA2A8,00000008
803AA2B0,0000009C
803AA34C,00000008
803AA354,00000008
803AA35C,00000008
803AA364,00000008
803AA36C,00000008
803AA374,00000004
803AA378,00000050
803AA3C8,00000044
803AA40C,00000058
803AA464,00000088
803AA4EC,00000030
803AA51C,00000030
803AA54C,000001A8
803AA6F4,00000008
803AA6FC,00000008
803AA704,0000001C
803AA720,00000018
803AA738,00000018
803AA750,000000C8
803AA818,00000058
803AA870,00000064
803AA8D4,00000008
803AA8DC,00000018
803AA8F4,0000023C
803AAB30,000001F8
803AAD28,00000110
803AAE38,00000094
803AAECC,0000005C
803AAF28,000000AC
803AAFD4,0000000C
803AAFE0,0000000C
803AAFEC,0000000C
803AAFF8,0000000C
803AB004,0000000C
803AB010,0000000C
803AB01C,0000000C
803AB028,0000000C
803AB034,0000000C
803AB040,0000000C
803AB04C,0000000C
803AB058,0000000C
803AB064,0000000C
803AB070,0000000C
803AB07C,0000000C
803AB088,0000000C
803AB094,0000000C
803AB0A0,0000000C
803AB0AC,0000000C
803AB0B8,0000000C
803AB0C4,0000000C
803AB0D0,0000000C
803AB0DC,0000000C
803AB0E8,0000000C
803AB0F4,0000000C
803AB100,0000000C
803AB10C,00000028
803AB134,0000004C
803AB180,00000024
803AB1A4,00000008
803AB1AC,000000D0
803AB27C,00000064
803AB2E0,00000050
803AB330,00000074
803AB3A4,00000050
803AB3F4,00000098
803AB48C,00000054
803AB4E0,0000001C
803AB4FC,0000005C
803AB558,00000010
803AB568,00000034
803AB59C,00000024
803AB5C0,00000028
803AB5E8,00000028
803AB610,0000009C
803AB6AC,00000014
803AB6C0,00000044
803AB704,00000108
803AB80C,00000198
803AB9A4,0000008C
803ABA30,00000018
803ABA48,00000008
803ABA50,0000000C
803ABA5C,00000048
803ABAA4,00000014
803ABAB8,00000040
803ABAF8,00000014
803ABB0C,000000F0
803ABBFC,0000000C
803ABC08,0000000C
803ABC14,00000010
803ABC24,000000CC
803ABCF0,000000CC
803ABDBC,0000000C
803ABDC8,000001E0
803ABFA8,0000003C
803ABFE4,0000003C
803AC020,00000024
803AC044,00000008
803AC04C,000000A8
803AC0F4,00000020
803AC114,00000068
803AC17C,0000001C
803AC198,000000D4
803AC26C,00000094
803AC300,00000030
803AC330,00000010
803AC340,0000006C
803AC3AC,0000003C
803AC3E8,00000174
803AC55C,00000018
803AC574,00000050
803AC5C4,000000EC
803AC6B0,000000BC
803AC76C,00000060
803AC7CC,0000005C
803AC828,00000004
803AC82C,00000038
803AC864,000001D8
803ACA3C,00000018
803ACA54,00000134
803ACB88,0000000C
803ACB94,0000000C
803ACBA0,0000000C
803ACBAC,0000000C
803ACBB8,0000000C
803ACBC4,0000000C
803ACBD0,0000000C
803ACBDC,00000004
803ACBE0,00000010
803ACBF0,00000064
803ACC54,00000008
803ACC5C,0000000C
803ACC68,0000004C
803ACCB4,0000004C
803ACD00,0000000C
803ACD0C,0000000C
803ACD18,00000078
803ACD90,0000009C
803ACE2C,0000000C
803ACE38,0000000C
803ACE44,0000000C
803ACE50,00000008
803ACE58,00000008
803ACE60,00000008
803ACE68,00000008
803ACE70,00000008
803ACE78,00000008
803ACE80,00000008
803ACE88,00000008
803ACE90,00000008
803ACE98,00000008
803ACEA0,00000008
803ACEA8,00000064
803ACF0C,00000008
803ACF14,000000EC
803AD000,00000060
803AD060,0000006C
803AD0CC,00000078
803AD144,00000014
803AD158,00000044
803AD19C,0000000C
803AD1A8,0000000C
803AD1B4,00000098
803AD24C,000000E4
803AD330,0000001C
803AD34C,0000005C
803AD3A8,00000058
803AD400,00000018
803AD418,00000028
803AD440,00000010
803AD450,00000010
803AD460,0000000C
803AD46C,0000000C
803AD478,00000010
803AD488,00000034
803AD4BC,00000008
803AD4C4,0000000C
803AD4D0,00000090
803AD560,000000DC
803AD63C,00000018
803AD654,00000018
803AD66C,00000044
803AD6B0,00000050
803AD700,000000DC
803AD7DC,00000070
803AD84C,00000040
803AD88C,00000040
803AD8CC,00000040
803AD90C,00000008
803AD914,00000008
803AD91C,00000014
803AD930,0000006C
803AD99C,000000C4
803ADA60,00000070
803ADAD0,00000074
803ADB44,00000070
803ADBB4,000001A0
803ADD54,00000074
803ADDC8,00000044
803ADE0C,00000054
803ADE60,00000058
803ADEB8,00000028
803ADEE0,00000020
803ADF00,0000006C
803ADF6C,00000018
803ADF84,00000064
803ADFE8,000000C8
803AE0B0,00000028
803AE0D8,000000A0
803AE178,00000068
803AE1E0,0000000C
803AE1EC,0000000C
803AE1F8,0000007C
803AE274,00000078
803AE2EC,00000070
803AE35C,000000A8
803AE404,00000068
803AE46C,00000090
803AE4FC,00000098
803AE594,00000078
803AE60C,00000058
803AE664,00000088
803AE6EC,00000070
803AE75C,0000008C
803AE7E8,00000058
803AE840,00000014
803AE854,00000008
803AE85C,00000008
803AE864,00000048
803AE8AC,0000004C
803AE8F8,00000008
803AE900,00000028
803AE928,00000058
803AE980,0000002C
803AE9AC,00000010
803AE9BC,00000010
803AE9CC,00000004
803AE9D0,00000004
803AE9D4,00000070
803AEA44,00000024
803AEA68,00000058
803AEAC0,00000168
803AEC28,00000008
803AEC30,0000000C
803AEC3C,00000008
803AEC44,00000008
803AEC4C,00000008
803AEC54,00000008
803AEC5C,00000008
803AEC64,00000050
803AECB4,0000005C
803AED10,00000070
803AED80,00000070
803AEDF0,00000094
803AEE84,000000A8
803AEF2C,000000A8
803AEFD4,0000004C
803AF020,0000004C
803AF06C,0000005C
803AF0C8,00000068
803AF130,0000004C
803AF17C,00000034
803AF1B0,00000038
803AF1E8,00000094
803AF27C,00000084
803AF300,00000048
803AF348,000000A0
803AF3E8,00000040
803AF428,00000098
803AF4C0,0000000C
803AF4CC,0000000C
803AF4D8,0000000C
803AF4E4,0000000C
803AF4F0,00000080
803AF570,000000B8
803AF628,00000060
803AF688,00000098
803AF720,000000CC
803AF7EC,00000010
803AF7FC,00000010
803AF80C,0000002C
803AF838,0000004C
803AF884,0000003C
803AF8C0,00000054
803AF914,0000004C
803AF960,0000004C
803AF9AC,0000004C
803AF9F8,0000003C
803AFA34,0000002C
803AFA60,0000003C
803AFA9C,00000074
803AFB10,0000002C
803AFB3C,0000002C
803AFB68,0000003C
803AFBA4,0000003C
803AFBE0,0000003C
803AFC1C,00000074
803AFC90,0000003C
803AFCCC,0000003C
803AFD08,0000004C
803AFD54,0000004C
803AFDA0,00000054
803AFDF4,00000020
803AFE14,00000018
803AFE2C,0000005C
803AFE88,0000004C
803AFED4,0000003C
803AFF10,0000003C
803AFF4C,0000002C
803AFF78,0000002C
803AFFA4,0000002C
803AFFD0,00000064
803B0034,00000064
803B0098,0000003C
803B00D4,0000003C
803B0110,0000004C
803B015C,0000003C
803B0198,00000058
803B01F0,0000002C
803B021C,0000003C
803B0258,0000002C
803B0284,0000002C
803B02B0,0000002C
803B02DC,00000010
803B02EC,00000014
803B0300,00000014
803B0314,00000014
803B0328,00000028
803B0350,0000002C
803B037C,00000074
803B03F0,00000074
803B0464,00000074
803B04D8,0000006C
803B0544,00000028
803B056C,00000028
803B0594,00000074
803B0608,00000060
803B0668,00000080
803B06E8,00000040
803B0728,00000028
803B0750,00000028
803B0778,00000028
803B07A0,00000028
803B07C8,00000028
803B07F0,00000048
803B0838,00000028
803B0860,00000038
803B0898,00000024
803B08BC,00000024
803B08E0,0000004C
803B092C,0000004C
803B0978,0000005C
803B09D4,0000008C
803B0A60,00000100
803B0B60,0000007C
803B0BDC,00000028
803B0C04,00000028
803B0C2C,00000024
803B0C50,00000010
803B0C60,00000010
803B0C70,00000068
803B0CD8,00000048
803B0D20,00000058
803B0D78,00000034
803B0DAC,00000044
803B0DF0,00000108
803B0EF8,00000128
803B1020,00000078
803B1098,00000050
803B10E8,00000068
803B1150,0000003C
803B118C,00000008
803B1194,00000010
803B11A4,0000000C
803B11B0,0000000C
803B11BC,000000F8
803B12B4,0000005C
803B1310,00000080
803B1390,0000007C
803B140C,0000007C
803B1488,0000009C
803B1524,000000F8
803B161C,000001B8
803B17D4,00000034
803B1808,00000090
803B1898,00000008
803B18A0,00000008
803B18A8,00000008
803B18B0,00000028
803B18D8,00000008
803B18E0,00000048
803B1928,00000074
803B199C,0000008C
803B1A28,00000010
803B1A38,00000018
803B1A50,00000090
803B1AE0,00000090
803B1B70,00000068
803B1BD8,00000014
803B1BEC,0000003C
803B1C28,00000068
803B1C90,0000003C
803B1CCC,0000003C
803B1D08,00000050
803B1D58,0000004C
803B1DA4,00000008
803B1DAC,00000008
803B1DB4,00000008
803B1DBC,00000080
803B1E3C,0000007C
803B1EB8,00000068
803B1F20,00000008
803B1F28,00000008
803B1F30,00000008
803B1F38,00000008
803B1F40,0000000C
803B1F4C,00000008
803B1F54,00000008
803B1F5C,00000008
803B1F64,00000008
803B1F6C,00000008
803B1F74,00000008
803B1F7C,00000008
803B1F84,00000084
803B2008,00000078
803B2080,00000094
803B2114,00000008
803B211C,00000060
803B217C,00000044
803B21C0,0000000C
803B21CC,0000000C
803B21D8,000000A0
803B2278,000000D0
803B2348,0000001C
803B2364,00000010
803B2374,00000040
803B23B4,00000018
803B23CC,0000000C
803B23D8,00000040
803B2418,00000098
803B24B0,00000038
803B24E8,00000008
803B24F0,00000010
803B2500,00000014
803B2514,00000018
803B252C,00000010
803B253C,0000000C
803B2548,00000040
803B2588,00000008
803B2590,00000010
803B25A0,0000003C
803B25DC,00000008
803B25E4,00000008
803B25EC,00000008
803B25F4,00000070
803B2664,00000008
803B266C,0000000C
803B2678,00000018
803B2690,00000018
803B26A8,00000018
803B26C0,00000018
803B26D8,0000000C
803B26E4,0000000C
803B26F0,0000000C
803B26FC,0000000C
803B2708,00000010
803B2718,0000000C
803B2724,0000000C
803B2730,0000004C
803B277C,00000040
803B27BC,00000008
803B27C4,00000010
803B27D4,0000003C
803B2810,000000C0
803B28D0,000002E8
803B2BB8,00000008
803B2BC0,00000038
803B2BF8,00000008
803B2C00,0000002C
803B2C2C,0000000C
803B2C38,000000CC
803B2D04,00000044
803B2D48,000000A4
803B2DEC,000000A4
803B2E90,00000030
803B2EC0,00000018
803B2ED8,000000F4
803B2FCC,000000C4
803B3090,000000AC
803B313C,00000280
803B33BC,00000038
803B33F4,000000BC
803B34B0,00000094
803B3544,00000060
803B35A4,0000000C
803B35B0,00000198
803B3748,00000074
803B37BC,00000208
803B39C4,00000094
803B3A58,000000A4
803B3AFC,00000014
803B3B10,00000008
803B3B18,00000064
803B3B7C,00000088
803B3C04,00000068
803B3C6C,00000074
803B3CE0,0000004C
803B3D2C,0000003C
803B3D68,0000000C
803B3D74,00000100
803B3E74,000000C4
803B3F38,00000058
803B3F90,0000000C
803B3F9C,0000006C
803B4008,00000038
803B4040,00000044
803B4084,00000010
803B4094,0000000C
803B40A0,000000C4
803B4164,000000F0
803B4254,00000044
803B4298,0000007C
803B4314,0000007C
803B4390,00000124
803B44B4,00000040
803B44F4,00000030
803B4524,00000068
803B458C,00000040
803B45CC,00000060
803B462C,0000004C
803B4678,00000008
803B4680,00000008
803B4688,0000000C
803B4694,0000000C
803B46A0,00000010
803B46B0,00000010
803B46C0,00000010
803B46D0,00000028
803B46F8,00000028
803B4720,00000028
803B4748,00000038
803B4780,00000038
803B47B8,00000038
803B47F0,00000038
803B4828,00000028
803B4850,00000028
803B4878,00000028
803B48A0,00000028
803B48C8,00000028
803B48F0,00000028
803B4918,00000028
803B4940,00000048
803B4988,00000028
803B49B0,0000000C
803B49BC,0000000C
803B49C8,00000024
803B49EC,00000034
803B4A20,00000034
803B4A54,00000024
803B4A78,00000028
803B4AA0,00000010
803B4AB0,00000014
803B4AC4,00000014
803B4AD8,00000014
803B4AEC,00000014
803B4B00,00000064
803B4B64,00000074
803B4BD8,00000038
803B4C10,00000038
803B4C48,00000038
803B4C80,00000014
803B4C94,0000001C
803B4CB0,0000007C
803B4D2C,00000010
803B4D3C,00000024
803B4D60,00000024
803B4D84,00000044
803B4DC8,00000034
803B4DFC,00000034
803B4E30,0000004C
803B4E7C,00000054
803B4ED0,0000004C
803B4F1C,00000044
803B4F60,00000024
803B4F84,00000024
803B4FA8,00000030
803B4FD8,00000044
803B501C,0000004C
803B5068,00000034
803B509C,00000038
803B50D4,00000024
803B50F8,0000002C
803B5124,00000024
803B5148,00000048
803B5190,0000006C
803B51FC,00000088
803B5284,000000E0
803B5364,0000006C
803B53D0,000000A8
803B5478,00000020
803B5498,00000154
803B55EC,00000068
803B5654,00000068
803B56BC,0000029C
803B5958,0000000C
803B5964,00000008
803B596C,00000044
803B59B0,00000098
803B5A48,00000094
803B5ADC,0000008C
803B5B68,00000030
803B5B98,00000050
803B5BE8,00000050
803B5C38,000000DC
803B5D14,00000074
803B5D88,0000008C
803B5E14,0000000C
803B5E20,00000010
803B5E30,000000E4
803B5F14,0000004C
803B5F60,00000010
803B5F70,00000010
803B5F80,00000010
803B5F90,00000010
803B5FA0,00000010
803B5FB0,00000010
803B5FC0,00000008
803B5FC8,00000008
803B5FD0,00000008
803B5FD8,00000040
803B6018,00000008
803B6020,00000048
803B6068,00000058
803B60C0,0000000C
803B60CC,00000048
803B6114,0000007C
803B6190,00000008
803B6198,00000008
803B61A0,0000000C
803B61AC,000000A4
803B6250,00000098
803B62E8,0000011C
803B6404,00000058
803B645C,00000034
803B6490,00000010
803B64A0,00000010
803B64B0,00000010
803B64C0,00000008
803B64C8,00000008
803B64D0,00000004
803B64D4,00000008
803B64DC,00000008
803B64E4,00000014
803B64F8,0000012C
803B6624,000000CC
803B66F0,00000034
803B6724,0000004C
803B6770,00000064
803B67D4,0000009C
803B6870,000000C8
803B6938,000000D0
803B6A08,00000060
803B6A68,00000084
803B6AEC,00000058
803B6B44,00000110
803B6C54,00000008
803B6C5C,00000008
803B6C64,0000004C
803B6CB0,0000000C
803B6CBC,00000078
803B6D34,00000098
803B6DCC,00000070
803B6E3C,0000016C
803B6FA8,000000D0
803B7078,0000006C
803B70E4,000000D4
803B71B8,00000058
803B7210,000000B8
803B72C8,00000070
803B7338,00000058
803B7390,0000004C
803B73DC,00000010
803B73EC,00000010
803B73FC,00000010
803B740C,00000010
803B741C,00000010
803B742C,00000010
803B743C,00000058
803B7494,00000008
803B749C,00000008
803B74A4,00000008
803B74AC,00000044
803B74F0,00000004
803B74F4,000000B0
803B75A4,00000110
803B76B4,00000044
803B76F8,00000044
803B773C,000000DC
803B7818,00000078
803B7890,00000008
803B7898,00000098
803B7930,00000088
803B79B8,00000018
803B79D0,00000018
803B79E8,00000008
803B79F0,00000040
803B7A30,0000007C
803B7AAC,0000008C
803B7B38,00000008
803B7B40,00000058
803B7B98,0000002C
803B7BC4,00000018
803B7BDC,00000014
803B7BF0,00000170
803B7D60,00000088
803B7DE8,00000010
803B7DF8,00000058
803B7E50,00000060
803B7EB0,000000A0
803B7F50,00000014
803B7F64,0000007C
803B7FE0,00000104
803B80E4,000000BC
803B81A0,00000078
803B8218,00000050
803B8268,000000B0
803B8318,00000080
803B8398,000000F0
803B8488,000000E0
803B8568,00000078
803B85E0,00000078
803B8658,00000068
803B86C0,0000000C
803B86CC,00000008
803B86D4,00000008
803B86DC,00000008
803B86E4,00000080
803B8764,0000009C
803B8800,00000068
803B8868,000000E4
803B894C,00000088
803B89D4,00000074
803B8A48,000000A0
803B8AE8,00000074
803B8B5C,00000070
803B8BCC,00000098
803B8C64,00000124
803B8D88,00000044
803B8DCC,00000058
803B8E24,00000084
803B8EA8,00000010
803B8EB8,00000010
803B8EC8,00000010
803B8ED8,00000010
803B8EE8,00000010
803B8EF8,00000010
803B8F08,00000010
803B8F18,00000010
803B8F28,00000010
803B8F38,00000010
803B8F48,00000010
803B8F58,00000010
803B8F68,00000010
803B8F78,00000008
803B8F80,00000008
803B8F88,00000008
803B8F90,00000008
803B8F98,00000008
803B8FA0,00000008
803B8FA8,00000008
803B8FB0,00000008
803B8FB8,00000008
803B8FC0,00000008
803B8FC8,00000008
803B8FD0,00000008
803B8FD8,00000008
803B8FE0,00000008
803B8FE8,00000044
803B902C,00000044
803B9070,00000044
803B90B4,00000018
803B90CC,00000014
803B90E0,000000DC
803B91BC,000000F8
803B92B4,00000070
803B9324,00000064
803B9388,000000F0
803B9478,000000D8
803B9550,000000C4
803B9614,0000003C
803B9650,000000A4
803B96F4,0000005C
803B9750,0000005C
803B97AC,00000020
803B97CC,000000A4
803B9870,000000C0
803B9930,000000D8
803B9A08,0000005C
803B9A64,00000060
803B9AC4,00000054
803B9B18,0000000C
803B9B24,0000000C
803B9B30,000000C0
803B9BF0,000000CC
803B9CBC,00000080
803B9D3C,00000080
803B9DBC,00000034
803B9DF0,00000068
803B9E58,0000001C
803B9E74,00000038
803B9EAC,00000048
803B9EF4,0000005C
803B9F50,00000020
803B9F70,00000020
803B9F90,00000028
803B9FB8,00000028
803B9FE0,00000028
803BA008,00000008
803BA010,00000008
803BA018,00000074
803BA08C,0000006C
803BA0F8,00000080
803BA178,00000078
803BA1F0,00000010
803BA200,00000014
803BA214,00000040
803BA254,0000002C
803BA280,0000000C
803BA28C,00000034
803BA2C0,0000002C
803BA2EC,00000024
803BA310,000000C0
803BA3D0,00000004
803BA3D4,00000068
803BA43C,0000007C
803BA4B8,00000048
803BA500,00000060
803BA560,0000016C
803BA6CC,00000058
803BA724,00000018
803BA73C,00000270
803BA9AC,00000070
803BAA1C,0000005C
803BAA78,0000006C
803BAAE4,000000C4
803BABA8,00000580
803BB128,00000154
803BB27C,00000064
803BB2E0,00000090
803BB370,000000F4
803BB464,0000007C
803BB4E0,00000040
803BB520,0000004C
803BB56C,00000088
803BB5F4,00000078
803BB66C,0000004C
803BB6B8,00000060
803BB718,000000D0
803BB7E8,0000000C
803BB7F4,00000060
803BB854,00000050
803BB8A4,0000004C
803BB8F0,000000B4
803BB9A4,0000001C
803BB9C0,0000007C
803BBA3C,00000038
803BBA74,000000A8
803BBB1C,00000084
803BBBA0,00000064
803BBC04,00000010
803BBC14,00000010
803BBC24,00000010
803BBC34,00000010
803BBC44,00000010
803BBC54,00000010
803BBC64,00000010
803BBC74,00000010
803BBC84,00000010
803BBC94,00000008
803BBC9C,00000008
803BBCA4,00000044
803BBCE8,00000044
803BBD2C,00000008
803BBD34,00000008
803BBD3C,00000008
803BBD44,00000004
803BBD48,00000004
803BBD4C,0000001C
803BBD68,00000058
803BBDC0,00000058
803BBE18,00000008
803BBE20,0000000C
803BBE2C,000000CC
803BBEF8,0000001C
803BBF14,000000A4
803BBFB8,0000007C
803BC034,00000010
803BC044,00000034
803BC078,00000010
803BC088,00000010
803BC098,0000000C
803BC0A4,0000000C
803BC0B0,00000008
803BC0B8,00000008
803BC0C0,000000E8
803BC1A8,00000094
803BC23C,00000008
803BC244,00000008
803BC24C,00000008
803BC254,00000008
803BC25C,00000008
803BC264,00000008
803BC26C,00000008
803BC274,0000005C
803BC2D0,00000008
803BC2D8,0000000C
803BC2E4,00000008
803BC2EC,00000008
803BC2F4,0000001C
803BC310,00000008
803BC318,0000000C
803BC324,0000000C
803BC330,00000008
803BC338,0000003C
803BC374,0000000C
803BC380,00000008
803BC388,0000003C
803BC3C4,00000044
803BC408,00000010
803BC418,00000010
803BC428,00000010
803BC438,0000003C
803BC474,0000003C
803BC4B0,00000098
803BC548,00000040
803BC588,00000074
803BC5FC,00000008
803BC604,00000074
803BC678,00000084
803BC6FC,00000008
803BC704,00000058
803BC75C,00000060
803BC7BC,0000005C
803BC818,00000010
803BC828,0000005C
803BC884,00000064
803BC8E8,00000060
803BC948,000000A0
803BC9E8,00000090
803BCA78,0000008C
803BCB04,00000080
803BCB84,00000008
803BCB8C,00000010
803BCB9C,000000A0
803BCC3C,0000000C
803BCC48,00000094
803BCCDC,00000008
803BCCE4,00000008
803BCCEC,00000080
803BCD6C,0000000C
803BCD78,00000008
803BCD80,00000090
803BCE10,00000070
803BCE80,00000054
803BCED4,00000054
803BCF28,00000008
803BCF30,00000080
803BCFB0,00000024
803BCFD4,00000098
803BD06C,00000098
803BD104,00000098
803BD19C,00000018
803BD1B4,000000A4
803BD258,00000008
803BD260,00000064
803BD2C4,0000006C
803BD330,0000006C
803BD39C,00000050
803BD3EC,00000078
803BD464,0000004C
803BD4B0,0000004C
803BD4FC,00000048
803BD544,00000054
803BD598,0000005C
803BD5F4,0000006C
803BD660,000000E8
803BD748,000000A4
803BD7EC,00000054
803BD840,00000054
803BD894,00000054
803BD8E8,0000005C
803BD944,00000050
803BD994,00000058
803BD9EC,00000084
803BDA70,00000038
803BDAA8,00000068
803BDB10,00000070
803BDB80,00000078
803BDBF8,00000070
803BDC68,00000084
803BDCEC,000000AC
803BDD98,00000058
803BDDF0,00000064
803BDE54,00000090
803BDEE4,00000090
803BDF74,0000007C
803BDFF0,00000070
803BE060,00000080
803BE0E0,00000084
803BE164,00000004
803BE168,000000E4
803BE24C,000000BC
803BE308,000000D4
803BE3DC,0000004C
803BE428,0000004C
803BE474,0000001C
803BE490,00000048
803BE4D8,00000014
803BE4EC,00000144
803BE630,0000005C
803BE68C,00000074
803BE700,00000054
803BE754,00000054
803BE7A8,00000054
803BE7FC,00000094
803BE890,00000198
803BEA28,00000088
803BEAB0,00000008
803BEAB8,00000048
803BEB00,00000140
803BEC40,00000094
803BECD4,00000078
803BED4C,00000038
803BED84,0000008C
803BEE10,000000EC
803BEEFC,00000078
803BEF74,000000DC
803BF050,00000070
803BF0C0,00000070
803BF130,00000070
803BF1A0,00000044
803BF1E4,0000006C
803BF250,0000008C
803BF2DC,0000007C
803BF358,0000009C
803BF3F4,00000078
803BF46C,0000005C
803BF4C8,00000064
803BF52C,00000058
803BF584,000000B4
803BF638,00000058
803BF690,00000058
803BF6E8,00000068
803BF750,000000B0
803BF800,00000014
803BF814,000000A4
803BF8B8,000000E0
803BF998,00000114
803BFAAC,000000CC
803BFB78,000000CC
803BFC44,00000008
803BFC4C,00000090
803BFCDC,0000005C
803BFD38,0000005C
803BFD94,00000084
803BFE18,00000084
803BFE9C,000000F8
803BFF94,000001E0
803C0174,00000188
803C02FC,00000008
803C0304,00000008
803C030C,00000008
803C0314,00000008
803C031C,00000008
803C0324,00000010
803C0334,000001EC
803C0520,00000098
803C05B8,000000B8
803C0670,000000A4
803C0714,00000084
803C0798,0000007C
803C0814,0000007C
803C0890,00000054
803C08E4,000000A4
803C0988,00000070
803C09F8,000000D8
803C0AD0,00000060
803C0B30,00000018
803C0B48,00000014
803C0B5C,0000004C
803C0BA8,00000070
803C0C18,00000074
803C0C8C,00000084
803C0D10,0000009C
803C0DAC,00000058
803C0E04,00000058
803C0E5C,00000078
803C0ED4,00000088
803C0F5C,00000058
803C0FB4,00000058
803C100C,0000011C
803C1128,000000B8
803C11E0,00000090
803C1270,000000E4
803C1354,00000090
803C13E4,00000094
803C1478,00000144
803C15BC,00000098
803C1654,00000210
803C1864,00000090
803C18F4,000000B4
803C19A8,00000068
803C1A10,000000CC
803C1ADC,00000024
803C1B00,00000014
803C1B14,00000018
803C1B2C,00000018
803C1B44,00000018
803C1B5C,00000018
803C1B74,00000018
803C1B8C,00000018
803C1BA4,00000018
803C1BBC,00000018
803C1BD4,00000018
803C1BEC,00000018
803C1C04,00000018
803C1C1C,00000018
803C1C34,00000018
803C1C4C,00000018
803C1C64,00000020
803C1C84,00000020
803C1CA4,00000020
803C1CC4,00000020
803C1CE4,0000001C
803C1D00,00000020
803C1D20,00000020
803C1D40,00000020
803C1D60,00000020
803C1D80,00000020
803C1DA0,00000020
803C1DC0,00000078
803C1E38,00000074
803C1EAC,00000074
803C1F20,00000074
803C1F94,00000074
803C2008,00000074
803C207C,00000074
803C20F0,00000074
803C2164,00000074
803C21D8,0000000C
803C21E4,00000014
803C21F8,00000014
803C220C,00000014
803C2220,00000014
803C2234,00000014
803C2248,00000014
803C225C,00000014
803C2270,00000014
803C2284,00000060
803C22E4,00000060
803C2344,00000060
803C23A4,00000060
803C2404,00000060
803C2464,00000068
803C24CC,00000068
803C2534,00000068
803C259C,00000068
803C2604,00000038
803C263C,00000008
803C2644,00000004
803C2648,00000028
803C2670,0000001C
803C268C,0000001C
803C26A8,00000008
803C26B0,00000040
803C26F0,00000038
803C2728,00000090
803C27B8,00000014
803C27CC,00000014
803C27E0,00000028
803C2808,00000028
803C2830,00000028
803C2858,00000014
803C286C,00000028
803C2894,00000008
803C289C,0000003C
803C28D8,00000008
803C28E0,00000008
803C28E8,00000024
803C290C,00000040
803C294C,00000024
803C2970,00000008
803C2978,00000024
803C299C,00000024
803C29C0,00000024
803C29E4,00000024
803C2A08,00000024
803C2A2C,00000008
803C2A34,00000008
803C2A3C,0000006C
803C2AA8,00000010
803C2AB8,00000008
803C2AC0,0000005C
803C2B1C,00000064
803C2B80,0000007C
803C2BFC,00000030
803C2C2C,00000010
803C2C3C,0000000C
803C2C48,0000000C
803C2C54,0000000C
803C2C60,0000000C
803C2C6C,0000000C
803C2C78,0000000C
803C2C84,0000000C
803C2C90,0000000C
803C2C9C,0000007C
803C2D18,0000000C
803C2D24,0000000C
803C2D30,0000000C
803C2D3C,0000001C
803C2D58,0000000C
803C2D64,0000000C
803C2D70,0000000C
803C2D7C,0000001C
803C2D98,0000000C
803C2DA4,0000000C
803C2DB0,0000001C
803C2DCC,0000000C
803C2DD8,0000000C
803C2DE4,0000000C
803C2DF0,0000000C
803C2DFC,0000000C
803C2E08,0000000C
803C2E14,0000000C
803C2E20,0000000C
803C2E2C,0000000C
803C2E38,0000000C
803C2E44,00000010
803C2E54,0000000C
803C2E60,0000001C
803C2E7C,00000010
803C2E8C,00000010
803C2E9C,00000080
803C2F1C,000000CC
803C2FE8,0000000C
803C2FF4,00000060
803C3054,00000060
803C30B4,0000000C
803C30C0,0000000C
803C30CC,0000000C
803C30D8,000000A0
803C3178,0000000C
803C3184,000000C4
803C3248,0000008C
803C32D4,000000B0
803C3384,00000048
803C33CC,00000060
803C342C,00000060
803C348C,0000000C
803C3498,0000000C
803C34A4,0000000C
803C34B0,00000028
803C34D8,00000010
803C34E8,00000010
803C34F8,00000010
803C3508,00000010
803C3518,00000010
803C3528,00000010
803C3538,00000010
803C3548,00000010
803C3558,00000010
803C3568,00000010
803C3578,00000010
803C3588,00000010
803C3598,00000010
803C35A8,00000010
803C35B8,00000010
803C35C8,00000010
803C35D8,00000010
803C35E8,00000010
803C35F8,00000010
803C3608,00000010
803C3618,00000010
803C3628,00000010
803C3638,00000010
803C3648,00000010
803C3658,00000010
803C3668,00000010
803C3678,00000010
803C3688,00000010
803C3698,00000010
803C36A8,00000010
803C36B8,00000010
803C36C8,00000010
803C36D8,00000010
803C36E8,00000010
803C36F8,00000010
803C3708,00000010
803C3718,00000010
803C3728,00000010
803C3738,00000010
803C3748,00000010
803C3758,00000010
803C3768,00000010
803C3778,00000010
803C3788,00000010
803C3798,00000010
803C37A8,00000010
803C37B8,00000010
803C37C8,00000010
803C37D8,00000010
803C37E8,00000010
803C37F8,00000010
803C3808,00000010
803C3818,00000020
803C3838,00000008
803C3840,00000100
803C3940,00000064
803C39A4,0000006C
803C3A10,00000090
803C3AA0,00000008
803C3AA8,00000008
803C3AB0,00000008
803C3AB8,0000003C
803C3AF4,00000094
803C3B88,00000094
803C3C1C,00000028
803C3C44,00000028
803C3C6C,00000028
803C3C94,00000028
803C3CBC,00000028
803C3CE4,00000068
803C3D4C,00000090
803C3DDC,0000018C
803C3F68,00000064
803C3FCC,00000064
803C4030,0000008C
803C40BC,000000C0
803C417C,000000C8
803C4244,000000C8
803C430C,000000B8
803C43C4,00000090
803C4454,0000009C
803C44F0,0000009C
803C458C,0000009C
803C4628,000000A8
803C46D0,000000A8
803C4778,0000009C
803C4814,000000A8
803C48BC,0000009C
803C4958,00000124
803C4A7C,000000F8
803C4B74,00000124
803C4C98,0000008C
803C4D24,0000008C
803C4DB0,0000006C
803C4E1C,00000050
803C4E6C,0000006C
803C4ED8,00000050
803C4F28,00000004
803C4F2C,00000074
803C4FA0,00000074
803C5014,00000094
803C50A8,0000007C
803C5124,0000005C
803C5180,00000094
803C5214,000000D4
803C52E8,0000009C
803C5384,0000007C
803C5400,00000058
803C5458,00000094
803C54EC,00000034
803C5520,00000044
803C5564,0000005C
803C55C0,00000034
803C55F4,00000044
803C5638,00000034
803C566C,00000034
803C56A0,00000034
803C56D4,00000034
803C5708,0000004C
803C5754,0000003C
803C5790,00000034
803C57C4,00000034
803C57F8,00000034
803C582C,00000034
803C5860,00000034
803C5894,00000034
803C58C8,00000024
803C58EC,00000034
803C5920,00000034
803C5954,00000034
803C5988,0000005C
803C59E4,0000005C
803C5A40,0000005C
803C5A9C,00000024
803C5AC0,00000024
803C5AE4,00000024
803C5B08,00000024
803C5B2C,00000024
803C5B50,00000018
803C5B68,00000088
803C5BF0,00000090
803C5C80,00000090
803C5D10,00000004
803C5D14,00000034
803C5D48,00000034
803C5D7C,00000080
803C5DFC,00000080
803C5E7C,0000005C
803C5ED8,0000005C
803C5F34,00000034
803C5F68,0000005C
803C5FC4,0000005C
803C6020,00000034
803C6054,0000005C
803C60B0,00000120
803C61D0,00000084
803C6254,00000024
803C6278,00000034
803C62AC,00000034
803C62E0,00000048
803C6328,00000024
803C634C,00000070
803C63BC,00000098
803C6454,00000008
803C645C,00000068
803C64C4,00000090
803C6554,00000058
803C65AC,0000000C
803C65B8,00000090
803C6648,00000060
803C66A8,00000058
803C6700,00000080
803C6780,00000080
803C6800,00000080
803C6880,00000004
803C6884,00000080
803C6904,00000080
803C6984,00000080
803C6A04,00000004
803C6A08,00000004
803C6A0C,00000004
803C6A10,00000004
803C6A14,00000004
803C6A18,00000004
803C6A1C,00000048
803C6A64,00000048
803C6AAC,00000048
803C6AF4,00000048
803C6B3C,00000008
803C6B44,00000008
803C6B4C,00000008
803C6B54,00000008
803C6B5C,00000008
803C6B64,00000008
803C6B6C,00000008
803C6B74,00000008
803C6B7C,00000008
803C6B84,00000068
803C6BEC,0000000C
803C6BF8,00000014
803C6C0C,0000000C
803C6C18,00000014
803C6C2C,0000000C
803C6C38,0000000C
803C6C44,00000014
803C6C58,00000064
803C6CBC,0000002C
803C6CE8,0000004C
803C6D34,00000014
803C6D48,000000BC
803C6E04,00000080
803C6E84,00000070
803C6EF4,0000005C
803C6F50,0000013C
803C708C,000000CC
803C7158,00000144
803C729C,00000054
803C72F0,00000070
803C7360,00000034
803C7394,00000038
803C73CC,0000002C
803C73F8,0000002C
803C7424,0000002C
803C7450,0000002C
803C747C,0000002C
803C74A8,0000002C
803C74D4,0000002C
803C7500,0000005C
803C755C,0000003C
803C7598,0000003C
803C75D4,0000004C
803C7620,00000068
803C7688,00000070
803C76F8,00000070
803C7768,0000007C
803C77E4,00000008
803C77EC,00000008
803C77F4,00000024
803C7818,00000024
803C783C,00000024
803C7860,00000024
803C7884,00000034
803C78B8,00000044
803C78FC,00000054
803C7950,0000004C
803C799C,00000024
803C79C0,00000044
803C7A04,00000038
803C7A3C,00000050
803C7A8C,0000007C
803C7B08,000000A4
803C7BAC,000000E4
803C7C90,000000A8
803C7D38,00000044
803C7D7C,0000008C
803C7E08,00000044
803C7E4C,00000044
803C7E90,0000008C
803C7F1C,00000094
803C7FB0,000000F8
803C80A8,00000034
803C80DC,000000CC
803C81A8,000000E0
803C8288,00000034
803C82BC,0000002C
803C82E8,0000002C
803C8314,00000034
803C8348,00000034
803C837C,00000074
803C83F0,000000B0
803C84A0,00000058
803C84F8,00000058
803C8550,00000064
803C85B4,0000004C
803C8600,0000004C
803C864C,00000034
803C8680,00000024
803C86A4,0000002C
803C86D0,00000024
803C86F4,00000024
803C8718,00000024
803C873C,00000024
803C8760,00000024
803C8784,00000024
803C87A8,00000024
803C87CC,00000074
803C8840,00000024
803C8864,00000024
803C8888,0000004C
803C88D4,0000006C
803C8940,00000044
803C8984,00000024
803C89A8,00000024
803C89CC,00000028
803C89F4,00000024
803C8A18,00000024
803C8A3C,00000004
803C8A40,00000028
803C8A68,00000034
803C8A9C,00000030
803C8ACC,00000034
803C8B00,00000004
803C8B04,00000008
803C8B0C,00000058
803C8B64,00000060
803C8BC4,00000054
803C8C18,00000054
803C8C6C,0000005C
803C8CC8,00000050
803C8D18,00000080
803C8D98,00000040
803C8DD8,0000005C
803C8E34,00000034
803C8E68,0000006C
803C8ED4,00000044
803C8F18,00000004
803C8F1C,00000004
803C8F20,00000060
803C8F80,00000060
803C8FE0,0000004C
803C902C,0000004C
803C9078,00000064
803C90DC,00000004
803C90E0,0000006C
803C914C,00000004
803C9150,00000004
803C9154,00000004
803C9158,00000004
803C915C,00000004
803C9160,00000068
803C91C8,00000004
803C91CC,00000004
803C91D0,00000070
803C9240,00000070
803C92B0,00000070
803C9320,00000070
803C9390,00000070
803C9400,00000070
803C9470,00000070
803C94E0,00000070
803C9550,00000094
803C95E4,000000B4
803C9698,000000B4
803C974C,00000038
803C9784,00000038
803C97BC,00000038
803C97F4,00000038
803C982C,00000038
803C9864,00000038
803C989C,0000004C
803C98E8,00000018
803C9900,0000004C
803C994C,0000004C
803C9998,00000018
803C99B0,0000004C
803C99FC,00000084
803C9A80,00000084
803C9B04,00000048
803C9B4C,00000048
803C9B94,00000004
803C9B98,0000008C
803C9C24,00000058
803C9C7C,000000D4
803C9D50,00000064
803C9DB4,0000009C
803C9E50,00000034
803C9E84,00000024
803C9EA8,00000070
803C9F18,00000068
803C9F80,00000044
803C9FC4,00000050
803CA014,00000044
803CA058,00000004
803CA05C,00000004
803CA060,0000005C
803CA0BC,0000004C
803CA108,00000068
803CA170,00000060
803CA1D0,00000064
803CA234,00000004
803CA238,00000078
803CA2B0,00000004
803CA2B4,00000004
803CA2B8,00000004
803CA2BC,00000004
803CA2C0,00000004
803CA2C4,00000024
803CA2E8,0000004C
803CA334,00000044
803CA378,00000044
803CA3BC,00000044
803CA400,00000004
803CA404,00000024
803CA428,0000004C
803CA474,00000058
803CA4CC,00000020
803CA4EC,00000034
803CA520,000000D4
803CA5F4,00000098
803CA68C,00000038
803CA6C4,000000A8
803CA76C,0000035C
803CAAC8,00000078
803CAB40,000002E8
803CAE28,00000218
803CB040,00000078
803CB0B8,00000054
803CB10C,0000016C
803CB278,00000074
803CB2EC,00000398
803CB684,00000008
803CB68C,00000008
803CB694,0000000C
803CB6A0,00000008
803CB6A8,0000001C
803CB6C4,000000F8
803CB7BC,00000088
803CB844,000000A4
803CB8E8,00000004
803CB8EC,00000004
803CB8F0,00000130
803CBA20,00000004
803CBA24,0000000C
803CBA30,00000008
803CBA38,00000014
803CBA4C,00000050
803CBA9C,00000038
803CBAD4,00000004
803CBAD8,00000004
803CBADC,0000000C
803CBAE8,00000008
803CBAF0,00000008
803CBAF8,00000010
803CBB08,00000010
803CBB18,00000008
803CBB20,00000064
803CBB84,00000048
803CBBCC,0000004C
803CBC18,00000054
803CBC6C,00000058
803CBCC4,00000008
803CBCCC,00000008
803CBCD4,00000008
803CBCDC,00000008
803CBCE4,00000020
803CBD04,00000038
803CBD3C,00000008
803CBD44,00000008
803CBD4C,00000008
803CBD54,00000028
803CBD7C,00000028
803CBDA4,00000008
803CBDAC,00000050
803CBDFC,00000038
803CBE34,00000038
803CBE6C,0000003C
803CBEA8,00000088
803CBF30,00000054
803CBF84,00000054
803CBFD8,00000050
803CC028,00000070
803CC098,00000050
803CC0E8,0000004C
803CC134,00000044
803CC178,00000008
803CC180,00000078
803CC1F8,000000C4
803CC2BC,000000AC
803CC368,00000064
803CC3CC,00000004
803CC3D0,00000008
803CC3D8,00000030
803CC408,00000004
803CC40C,00000028
803CC434,0000006C
803CC4A0,0000004C
803CC4EC,00000040
803CC52C,00000054
803CC580,00000004
803CC584,00000004
803CC588,00000028
803CC5B0,00000004
803CC5B4,0000000C
803CC5C0,0000000C
803CC5CC,0000000C
803CC5D8,0000000C
803CC5E4,0000000C
803CC5F0,0000000C
803CC5FC,0000000C
803CC608,0000000C
803CC614,0000000C
803CC620,0000000C
803CC62C,0000000C
803CC638,0000000C
803CC644,0000000C
803CC650,0000000C
803CC65C,0000000C
803CC668,0000000C
803CC674,0000000C
803CC680,0000000C
803CC68C,0000000C
803CC698,0000000C
803CC6A4,0000000C
803CC6B0,0000000C
803CC6BC,0000000C
803CC6C8,00000004
803CC6CC,00000008
803CC6D4,00000034
803CC708,0000002C
803CC734,0000000C
803CC740,00000008
803CC748,00000008
803CC750,00000008
803CC758,00000008
803CC760,00000008
803CC768,00000008
803CC770,0000000C
803CC77C,00000008
803CC784,00000008
803CC78C,00000008
803CC794,00000008
803CC79C,0000000C
803CC7A8,00000008
803CC7B0,00000030
803CC7E0,00000030
803CC810,00000008
803CC818,00000004
803CC81C,00000004
803CC820,00000004
803CC824,00000038
803CC85C,00000074
803CC8D0,00000004
803CC8D4,00000004
803CC8D8,00000004
803CC8DC,00000004
803CC8E0,0000003C
803CC91C,00000034
803CC950,00000034
803CC984,00000034
803CC9B8,00000004
803CC9BC,00000004
803CC9C0,00000004
803CC9C4,00000004
803CC9C8,00000004
803CC9CC,00000004
803CC9D0,00000004
803CC9D4,00000054
803CCA28,00000004
803CCA2C,00000004
803CCA30,00000064
803CCA94,00000024
803CCAB8,00000004
803CCABC,0000002C
803CCAE8,00000004
803CCAEC,00000004
803CCAF0,00000004
803CCAF4,00000004
803CCAF8,00000034
803CCB2C,00000024
803CCB50,00000004
803CCB54,00000018
803CCB6C,00000078
803CCBE4,0000005C
803CCC40,00000004
803CCC44,00000004
803CCC48,00000008
803CCC50,00000008
803CCC58,00000008
803CCC60,00000018
803CCC78,000000E0
803CCD58,00000004
803CCD5C,00000004
803CCD60,00000024
803CCD84,00000004
803CCD88,00000004
803CCD8C,00000004
803CCD90,0000000C
803CCD9C,00000074
803CCE10,00000074
803CCE84,00000024
803CCEA8,000000D8
803CCF80,00000064
803CCFE4,0000005C
803CD040,00000074
803CD0B4,00000038
803CD0EC,00000088
803CD174,00000064
803CD1D8,00000004
803CD1DC,00000004
803CD1E0,00000004
803CD1E4,0000000C
803CD1F0,0000000C
803CD1FC,00000004
803CD200,0000006C
803CD26C,000000A4
803CD310,0000002C
803CD33C,00000034
803CD370,000000AC
803CD41C,0000003C
803CD458,000000E4
803CD53C,000000A0
803CD5DC,00000054
803CD630,0000005C
803CD68C,00000034
803CD6C0,00000034
803CD6F4,00000034
803CD728,00000034
803CD75C,00000034
803CD790,00000034
803CD7C4,00000034
803CD7F8,00000034
803CD82C,00000034
803CD860,0000000C
803CD86C,0000000C
803CD878,0000000C
803CD884,00000030
803CD8B4,0000000C
803CD8C0,0000000C
803CD8CC,0000000C
803CD8D8,0000000C
803CD8E4,0000000C
803CD8F0,0000000C
803CD8FC,00000054
803CD950,0000002C
803CD97C,0000000C
803CD988,0000000C
803CD994,0000000C
803CD9A0,0000000C
803CD9AC,0000000C
803CD9B8,0000000C
803CD9C4,0000000C
803CD9D0,0000000C
803CD9DC,000000AC
803CDA88,00000010
803CDA98,00000010
803CDAA8,000000B0
803CDB58,00000008
803CDB60,0000000C
803CDB6C,0000000C
803CDB78,0000000C
803CDB84,0000000C
803CDB90,0000000C
803CDB9C,0000000C
803CDBA8,00000010
803CDBB8,00000050
803CDC08,00000038
803CDC40,00000050
803CDC90,00000074
803CDD04,00000034
803CDD38,0000009C
803CDDD4,00000034
803CDE08,0000008C
803CDE94,000000A4
803CDF38,00000078
803CDFB0,00000078
803CE028,00000008
803CE030,0000001C
803CE04C,00000090
803CE0DC,0000000C
803CE0E8,00000040
803CE128,000000CC
803CE1F4,00000078
803CE26C,00000078
803CE2E4,00000078
803CE35C,000000C4
803CE420,00000060
803CE480,000000C4
803CE544,00000198
803CE6DC,00000018
803CE6F4,0000005C
803CE750,00000058
803CE7A8,000000E8
803CE890,00000004
803CE894,00000088
803CE91C,000000E0
803CE9FC,00000158
803CEB54,0000024C
803CEDA0,0000000C
803CEDAC,00000010
803CEDBC,00000020
803CEDDC,00000028
803CEE04,0000002C
803CEE30,00000058
803CEE88,00000058
803CEEE0,00000038
803CEF18,000000B8
803CEFD0,000000B0
803CF080,000001B0
803CF230,000002D4
803CF504,0000007C
803CF580,00000028
803CF5A8,000000CC
803CF674,00000224
803CF898,00000154
803CF9EC,000002CC
803CFCB8,00000098
803CFD50,00000060
803CFDB0,00000058
803CFE08,00000290
803D0098,00000014
803D00AC,00000084
803D0130,0000077C
803D08AC,00000164
803D0A10,000001CC
803D0BDC,000000A4
803D0C80,000001E4
803D0E64,0000006C
803D0ED0,00000044
803D0F14,00000040
803D0F54,0000050C
803D1460,00000040
803D14A0,00000118
803D15B8,00000064
803D161C,0000049C
803D1AB8,00000004
803D1ABC,00000188
803D1C44,000001C0
803D1E04,0000003C
803D1E40,00000044
803D1E84,00000118
803D1F9C,000000CC
803D2068,00000014
803D207C,0000003C
803D20B8,0000003C
803D20F4,0000004C
803D2140,00000028
803D2168,00000028
803D2190,00000028
803D21B8,0000003C
803D21F4,00000028
803D221C,00000028
803D2244,00000028
803D226C,00000028
803D2294,00000028
803D22BC,00000028
803D22E4,00000028
803D230C,00000028
803D2334,000001F8
803D252C,00000028
803D2554,00000028
803D257C,00000028
803D25A4,00000028
803D25CC,00000028
803D25F4,00000028
803D261C,00000028
803D2644,00000028
803D266C,000001A8
803D2814,00000028
803D283C,00000028
803D2864,00000028
803D288C,00000028
803D28B4,00000028
803D28DC,00000028
803D2904,00000028
803D292C,00000028
803D2954,0000002C
803D2980,0000002C
803D29AC,0000002C
803D29D8,0000002C
803D2A04,0000003C
803D2A40,00000028
803D2A68,00000068
803D2AD0,00000034
803D2B04,00000034
803D2B38,00000034
803D2B6C,0000002C
803D2B98,0000002C
803D2BC4,00000060
803D2C24,000000D8
803D2CFC,000000B4
803D2DB0,0000002C
803D2DDC,0000002C
803D2E08,0000002C
803D2E34,0000002C
803D2E60,0000002C
803D2E8C,0000002C
803D2EB8,0000002C
803D2EE4,0000002C
803D2F10,00000070
803D2F80,00000138
803D30B8,00000014
803D30CC,00000008
803D30D4,00000024
803D30F8,00000064
803D315C,00000024
803D3180,00000098
803D3218,000000A4
803D32BC,00000070
803D332C,0000003C
803D3368,0000001C
803D3384,0000001C
803D33A0,0000001C
803D33BC,0000001C
803D33D8,0000001C
803D33F4,0000001C
803D3410,0000001C
803D342C,0000001C
803D3448,0000001C
803D3464,0000001C
803D3480,0000001C
803D349C,0000003C
803D34D8,00000024
803D34FC,00000108
803D3604,000000B4
803D36B8,000000B0
803D3768,0000007C
803D37E4,00000068
803D384C,00000034
803D3880,00000064
803D38E4,000001AC
803D3A90,000000A4
803D3B34,0000004C
803D3B80,0000005C
803D3BDC,00000088
803D3C64,0000002C
803D3C90,00000060
803D3CF0,00000004
803D3CF4,00000060
803D3D54,0000005C
803D3DB0,0000006C
803D3E1C,00000064
803D3E80,0000006C
803D3EEC,00000168
803D4054,0000007C
803D40D0,00000018
803D40E8,00000018
803D4100,00000018
803D4118,00000018
803D4130,00000018
803D4148,00000018
803D4160,00000018
803D4178,00000018
803D4190,00000018
803D41A8,00000018
803D41C0,00000018
803D41D8,00000010
803D41E8,00000010
803D41F8,00000010
803D4208,00000010
803D4218,00000010
803D4228,00000010
803D4238,00000010
803D4248,00000010
803D4258,00000010
803D4268,00000010
803D4278,00000010
803D4288,00000010
803D4298,00000010
803D42A8,00000010
803D42B8,00000010
803D42C8,00000010
803D42D8,00000010
803D42E8,00000010
803D42F8,00000010
803D4308,00000010
803D4318,00000010
803D4328,00000010
803D4338,00000010
803D4348,00000010
803D4358,00000040
803D4398,00000038
803D43D0,00000038
803D4408,0000005C
803D4464,00000010
803D4474,00000018
803D448C,00000084
803D4510,00000050
803D4560,00000010
803D4570,00000088
803D45F8,00000088
803D4680,00000088
803D4708,000000C4
803D47CC,00000018
803D47E4,00000018
803D47FC,00000018
803D4814,00000018
803D482C,00000018
803D4844,00000018
803D485C,00000018
803D4874,00000018
803D488C,00000068
803D48F4,00000018
803D490C,00000018
803D4924,00000010
803D4934,00000078
803D49AC,00000068
803D4A14,00000068
803D4A7C,00000068
803D4AE4,00000068
803D4B4C,00000068
803D4BB4,00000064
803D4C18,00000064
803D4C7C,00000064
803D4CE0,00000038
803D4D18,00000038
803D4D50,00000038
803D4D88,00000010
803D4D98,0000004C
803D4DE4,00000088
803D4E6C,00000088
803D4EF4,00000088
803D4F7C,00000044
803D4FC0,00000044
803D5004,00000034
803D5038,00000038
803D5070,00000044
803D50B4,00000050
803D5104,0000003C
803D5140,0000003C
803D517C,00000038
803D51B4,00000024
803D51D8,00000044
803D521C,00000044
803D5260,00000044
803D52A4,00000028
803D52CC,00000044
803D5310,000000B0
803D53C0,00000028
803D53E8,00000024
803D540C,00000038
803D5444,00000064
803D54A8,00000024
803D54CC,00000038
803D5504,00000028
803D552C,00000024
803D5550,00000038
803D5588,00000064
803D55EC,00000024
803D5610,00000038
803D5648,00000008
803D5650,00000008
803D5658,00000008
803D5660,000000A8
803D5708,00000038
803D5740,00000034
803D5774,00000068
803D57DC,00000068
803D5844,00000068
803D58AC,00000014
803D58C0,00000018
803D58D8,000000BC
803D5994,000000B4
803D5A48,00000048
803D5A90,0000016C
803D5BFC,000000E8
803D5CE4,00000010
803D5CF4,0000000C
803D5D00,00000044
803D5D44,00000044
803D5D88,00000034
803D5DBC,00000038
803D5DF4,00000098
803D5E8C,00000038
803D5EC4,00000070
803D5F34,00000044
803D5F78,0000007C
803D5FF4,000000DC
803D60D0,0000004C
803D611C,0000004C
803D6168,0000004C
803D61B4,00000034
803D61E8,00000040
803D6228,000000B4
803D62DC,00000038
803D6314,00000040
803D6354,00000038
803D638C,00000040
803D63CC,00000054
803D6420,00000034
803D6454,00000040
803D6494,00000008
803D649C,00000008
803D64A4,00000008
803D64AC,00000034
803D64E0,00000040
803D6520,00000008
803D6528,00000008
803D6530,00000050
803D6580,00000050
803D65D0,00000034
803D6604,00000040
803D6644,0000003C
803D6680,00000038
803D66B8,0000003C
803D66F4,00000038
803D672C,00000044
803D6770,00000028
803D6798,00000028
803D67C0,00000048
803D6808,0000003C
803D6844,0000003C
803D6880,00000060
803D68E0,00000058
803D6938,00000058
803D6990,0000003C
803D69CC,00000058
803D6A24,00000048
803D6A6C,0000006C
803D6AD8,0000005C
803D6B34,00000058
803D6B8C,0000005C
803D6BE8,00000070
803D6C58,00000090
803D6CE8,0000008C
803D6D74,00000094
803D6E08,000000E0
803D6EE8,00000060
803D6F48,00000058
803D6FA0,00000050
803D6FF0,00000068
803D7058,00000068
803D70C0,00000060
803D7120,00000064
803D7184,00000054
803D71D8,0000005C
803D7234,00000078
803D72AC,00000078
803D7324,00000078
803D739C,00000068
803D7404,00000080
803D7484,0000004C
803D74D0,00000058
803D7528,0000004C
803D7574,00000058
803D75CC,0000003C
803D7608,00000048
803D7650,0000003C
803D768C,00000048
803D76D4,00000040
803D7714,0000004C
803D7760,00000040
803D77A0,0000004C
803D77EC,0000003C
803D7828,0000003C
803D7864,00000048
803D78AC,00000008
803D78B4,00000008
803D78BC,00000008
803D78C4,00000008
803D78CC,00000008
803D78D4,00000034
803D7908,00000038
803D7940,00000038
803D7978,0000007C
803D79F4,00000044
803D7A38,000000E0
803D7B18,00000050
803D7B68,00000078
803D7BE0,00000038
803D7C18,00000008
803D7C20,0000005C
803D7C7C,00000040
803D7CBC,0000003C
803D7CF8,00000040
803D7D38,00000024
803D7D5C,00000080
803D7DDC,00000090
803D7E6C,00000090
803D7EFC,000000C8
803D7FC4,00000050
803D8014,00000060
803D8074,00000064
803D80D8,00000064
803D813C,00000008
803D8144,00000008
803D814C,00000010
803D815C,00000010
803D816C,00000008
803D8174,0000000C
803D8180,0000000C
803D818C,0000000C
803D8198,0000000C
803D81A4,00000038
803D81DC,00000038
803D8214,00000070
803D8284,00000070
803D82F4,00000034
803D8328,00000028
803D8350,000000D0
803D8420,00000048
803D8468,00000028
803D8490,00000054
803D84E4,00000074
803D8558,00000058
803D85B0,00000074
803D8624,0000007C
803D86A0,00000014
803D86B4,00000014
803D86C8,00000010
803D86D8,00000004
803D86DC,00000050
803D872C,00000004
803D8730,00000018
803D8748,00000024
803D876C,00000014
803D8780,00000008
803D8788,0000007C
803D8804,00000058
803D885C,00000048
803D88A4,00000098
803D893C,00000030
803D896C,00000004
803D8970,00000024
803D8994,000000B0
803D8A44,0000002C
803D8A70,0000000C
803D8A7C,0000000C
803D8A88,0000008C
803D8B14,00000160
803D8C74,00000048
803D8CBC,00000064
803D8D20,000000BC
803D8DDC,000000BC
803D8E98,000000BC
803D8F54,00000090
803D8FE4,00000008
803D8FEC,0000000C
803D8FF8,000000E4
803D90DC,0000004C
803D9128,00000014
803D913C,00000014
803D9150,0000009C
803D91EC,00000014
803D9200,000000C4
803D92C4,00000058
803D931C,00000090
803D93AC,00000078
803D9424,00000030
803D9454,0000005C
803D94B0,00000030
803D94E0,0000005C
803D953C,0000005C
803D9598,0000005C
803D95F4,000000DC
803D96D0,00000030
803D9700,0000005C
803D975C,00000060
803D97BC,00000074
803D9830,000000E0
803D9910,0000016C
803D9A7C,000000E8
803D9B64,00000058
803D9BBC,00000028
803D9BE4,00000034
803D9C18,00000028
803D9C40,00000034
803D9C74,0000005C
803D9CD0,0000004C
803D9D1C,00000058
803D9D74,00000070
803D9DE4,0000003C
803D9E20,0000003C
803D9E5C,0000003C
803D9E98,0000003C
803D9ED4,0000003C
803D9F10,00000150
803DA060,0000004C
803DA0AC,00000044
803DA0F0,00000064
803DA154,00000054
803DA1A8,00000008
803DA1B0,00000008
803DA1B8,0000003C
803DA1F4,0000003C
803DA230,000000E4
803DA314,00000044
803DA358,00000018
803DA370,00000018
803DA388,00000064
803DA3EC,0000003C
803DA428,0000002C
803DA454,000000C4
803DA518,00000058
803DA570,00000058
803DA5C8,00000058
803DA620,00000058
803DA678,00000058
803DA6D0,00000058
803DA728,00000044
803DA76C,00000008
803DA774,0000000C
803DA780,00000014
803DA794,000000C8
803DA85C,0000000C
803DA868,0000005C
803DA8C4,00000008
803DA8CC,00000020
803DA8EC,00000058
803DA944,00000004
803DA948,000000C4
803DAA0C,0000000C
803DAA18,0000005C
803DAA74,0000005C
803DAAD0,00000060
803DAB30,00000074
803DABA4,00000088
803DAC2C,0000006C
803DAC98,000000F8
803DAD90,000000F8
803DAE88,000001B8
803DB040,00000138
803DB178,00000138
803DB2B0,00000008
803DB2B8,00000008
803DB2C0,00000008
803DB2C8,00000008
803DB2D0,00000008
803DB2D8,00000008
803DB2E0,00000008
803DB2E8,00000008
803DB2F0,0000002C
803DB31C,00000044
803DB360,0000008C
803DB3EC,000000A0
803DB48C,00000058
803DB4E4,00000058
803DB53C,00000058
803DB594,00000058
803DB5EC,00000058
803DB644,00000058
803DB69C,00000080
803DB71C,00000048
803DB764,00000048
803DB7AC,00000048
803DB7F4,00000008
803DB7FC,00000008
803DB804,00000008
803DB80C,00000008
803DB814,00000008
803DB81C,00000088
803DB8A4,00000064
803DB908,00000064
803DB96C,00000064
803DB9D0,00000064
803DBA34,00000064
803DBA98,00000008
803DBAA0,00000008
803DBAA8,00000008
803DBAB0,00000008
803DBAB8,00000008
803DBAC0,00000058
803DBB18,00000058
803DBB70,00000058
803DBBC8,00000058
803DBC20,00000058
803DBC78,00000058
803DBCD0,0000002C
803DBCFC,00000008
803DBD04,00000008
803DBD0C,00000008
803DBD14,00000008
803DBD1C,00000044
803DBD60,00000044
803DBDA4,00000044
803DBDE8,00000044
803DBE2C,00000034
803DBE60,00000034
803DBE94,00000034
803DBEC8,00000034
803DBEFC,00000034
803DBF30,00000034
803DBF64,0000000C
803DBF70,00000008
803DBF78,00000008
803DBF80,00000008
803DBF88,00000008
803DBF90,00000008
803DBF98,00000008
803DBFA0,0000000C
803DBFAC,00000060
803DC00C,00000038
803DC044,000001B8
803DC1FC,00000008
803DC204,00000008
803DC20C,00000034
803DC240,00000028
803DC268,00000028
803DC290,00000028
803DC2B8,00000028
803DC2E0,00000028
803DC308,00000048
803DC350,00000048
803DC398,00000048
803DC3E0,00000008
803DC3E8,00000108
803DC4F0,0000003C
803DC52C,00000044
803DC570,0000003C
803DC5AC,0000003C
803DC5E8,0000000C
803DC5F4,0000000C
803DC600,00000008
803DC608,0000003C
803DC644,00000040
803DC684,00000028
803DC6AC,00000008
803DC6B4,00000038
803DC6EC,00000008
803DC6F4,00000040
803DC734,0000003C
803DC770,00000040
803DC7B0,0000003C
803DC7EC,00000040
803DC82C,00000024
803DC850,00000080
803DC8D0,00000090
803DC960,00000090
803DC9F0,00000090
803DCA80,000000A0
803DCB20,00000090
803DCBB0,000000A0
803DCC50,000000B8
803DCD08,000000C8
803DCDD0,000000B8
803DCE88,000000C8
803DCF50,000000B8
803DD008,000000B8
803DD0C0,000000C8
803DD188,00000050
803DD1D8,00000050
803DD228,00000058
803DD280,00000010
803DD290,00000010
803DD2A0,00000010
803DD2B0,000000A0
803DD350,00000080
803DD3D0,0000000C
803DD3DC,0000000C
803DD3E8,0000000C
803DD3F4,0000006C
803DD460,00000070
803DD4D0,00000070
803DD540,0000000C
803DD54C,0000002C
803DD578,00000028
803DD5A0,0000000C
803DD5AC,00000018
803DD5C4,0000000C
803DD5D0,0000000C
803DD5DC,00000014
803DD5F0,00000014
803DD604,00000014
803DD618,00000008
803DD620,00000060
803DD680,00000008
803DD688,00000010
803DD698,00000058
803DD6F0,00000058
803DD748,00000008
803DD750,00000008
803DD758,0000003C
803DD794,0000003C
803DD7D0,00000034
803DD804,00000014
803DD818,00000014
803DD82C,00000040
803DD86C,0000000C
803DD878,0000000C
803DD884,00000008
803DD88C,0000000C
803DD898,0000000C
803DD8A4,00000008
803DD8AC,00000008
803DD8B4,00000008
803DD8BC,0000000C
803DD8C8,0000000C
803DD8D4,00000008
803DD8DC,00000040
803DD91C,0000000C
803DD928,00000048
803DD970,00000090
803DDA00,0000003C
803DDA3C,00000010
803DDA4C,0000008C
803DDAD8,00000088
803DDB60,00000040
803DDBA0,00000040
803DDBE0,00000040
803DDC20,00000040
803DDC60,0000000C
803DDC6C,0000008C
803DDCF8,0000000C
803DDD04,0000008C
803DDD90,0000000C
803DDD9C,000000A8
803DDE44,000000A8
803DDEEC,0000000C
803DDEF8,0000000C
803DDF04,00000040
803DDF44,00000040
803DDF84,00000040
803DDFC4,00000040
803DE004,0000005C
803DE060,00000058
803DE0B8,00000008
803DE0C0,000000A0
803DE160,00000008
803DE168,00000008
803DE170,00000008
803DE178,00000014
803DE18C,00000014
803DE1A0,00000014
803DE1B4,0000000C
803DE1C0,00000068
803DE228,00000070
803DE298,00000008
803DE2A0,000000C4
803DE364,000000C4
803DE428,000000C4
803DE4EC,00000088
803DE574,00000094
803DE608,00000058
803DE660,0000000C
803DE66C,0000000C
803DE678,00000074
803DE6EC,00000040
803DE72C,00000008
803DE734,00000040
803DE774,00000048
803DE7BC,00000080
803DE83C,00000048
803DE884,00000058
803DE8DC,00000008
803DE8E4,00000064
803DE948,00000008
803DE950,00000010
803DE960,0000000C
803DE96C,0000007C
803DE9E8,0000007C
803DEA64,0000007C
803DEAE0,0000007C
803DEB5C,0000007C
803DEBD8,0000007C
803DEC54,0000007C
803DECD0,0000007C
803DED4C,0000007C
803DEDC8,00000084
803DEE4C,0000007C
803DEEC8,0000007C
803DEF44,0000007C
803DEFC0,0000007C
803DF03C,00000084
803DF0C0,00000084
803DF144,0000009C
803DF1E0,00000090
803DF270,00000098
803DF308,000000F4
803DF3FC,000000F0
803DF4EC,000000BC
803DF5A8,0000003C
803DF5E4,000000AC
803DF690,000000AC
803DF73C,000000AC
803DF7E8,00000058
803DF840,0000000C
803DF84C,0000003C
803DF888,00000030
803DF8B8,00000030
803DF8E8,00000030
803DF918,00000030
803DF948,00000044
803DF98C,00000090
803DFA1C,00000048
803DFA64,000000A8
803DFB0C,0000001C
803DFB28,0000001C
803DFB44,00000080
803DFBC4,000000A4
803DFC68,0000001C
803DFC84,00000140
803DFDC4,00000044
803DFE08,00000050
803DFE58,000000FC
803DFF54,00000090
803DFFE4,0000006C
803E0050,00000014
803E0064,00000014
803E0078,00000014
803E008C,00000014
803E00A0,00000014
803E00B4,00000014
803E00C8,00000014
803E00DC,00000014
803E00F0,00000014
803E0104,00000014
803E0118,00000010
803E0128,00000010
803E0138,00000010
803E0148,00000010
803E0158,00000010
803E0168,00000010
803E0178,00000010
803E0188,00000010
803E0198,00000014
803E01AC,00000014
803E01C0,00000014
803E01D4,00000014
803E01E8,00000014
803E01FC,00000014
803E0210,00000010
803E0220,00000020
803E0240,00000020
803E0260,00000044
803E02A4,00000030
803E02D4,0000000C
803E02E0,0000000C
803E02EC,0000000C
803E02F8,00000010
803E0308,0000000C
803E0314,00000010
803E0324,00000010
803E0334,00000010
803E0344,0000003C
803E0380,00000158
803E04D8,0000003C
803E0514,0000003C
803E0550,00000008
803E0558,0000006C
803E05C4,0000005C
803E0620,00000090
803E06B0,00000018
803E06C8,00000034
803E06FC,0000004C
803E0748,00000084
803E07CC,000000A8
803E0874,00000010
803E0884,0000014C
803E09D0,00000010
803E09E0,00000008
803E09E8,00000008
803E09F0,00000014
803E0A04,00000014
803E0A18,0000008C
803E0AA4,00000208
803E0CAC,00000080
803E0D2C,00000028
803E0D54,00000060
803E0DB4,00000060
803E0E14,00000070
803E0E84,00000054
803E0ED8,00000060
803E0F38,00000050
803E0F88,00000140
803E10C8,00000018
803E10E0,00000184
803E1264,00000040
803E12A4,00000030
803E12D4,000000B8
803E138C,0000005C
803E13E8,0000005C
803E1444,0000014C
803E1590,00000040
803E15D0,00000040
803E1610,00000040
803E1650,00000040
803E1690,00000040
803E16D0,0000006C
803E173C,00000040
803E177C,00000040
803E17BC,00000040
803E17FC,00000040
803E183C,000000E4
803E1920,000000E4
803E1A04,00000038
803E1A3C,00000038
803E1A74,00000038
803E1AAC,00000038
803E1AE4,00000038
803E1B1C,00000038
803E1B54,00000038
803E1B8C,00000038
803E1BC4,0000004C
803E1C10,00000044
803E1C54,00000044
803E1C98,00000044
803E1CDC,00000044
803E1D20,00000044
803E1D64,00000044
803E1DA8,00000044
803E1DEC,00000044
803E1E30,00000044
803E1E74,00000044
803E1EB8,00000044
803E1EFC,00000044
803E1F40,00000044
803E1F84,00000044
803E1FC8,00000044
803E200C,00000044
803E2050,00000044
803E2094,00000044
803E20D8,00000044
803E211C,000000C8
803E21E4,00000138
803E231C,0000022C
803E2548,0000004C
803E2594,00000068
803E25FC,00000068
803E2664,00000074
803E26D8,00000064
803E273C,00000064
803E27A0,0000003C
803E27DC,00000008
803E27E4,00000020
803E2804,0000002C
803E2830,000000F8
803E2928,00000098
803E29C0,00000048
803E2A08,00000054
803E2A5C,00000094
803E2AF0,00000030
803E2B20,000000B0
803E2BD0,00000030
803E2C00,00000034
803E2C34,000000A8
803E2CDC,000000D4
803E2DB0,000000A4
803E2E54,00000010
803E2E64,00000014
803E2E78,00000088
803E2F00,00000070
803E2F70,00000068
803E2FD8,00000070
803E3048,0000009C
803E30E4,000000B0
803E3194,000000D0
803E3264,00000064
803E32C8,00000064
803E332C,00000064
803E3390,00000064
803E33F4,000000BC
803E34B0,00000058
803E3508,00000118
803E3620,000000B8
803E36D8,000000C8
803E37A0,000001F4
803E3994,000000D4
803E3A68,000000B4
803E3B1C,00000100
803E3C1C,0000013C
803E3D58,00000010
803E3D68,00000020
803E3D88,0000003C
803E3DC4,0000003C
803E3E00,0000003C
803E3E3C,0000003C
803E3E78,00000014
803E3E8C,000001A8
803E4034,00000014
803E4048,000001A8
803E41F0,00000060
803E4250,00000068
803E42B8,00000154
803E440C,00000068
803E4474,00000074
803E44E8,00000068
803E4550,00000074
803E45C4,00000068
803E462C,0000002C
803E4658,000000F8
803E4750,000000A4
803E47F4,000000A4
803E4898,00000058
803E48F0,0000006C
803E495C,00000050
803E49AC,00000028
803E49D4,000000B0
803E4A84,00000008
803E4A8C,00000074
803E4B00,00000078
803E4B78,00000068
803E4BE0,0000006C
803E4C4C,00000080
803E4CCC,00000058
803E4D24,00000008
803E4D2C,000000D0
803E4DFC,00000018
803E4E14,00000044
803E4E58,00000058
803E4EB0,00000058
803E4F08,00000040
803E4F48,0000007C
803E4FC4,0000007C
803E5040,000000B0
803E50F0,00000040
803E5130,00000204
803E5334,000000D0
803E5404,00000014
803E5418,00000258
803E5670,00000030
803E56A0,0000009C
803E573C,00000104
803E5840,00000080
803E58C0,00000074
803E5934,00000028
803E595C,00000078
803E59D4,00000054
803E5A28,00000038
803E5A60,00000034
803E5A94,000000BC
803E5B50,000000BC
803E5C0C,00000078
803E5C84,000000A8
803E5D2C,000000A4
803E5DD0,000000A4
803E5E74,00000034
803E5EA8,00000070
803E5F18,00000024
803E5F3C,0000002C
803E5F68,00000010
803E5F78,000000EC
803E6064,0000022C
803E6290,00000124
803E63B4,00000148
803E64FC,00000084
803E6580,000000B0
803E6630,00000048
803E6678,00000034
803E66AC,00000034
803E66E0,00000044
803E6724,00000048
803E676C,00000024
803E6790,000000B0
803E6840,000000C0
803E6900,00000088
803E6988,0000005C
803E69E4,000000D0
803E6AB4,000000CC
803E6B80,0000000C
803E6B8C,00000160
803E6CEC,00000010
803E6CFC,000000EC
803E6DE8,00000050
803E6E38,00000014
803E6E4C,00000064
803E6EB0,000000F8
803E6FA8,00000024
803E6FCC,0000007C
803E7048,00000094
803E70DC,0000010C
803E71E8,00000078
803E7260,00000038
803E7298,00000054
803E72EC,00000064
803E7350,00000008
803E7358,00000008
803E7360,00000018
803E7378,00000008
803E7380,000000AC
803E742C,0000000C
803E7438,0000000C
803E7444,0000000C
803E7450,0000000C
803E745C,0000000C
803E7468,0000000C
803E7474,00000050
803E74C4,00000014
803E74D8,00000004
803E74DC,0000010C
803E75E8,00000014
803E75FC,000000F4
803E76F0,00000040
803E7730,00000014
803E7744,00000030
803E7774,0000000C
803E7780,00000008
803E7788,00000040
803E77C8,00000040
803E7808,00000040
803E7848,00000054
803E789C,0000007C
803E7918,00000044
803E795C,00000060
803E79BC,00000148
803E7B04,0000009C
803E7BA0,00000114
803E7CB4,0000002C
803E7CE0,00000098
803E7D78,00000050
803E7DC8,00000050
803E7E18,00000054
803E7E6C,0000001C
803E7E88,00000014
803E7E9C,00000028
803E7EC4,00000058
803E7F1C,00000040
803E7F5C,00000008
803E7F64,00000008
803E7F6C,0000003C
803E7FA8,00000034
803E7FDC,00000034
803E8010,0000001C
803E802C,0000005C
803E8088,0000001C
803E80A4,0000003C
803E80E0,0000003C
803E811C,0000003C
803E8158,0000008C
803E81E4,00000090
803E8274,00000028
803E829C,0000002C
803E82C8,0000003C
803E8304,00000010
803E8314,00000014
803E8328,00000038
803E8360,0000000C
803E836C,0000000C
803E8378,0000000C
803E8384,0000000C
803E8390,00000048
803E83D8,00000034
803E840C,00000048
803E8454,00000034
803E8488,000000C4
803E854C,000000C4
803E8610,0000008C
803E869C,00000104
803E87A0,00000070
803E8810,00000024
803E8834,000000A4
803E88D8,00000090
803E8968,0000015C
803E8AC4,00000034
803E8AF8,00000014
803E8B0C,00000008
803E8B14,00000038
803E8B4C,0000008C
803E8BD8,000000C0
803E8C98,000000BC
803E8D54,0000004C
803E8DA0,00000048
803E8DE8,00000088
803E8E70,0000004C
803E8EBC,0000006C
803E8F28,000000F0
803E9018,00000060
803E9078,00000024
803E909C,0000006C
803E9108,000000C8
803E91D0,00000298
803E9468,000000DC
803E9544,00000060
803E95A4,00000044
803E95E8,00000064
803E964C,00000440
803E9A8C,00000058
803E9AE4,00000074
803E9B58,00000008
803E9B60,00000008
803E9B68,00000008
803E9B70,00000008
803E9B78,00000008
803E9B80,00000008
803E9B88,0000002C
803E9BB4,00000074
803E9C28,000000BC
803E9CE4,00000060
803E9D44,00000010
803E9D54,00000074
803E9DC8,00000190
803E9F58,0000001C
803E9F74,00000058
803E9FCC,000000D4
803EA0A0,000000D4
803EA174,000000D4
803EA248,0000000C
803EA254,0000000C
803EA260,0000000C
803EA26C,0000000C
803EA278,00000010
803EA288,00000070
803EA2F8,000000EC
803EA3E4,00000014
803EA3F8,000000F0
803EA4E8,000001F0
803EA6D8,00000048
803EA720,0000004C
803EA76C,000000D0
803EA83C,0000000C
803EA848,00000078
803EA8C0,00000078
803EA938,000000EC
803EAA24,0000008C
803EAAB0,00000088
803EAB38,0000007C
803EABB4,0000008C
803EAC40,0000007C
803EACBC,0000007C
803EAD38,0000008C
803EADC4,0000007C
803EAE40,0000008C
803EAECC,0000008C
803EAF58,0000007C
803EAFD4,0000008C
803EB060,000000B8
803EB118,00000088
803EB1A0,000000B8
803EB258,00000088
803EB2E0,0000021C
803EB4FC,00000068
803EB564,00000074
803EB5D8,00000068
803EB640,00000074
803EB6B4,000000F0
803EB7A4,00000074
803EB818,000000F0
803EB908,0000000C
803EB914,00000010
803EB924,00000034
803EB958,00000054
803EB9AC,00000040
803EB9EC,00000040
803EBA2C,00000040
803EBA6C,0000001C
803EBA88,0000001C
803EBAA4,0000001C
803EBAC0,00000054
803EBB14,0000001C
803EBB30,00000034
803EBB64,00000048
803EBBAC,00000090
803EBC3C,000000B4
803EBCF0,00000044
803EBD34,00000018
803EBD4C,0000005C
803EBDA8,0000005C
803EBE04,0000005C
803EBE60,0000005C
803EBEBC,0000005C
803EBF18,0000005C
803EBF74,00000100
803EC074,0000004C
803EC0C0,00000058
803EC118,0000000C
803EC124,00000060
803EC184,0000000C
803EC190,0000000C
803EC19C,0000004C
803EC1E8,00000040
803EC228,00000078
803EC2A0,00000040
803EC2E0,00000018
803EC2F8,00000018
803EC310,00000018
803EC328,00000044
803EC36C,0000005C
803EC3C8,0000005C
803EC424,00000074
803EC498,000000A4
803EC53C,0000006C
803EC5A8,00000038
803EC5E0,00000008
803EC5E8,00000040
803EC628,0000003C
803EC664,00000040
803EC6A4,0000003C
803EC6E0,00000040
803EC720,00000024
803EC744,00000080
803EC7C4,00000090
803EC854,00000090
803EC8E4,000000B8
803EC99C,000000B8
803ECA54,000000C8
803ECB1C,00000050
803ECB6C,00000004
803ECB70,00000044
803ECBB4,00000048
803ECBFC,00000248
803ECE44,000000B4
803ECEF8,00000070
803ECF68,00000040
803ECFA8,00000070
803ED018,00000098
803ED0B0,00000008
803ED0B8,000000FC
803ED1B4,00000004
803ED1B8,00000070
803ED228,00000008
803ED230,00000008
803ED238,00000060
803ED298,000001F4
803ED48C,00000004
803ED490,00000040
803ED4D0,000000D8
803ED5A8,000000E4
803ED68C,00000170
803ED7FC,00000068
803ED864,0000005C
803ED8C0,0000004C
803ED90C,00000008
803ED914,00000094
803ED9A8,000000A8
803EDA50,00000158
803EDBA8,000000E4
803EDC8C,0000006C
803EDCF8,00000328
803EE020,00000034
803EE054,00000034
803EE088,00000034
803EE0BC,00000034
803EE0F0,00000034
803EE124,00000034
803EE158,00000058
803EE1B0,0000008C
803EE23C,000000C4
803EE300,00000130
803EE430,000000D4
803EE504,000000B4
803EE5B8,0000004C
803EE604,0000005C
803EE660,00000008
803EE668,000001A0
803EE808,00000098
803EE8A0,00000070
803EE910,0000004C
803EE95C,000000A4
803EEA00,00000060
803EEA60,00000038
803EEA98,00000044
803EEADC,00000060
803EEB3C,00000058
803EEB94,00000064
803EEBF8,00000010
803EEC08,00000010
803EEC18,00000010
803EEC28,00000010
803EEC38,00000010
803EEC48,00000010
803EEC58,00000010
803EEC68,00000010
803EEC78,00000010
803EEC88,00000004
803EEC8C,00000054
803EECE0,00000008
803EECE8,00000004
803EECEC,00000004
803EECF0,00000008
803EECF8,00000004
803EECFC,00000008
803EED04,00000008
803EED0C,00000044
803EED50,00000048
803EED98,00000048
803EEDE0,00000054
803EEE34,0000003C
803EEE70,00000010
803EEE80,0000006C
803EEEEC,00000004
803EEEF0,0000003C
803EEF2C,00000014
803EEF40,00000014
803EEF54,00000014
803EEF68,00000014
803EEF7C,00000014
803EEF90,0000004C
803EEFDC,00000014
803EEFF0,00000014
803EF004,00000014
803EF018,00000014
803EF02C,00000014
803EF040,00000014
803EF054,0000004C
803EF0A0,00000014
803EF0B4,0000004C
803EF100,0000004C
803EF14C,00000014
803EF160,00000014
803EF174,00000014
803EF188,00000014
803EF19C,00000014
803EF1B0,0000004C
803EF1FC,00000014
803EF210,00000014
803EF224,00000068
803EF28C,00000014
803EF2A0,00000014
803EF2B4,00000014
803EF2C8,00000014
803EF2DC,0000004C
803EF328,0000004C
803EF374,00000014
803EF388,00000014
803EF39C,00000014
803EF3B0,00000014
803EF3C4,00000014
803EF3D8,00000014
803EF3EC,0000004C
803EF438,0000004C
803EF484,00000014
803EF498,0000004C
803EF4E4,0000004C
803EF530,0000004C
803EF57C,0000004C
803EF5C8,0000004C
803EF614,0000004C
803EF660,0000004C
803EF6AC,0000004C
803EF6F8,0000004C
803EF744,0000004C
803EF790,0000004C
803EF7DC,00000014
803EF7F0,00000014
803EF804,00000014
803EF818,0000004C
803EF864,00000014
803EF878,00000014
803EF88C,00000014
803EF8A0,00000014
803EF8B4,00000014
803EF8C8,00000014
803EF8DC,00000014
803EF8F0,00000014
803EF904,00000014
803EF918,00000014
803EF92C,00000004
803EF930,00000044
803EF974,00000004
803EF978,00000004
803EF97C,00000048
803EF9C4,00000054
803EFA18,0000003C
803EFA54,0000004C
803EFAA0,00000064
803EFB04,0000008C
803EFB90,0000006C
803EFBFC,0000007C
803EFC78,0000006C
803EFCE4,0000007C
803EFD60,0000006C
803EFDCC,0000006C
803EFE38,0000007C
803EFEB4,00000010
803EFEC4,00000048
803EFF0C,00000048
803EFF54,00000048
803EFF9C,0000007C
803F0018,00000050
803F0068,0000008C
803F00F4,00000098
803F018C,0000008C
803F0218,0000008C
803F02A4,000000A0
803F0344,0000008C
803F03D0,0000001C
803F03EC,00000060
803F044C,00000044
803F0490,00000014
803F04A4,00000048
803F04EC,00000078
803F0564,00000088
803F05EC,000000C0
803F06AC,000000EC
803F0798,00000004
803F079C,00000024
803F07C0,0000000C
803F07CC,00000008
803F07D4,00000014
803F07E8,00000018
803F0800,00000018
803F0818,00000018
803F0830,00000018
803F0848,00000010
803F0858,000000A4
803F08FC,0000001C
803F0918,00000008
803F0920,00000054
803F0974,00000050
803F09C4,00000034
803F09F8,0000004C
803F0A44,0000004C
803F0A90,0000004C
803F0ADC,00000054
803F0B30,00000054
803F0B84,0000004C
803F0BD0,00000044
803F0C14,00000034
803F0C48,00000034
803F0C7C,00000044
803F0CC0,00000034
803F0CF4,0000004C
803F0D40,00000078
803F0DB8,00000080
803F0E38,0000002C
803F0E64,00000078
803F0EDC,000001C4
803F10A0,00000068
803F1108,00000004
803F110C,0000003C
803F1148,00000040
803F1188,00000048
803F11D0,00000040
803F1210,00000040
803F1250,0000003C
803F128C,00000040
803F12CC,0000003C
803F1308,00000040
803F1348,0000003C
803F1384,0000002C
803F13B0,0000002C
803F13DC,0000002C
803F1408,0000002C
803F1434,0000002C
803F1460,0000002C
803F148C,0000002C
803F14B8,0000006C
803F1524,00000038
803F155C,0000002C
803F1588,00000010
803F1598,00000044
803F15DC,00000010
803F15EC,00000050
803F163C,00000138
803F1774,00000010
803F1784,00000050
803F17D4,00000004
803F17D8,0000009C
803F1874,00000054
803F18C8,00000064
803F192C,00000074
803F19A0,00000088
803F1A28,000000F4
803F1B1C,00000094
803F1BB0,000000AC
803F1C5C,000000B8
803F1D14,00000100
803F1E14,0000000C
803F1E20,00000044
803F1E64,00000008
803F1E6C,00000008
803F1E74,0000000C
803F1E80,0000000C
803F1E8C,0000000C
803F1E98,0000000C
803F1EA4,0000002C
803F1ED0,00000024
803F1EF4,00000004
803F1EF8,0000003C
803F1F34,00000024
803F1F58,00000024
803F1F7C,00000004
803F1F80,00000008
803F1F88,00000034
803F1FBC,00000024
803F1FE0,00000024
803F2004,00000004
803F2008,00000004
803F200C,00000004
803F2010,00000038
803F2048,00000004
803F204C,00000024
803F2070,00000004
803F2074,00000024
803F2098,00000024
803F20BC,00000038
803F20F4,00000034
803F2128,00000040
803F2168,00000034
803F219C,00000004
803F21A0,00000034
803F21D4,00000028
803F21FC,00000008
803F2204,00000008
803F220C,00000030
803F223C,00000030
803F226C,00000004
803F2270,00000014
803F2284,00000004
803F2288,00000004
803F228C,00000024
803F22B0,00000024
803F22D4,00000004
803F22D8,00000034
803F230C,00000004
803F2310,00000004
803F2314,00000004
803F2318,00000004
803F231C,0000002C
803F2348,00000030
803F2378,00000034
803F23AC,00000034
803F23E0,00000024
803F2404,00000008
803F240C,00000008
803F2414,00000004
803F2418,00000004
803F241C,00000004
803F2420,00000004
803F2424,00000050
803F2474,00000004
803F2478,00000050
803F24C8,00000004
803F24CC,0000005C
803F2528,00000030
803F2558,0000002C
803F2584,00000060
803F25E4,00000044
803F2628,00000050
803F2678,00000004
803F267C,00000004
803F2680,00000004
803F2684,00000004
803F2688,00000004
803F268C,00000004
803F2690,00000004
803F2694,00000004
803F2698,00000004
803F269C,00000030
803F26CC,00000004
803F26D0,00000004
803F26D4,00000004
803F26D8,00000004
803F26DC,0000003C
803F2718,00000030
803F2748,00000030
803F2778,00000030
803F27A8,00000030
803F27D8,00000030
803F2808,00000030
803F2838,0000002C
803F2864,00000004
803F2868,00000004
803F286C,00000008
803F2874,00000004
803F2878,00000024
803F289C,00000024
803F28C0,00000004
803F28C4,00000024
803F28E8,00000024
803F290C,00000004
803F2910,00000004
803F2914,00000060
803F2974,00000044
803F29B8,00000050
803F2A08,00000040
803F2A48,0000004C
803F2A94,0000004C
803F2AE0,0000004C
803F2B2C,0000004C
803F2B78,00000054
803F2BCC,00000054
803F2C20,00000050
803F2C70,00000058
803F2CC8,000000B4
803F2D7C,00000074
803F2DF0,00000074
803F2E64,00000074
803F2ED8,00000074
803F2F4C,0000003C
803F2F88,00000038
803F2FC0,00000004
803F2FC4,00000034
803F2FF8,00000004
803F2FFC,00000004
803F3000,0000005C
803F305C,0000002C
803F3088,00000048
803F30D0,0000004C
803F311C,00000044
803F3160,00000038
803F3198,00000004
803F319C,00000004
803F31A0,00000034
803F31D4,00000034
803F3208,00000004
803F320C,00000004
803F3210,00000040
803F3250,00000004
803F3254,00000004
803F3258,00000004
803F325C,0000004C
803F32A8,00000004
803F32AC,00000004
803F32B0,00000004
803F32B4,00000004
803F32B8,00000008
803F32C0,00000058
803F3318,00000004
803F331C,00000004
803F3320,00000004
803F3324,00000028
803F334C,00000024
803F3370,00000028
803F3398,00000004
803F339C,00000004
803F33A0,00000004
803F33A4,00000024
803F33C8,00000004
803F33CC,00000004
803F33D0,00000024
803F33F4,00000060
803F3454,00000004
803F3458,00000004
803F345C,00000004
803F3460,00000004
803F3464,00000004
803F3468,00000030
803F3498,00000004
803F349C,00000024
803F34C0,00000024
803F34E4,00000004
803F34E8,0000006C
803F3554,000001A4
803F36F8,0000002C
803F3724,00000064
803F3788,00000004
803F378C,0000003C
803F37C8,00000044
803F380C,00000004
803F3810,00000004
803F3814,00000004
803F3818,00000004
803F381C,00000060
803F387C,00000034
803F38B0,000000E4
803F3994,00000024
803F39B8,00000024
803F39DC,00000024
803F3A00,00000024
803F3A24,00000024
803F3A48,00000010
803F3A58,00000010
803F3A68,0000003C
803F3AA4,00000054
803F3AF8,0000007C
803F3B74,0000005C
803F3BD0,00000038
803F3C08,00000008
803F3C10,0000003C
803F3C4C,00000040
803F3C8C,0000000C
803F3C98,00000038
803F3CD0,00000044
803F3D14,00000040
803F3D54,00000044
803F3D98,00000040
803F3DD8,00000044
803F3E1C,00000018
803F3E34,00000018
803F3E4C,000000CC
803F3F18,00000038
803F3F50,00000008
803F3F58,0000019C
803F40F4,0000000C
803F4100,00000280
803F4380,00000058
803F43D8,00000008
803F43E0,0000005C
803F443C,0000005C
803F4498,00000070
803F4508,00000048
803F4550,000000B8
803F4608,00000118
803F4720,00000008
803F4728,0000009C
803F47C4,00000014
803F47D8,00000074
803F484C,00000010
803F485C,000000DC
803F4938,00000010
803F4948,00000060
803F49A8,00000014
803F49BC,00000048
803F4A04,00000010
803F4A14,00000014
803F4A28,00000050
803F4A78,00000014
803F4A8C,00000048
803F4AD4,00000058
803F4B2C,00000060
803F4B8C,000000A4
803F4C30,00000120
803F4D50,00000080
803F4DD0,00000010
803F4DE0,00000008
803F4DE8,0000000C
803F4DF4,00000008
803F4DFC,00000008
803F4E04,00000008
803F4E0C,00000008
803F4E14,0000000C
803F4E20,0000000C
803F4E2C,0000000C
803F4E38,0000000C
803F4E44,0000000C
803F4E50,0000000C
803F4E5C,00000008
803F4E64,0000000C
803F4E70,00000068
803F4ED8,00000040
803F4F18,00000010
803F4F28,00000008
803F4F30,00000008
803F4F38,00000008
803F4F40,0000008C
803F4FCC,00000008
803F4FD4,0000000C
803F4FE0,0000008C
803F506C,00000038
803F50A4,00000014
803F50B8,00000014
803F50CC,00000014
803F50E0,00000014
803F50F4,00000014
803F5108,00000010
803F5118,00000090
803F51A8,00000090
803F5238,00000088
803F52C0,00000088
803F5348,00000088
803F53D0,0000008C
803F545C,00000054
803F54B0,00000054
803F5504,00000054
803F5558,00000054
803F55AC,00000054
803F5600,00000054
803F5654,00000054
803F56A8,00000010
803F56B8,00000010
803F56C8,00000010
803F56D8,00000010
803F56E8,0000004C
803F5734,0000004C
803F5780,0000004C
803F57CC,0000004C
803F5818,0000004C
803F5864,0000004C
803F58B0,0000000C
803F58BC,0000000C
803F58C8,0000000C
803F58D4,0000004C
803F5920,0000004C
803F596C,0000000C
803F5978,0000000C
803F5984,00000014
803F5998,00000014
803F59AC,0000008C
803F5A38,00000044
803F5A7C,0000000C
803F5A88,0000000C
803F5A94,00000018
803F5AAC,0000000C
803F5AB8,00000010
803F5AC8,00000010
803F5AD8,00000024
803F5AFC,0000000C
803F5B08,0000000C
803F5B14,0000000C
803F5B20,0000000C
803F5B2C,00000058
803F5B84,00000070
803F5BF4,0000000C
803F5C00,00000058
803F5C58,0000000C
803F5C64,00000080
803F5CE4,0000000C
803F5CF0,0000000C
803F5CFC,00000044
803F5D40,00000058
803F5D98,00000010
803F5DA8,00000010
803F5DB8,00000010
803F5DC8,00000010
803F5DD8,00000010
803F5DE8,00000090
803F5E78,0000002C
803F5EA4,0000002C
803F5ED0,00000010
803F5EE0,00000024
803F5F04,00000024
803F5F28,0000000C
803F5F34,00000034
803F5F68,00000024
803F5F8C,000000C4
803F6050,0000003C
803F608C,0000006C
803F60F8,00000078
803F6170,0000003C
803F61AC,0000002C
803F61D8,0000002C
803F6204,0000002C
803F6230,0000003C
803F626C,00000098
803F6304,0000006C
803F6370,0000007C
803F63EC,00000024
803F6410,00000044
803F6454,00000054
803F64A8,0000005C
803F6504,00000074
803F6578,0000008C
803F6604,00000098
803F669C,00000044
803F66E0,0000002C
803F670C,0000002C
803F6738,0000002C
803F6764,00000004
803F6768,00000030
803F6798,00000038
803F67D0,00000038
803F6808,00000038
803F6840,00000044
803F6884,00000034
803F68B8,00000024
803F68DC,00000024
803F6900,00000044
803F6944,00000014
803F6958,00000038
803F6990,00000060
803F69F0,00000010
803F6A00,00000010
803F6A10,00000084
803F6A94,00000028
803F6ABC,00000028
803F6AE4,0000002C
803F6B10,00000034
803F6B44,00000030
803F6B74,000000CC
803F6C40,00000048
803F6C88,00000048
803F6CD0,000000B4
803F6D84,000000AC
803F6E30,00000034
803F6E64,00000034
803F6E98,00000034
803F6ECC,00000024
803F6EF0,00000024
803F6F14,00000010
803F6F24,0000000C
803F6F30,0000000C
803F6F3C,00000010
803F6F4C,0000000C
803F6F58,0000000C
803F6F64,00000010
803F6F74,0000000C
803F6F80,0000000C
803F6F8C,00000068
803F6FF4,00000030
803F7024,00000030
803F7054,00000068
803F70BC,00000068
803F7124,00000068
803F718C,00000020
803F71AC,00000068
803F7214,00000068
803F727C,00000020
803F729C,00000070
803F730C,0000002C
803F7338,0000002C
803F7364,00000010
803F7374,000000B4
803F7428,00000024
803F744C,00000030
803F747C,00000030
803F74AC,00000024
803F74D0,00000034
803F7504,00000024
803F7528,00000024
803F754C,00000008
803F7554,00000074
803F75C8,00000058
803F7620,00000034
803F7654,00000034
803F7688,00000034
803F76BC,00000034
803F76F0,00000008
803F76F8,00000008
803F7700,00000008
803F7708,00000034
803F773C,00000008
803F7744,0000006C
803F77B0,00000004
803F77B4,00000024
803F77D8,00000024
803F77FC,00000024
803F7820,00000024
803F7844,00000024
803F7868,00000024
803F788C,00000024
803F78B0,00000024
803F78D4,00000024
803F78F8,00000024
803F791C,00000030
803F794C,0000003C
803F7988,0000002C
803F79B4,0000002C
803F79E0,0000002C
803F7A0C,0000002C
803F7A38,0000002C
803F7A64,0000002C
803F7A90,0000002C
803F7ABC,0000002C
803F7AE8,00000050
803F7B38,00000050
803F7B88,00000050
803F7BD8,00000048
803F7C20,00000028
803F7C48,00000028
803F7C70,0000007C
803F7CEC,0000002C
803F7D18,0000002C
803F7D44,00000054
803F7D98,00000038
803F7DD0,00000044
803F7E14,0000002C
803F7E40,00000044
803F7E84,00000040
803F7EC4,00000040
803F7F04,0000002C
803F7F30,0000004C
803F7F7C,00000030
803F7FAC,00000024
803F7FD0,00000024
803F7FF4,00000028
803F801C,00000028
803F8044,00000024
803F8068,00000028
803F8090,00000038
803F80C8,00000010
803F80D8,00000010
803F80E8,00000010
803F80F8,0000003C
803F8134,0000003C
803F8170,0000003C
803F81AC,00000004
803F81B0,00000038
803F81E8,00000038
803F8220,00000038
803F8258,00000094
803F82EC,0000003C
803F8328,00000054
803F837C,0000003C
803F83B8,00000038
803F83F0,00000038
803F8428,00000038
803F8460,00000038
803F8498,00000004
803F849C,00000004
803F84A0,00000004
803F84A4,00000004
803F84A8,00000004
803F84AC,00000004
803F84B0,00000004
803F84B4,00000004
803F84B8,00000024
803F84DC,0000004C
803F8528,00000054
803F857C,00000058
803F85D4,00000064
803F8638,00000050
803F8688,0000004C
803F86D4,00000050
803F8724,00000050
803F8774,00000040
803F87B4,00000060
803F8814,0000004C
803F8860,00000058
803F88B8,00000058
803F8910,00000070
803F8980,00000058
803F89D8,00000064
803F8A3C,000000BC
803F8AF8,00000094
803F8B8C,00000078
803F8C04,00000084
803F8C88,00000094
803F8D1C,00000080
803F8D9C,00000060
803F8DFC,00000030
803F8E2C,0000000C
803F8E38,0000004C
803F8E84,000000BC
803F8F40,00000098
803F8FD8,00000004
803F8FDC,00000004
803F8FE0,00000054
803F9034,00000050
803F9084,000000E4
803F9168,00000014
803F917C,00000080
803F91FC,000000D4
803F92D0,00000038
803F9308,00000050
803F9358,00000044
803F939C,00000080
803F941C,00000048
803F9464,00000038
803F949C,00000034
803F94D0,00000058
803F9528,00000058
803F9580,00000004
803F9584,00000048
803F95CC,00000088
803F9654,00000034
803F9688,000000D0
803F9758,00000034
803F978C,00000040
803F97CC,00000058
803F9824,00000044
803F9868,00000044
803F98AC,00000048
803F98F4,00000058
803F994C,00000088
803F99D4,00000050
803F9A24,00000034
803F9A58,00000028
803F9A80,00000028
803F9AA8,00000028
803F9AD0,00000028
803F9AF8,00000038
803F9B30,00000038
803F9B68,00000050
803F9BB8,00000028
803F9BE0,00000024
803F9C04,0000004C
803F9C50,00000004
803F9C54,00000044
803F9C98,00000034
803F9CCC,0000004C
803F9D18,00000080
803F9D98,00000054
803F9DEC,0000008C
803F9E78,00000014
803F9E8C,00000014
803F9EA0,00000078
803F9F18,00000018
803F9F30,00000078
803F9FA8,00000078
803FA020,00000078
803FA098,00000010
803FA0A8,00000044
803FA0EC,00000168
803FA254,000000E0
803FA334,0000009C
803FA3D0,00000014
803FA3E4,00000014
803FA3F8,00000008
803FA400,0000006C
803FA46C,0000000C
803FA478,00000010
803FA488,000001D4
803FA65C,00000028
803FA684,00000024
803FA6A8,0000006C
803FA714,00000028
803FA73C,00000024
803FA760,00000074
803FA7D4,0000007C
803FA850,00000064
803FA8B4,0000006C
803FA920,00000024
803FA944,00000064
803FA9A8,00000020
803FA9C8,00000014
803FA9DC,00000010
803FA9EC,00000078
803FAA64,00000170
803FABD4,00000198
803FAD6C,000000B8
803FAE24,000000B8
803FAEDC,000000B8
803FAF94,000000B8
803FB04C,000000A0
803FB0EC,0000005C
803FB148,00000124
803FB26C,00000048
803FB2B4,00000030
803FB2E4,00000028
803FB30C,00000028
803FB334,0000003C
803FB370,00000038
803FB3A8,00000038
803FB3E0,00000010
803FB3F0,0000000C
803FB3FC,00000120
803FB51C,00000024
803FB540,00000028
803FB568,00000054
803FB5BC,00000038
803FB5F4,00000054
803FB648,00000038
803FB680,00000038
803FB6B8,00000088
803FB740,0000000C
803FB74C,00000038
803FB784,00000050
803FB7D4,00000038
803FB80C,00000068
803FB874,0000008C
803FB900,000001AC
803FBAAC,000001DC
803FBC88,00000158
803FBDE0,000003C8
803FC1A8,000000D0
803FC278,00000058
803FC2D0,0000006C
803FC33C,00000048
803FC384,00000034
803FC3B8,00000034
803FC3EC,00000038
803FC424,00000038
803FC45C,00000038
803FC494,00000038
803FC4CC,00000038
803FC504,00000038
803FC53C,00000038
803FC574,00000038
803FC5AC,00000038
803FC5E4,00000038
803FC61C,00000038
803FC654,00000038
803FC68C,00000038
803FC6C4,00000038
803FC6FC,00000038
803FC734,00000038
803FC76C,00000038
803FC7A4,00000038
803FC7DC,00000034
803FC810,00000038
803FC848,00000038
803FC880,00000038
803FC8B8,00000038
803FC8F0,00000038
803FC928,00000054
803FC97C,00000030
803FC9AC,00000030
803FC9DC,00000028
803FCA04,00000028
803FCA2C,00000028
803FCA54,0000002C
803FCA80,0000002C
803FCAAC,00000060
803FCB0C,00000158
803FCC64,00000030
803FCC94,00000064
803FCCF8,00000064
803FCD5C,00000088
803FCDE4,00000034
803FCE18,00000034
803FCE4C,00000034
803FCE80,00000034
803FCEB4,00000034
803FCEE8,00000034
803FCF1C,00000024
803FCF40,0000006C
803FCFAC,00000064
803FD010,000000AC
803FD0BC,00000090
803FD14C,00000014
803FD160,0000007C
803FD1DC,0000003C
803FD218,00000038
803FD250,00000004
803FD254,00000004
803FD258,00000010
803FD268,0000002C
803FD294,00000044
803FD2D8,00000014
803FD2EC,000000DC
803FD3C8,00000044
803FD40C,00000040
803FD44C,00000050
803FD49C,00000004
803FD4A0,00000028
803FD4C8,00000028
803FD4F0,00000028
803FD518,0000002C
803FD544,000000B0
803FD5F4,00000078
803FD66C,0000004C
803FD6B8,00000028
803FD6E0,00000084
803FD764,00000054
803FD7B8,0000005C
803FD814,0000005C
803FD870,00000058
803FD8C8,00000088
803FD950,0000008C
803FD9DC,00000064
803FDA40,0000001C
803FDA5C,00000044
803FDAA0,00000044
803FDAE4,00000020
803FDB04,00000020
803FDB24,0000000C
803FDB30,00000010
803FDB40,0000000C
803FDB4C,00000010
803FDB5C,00000010
803FDB6C,00000010
803FDB7C,00000010
803FDB8C,00000010
803FDB9C,00000004
803FDBA0,00000028
803FDBC8,00000040
803FDC08,00000010
803FDC18,00000024
803FDC3C,00000024
803FDC60,00000024
803FDC84,00000030
803FDCB4,00000010
803FDCC4,0000004C
803FDD10,00000044
803FDD54,00000034
803FDD88,00000034
803FDDBC,00000054
803FDE10,00000038
803FDE48,00000044
803FDE8C,00000050
803FDEDC,00000004
803FDEE0,00000010
803FDEF0,00000010
803FDF00,00000028
803FDF28,00000014
803FDF3C,00000010
803FDF4C,0000002C
803FDF78,00000014
803FDF8C,00000014
803FDFA0,00000004
803FDFA4,00000004
803FDFA8,00000004
803FDFAC,00000004
803FDFB0,00000030
803FDFE0,00000030
803FE010,0000007C
803FE08C,0000007C
803FE108,00000084
803FE18C,00000070
803FE1FC,00000078
803FE274,00000070
803FE2E4,00000070
803FE354,00000070
803FE3C4,00000070
803FE434,00000070
803FE4A4,00000070
803FE514,00000058
803FE56C,00000058
803FE5C4,00000058
803FE61C,00000004
803FE620,00000048
803FE668,00000048
803FE6B0,00000008
803FE6B8,00000008
803FE6C0,00000014
803FE6D4,00000004
803FE6D8,00000004
803FE6DC,00000010
803FE6EC,00000014
803FE700,00000014
803FE714,00000014
803FE728,00000004
803FE72C,00000034
803FE760,00000004
803FE764,0000003C
803FE7A0,0000006C
803FE80C,00000048
803FE854,00000048
803FE89C,00000040
803FE8DC,00000040
803FE91C,00000064
803FE980,00000008
803FE988,00000004
803FE98C,00000008
803FE994,0000000C
803FE9A0,0000000C
803FE9AC,0000000C
803FE9B8,0000000C
803FE9C4,0000000C
803FE9D0,00000004
803FE9D4,00000004
803FE9D8,00000014
803FE9EC,00000034
803FEA20,00000044
803FEA64,0000004C
803FEAB0,00000068
803FEB18,0000063C
803FF154,00000004
803FF158,00000008
803FF160,00000008
803FF168,0000005C
803FF1C4,00000010
803FF1D4,0000000C
803FF1E0,00000010
803FF1F0,00000010
803FF200,0000000C
803FF20C,00000010
803FF21C,00000010
803FF22C,00000010
803FF23C,0000000C
803FF248,00000054
803FF29C,00000070
803FF30C,00000120
803FF42C,0000004C
803FF478,00000088
803FF500,0000000C
803FF50C,00000058
803FF564,00000024
803FF588,00000010
803FF598,00000044
803FF5DC,00000060
803FF63C,00000048
803FF684,00000024
803FF6A8,00000090
803FF738,00000058
803FF790,00000058
803FF7E8,00000084
803FF86C,0000007C
803FF8E8,0000008C
803FF974,0000008C
803FFA00,000000E8
803FFAE8,0000001C
803FFB04,00000054
803FFB58,00000044
803FFB9C,0000007C
803FFC18,00000004
803FFC1C,00000060
803FFC7C,00000060
803FFCDC,00000074
803FFD50,0000016C
803FFEBC,00000058
803FFF14,00000008
803FFF1C,0000004C
803FFF68,00000024
803FFF8C,000000D4
80400060,00000130
80400190,000000A8
80400238,000000DC
80400314,0000012C
80400440,0000015C
8040059C,00000014
804005B0,00000014
804005C4,00000010
804005D4,00000018
804005EC,00000064
80400650,00000038
80400688,0000006C
804006F4,00000014
80400708,00000024
8040072C,000000A4
804007D0,000000AC
8040087C,00000018
80400894,0000001C
804008B0,0000000C
804008BC,00000008
804008C4,00000050
80400914,00000040
80400954,00000034
80400988,000005DC
80400F64,00000040
80400FA4,00000010
80400FB4,00000074
80401028,000000B0
804010D8,0000010C
804011E4,00000164
80401348,00000158
804014A0,0000012C
804015CC,000001B8
80401784,00000390
80401B14,00000070
80401B84,00000088
80401C0C,000000F4
80401D00,00000308
80402008,0000009C
804020A4,0000009C
80402140,0000033C
8040247C,00000004
80402480,000001E0
80402660,000000DC
8040273C,000000D0
8040280C,000000D4
804028E0,00000064
80402944,0000006C
804029B0,00000234
80402BE4,0000010C
80402CF0,00000040
80402D30,0000009C
80402DCC,00000014
80402DE0,00000020
80402E00,00000118
80402F18,00000160
80403078,00000078
804030F0,00000050
80403140,00000058
80403198,00000054
804031EC,00000014
80403200,00000014
80403214,00000010
80403224,0000005C
80403280,00000064
804032E4,00000030
80403314,000001F0
80403504,00000008
8040350C,00000008
80403514,00000060
80403574,0000012C
804036A0,00000040
804036E0,000000A8
80403788,000000E8
80403870,00000078
804038E8,00000054
8040393C,00000034
80403970,00000038
804039A8,0000068C
80404034,000000D0
80404104,0000004C
80404150,00000008
80404158,00000008
80404160,00000004
80404164,00000034
80404198,000000D4
8040426C,00000120
8040438C,000000A0
8040442C,000000A0
804044CC,000000A0
8040456C,0000016C
804046D8,00000158
80404830,00000008
80404838,0000007C
804048B4,00000014
804048C8,00000010
804048D8,00000044
8040491C,0000000C
80404928,00000038
80404960,00000054
804049B4,00000054
80404A08,00000018
80404A20,00000040
80404A60,0000001C
80404A7C,00000008
80404A84,00000008
80404A8C,000000A0
80404B2C,0000004C
80404B78,00000078
80404BF0,0000008C
80404C7C,000000B4
80404D30,000000A8
80404DD8,000000C4
80404E9C,00000050
80404EEC,00000034
80404F20,00000014
80404F34,000000CC
80405000,000000D4
804050D4,0000001C
804050F0,00000008
804050F8,00000008
80405100,0000001C
8040511C,00000094
804051B0,00000084
80405234,00000090
804052C4,00000054
80405318,00000054
8040536C,00000014
80405380,00000114
80405494,00000068
804054FC,0000003C
80405538,00000044
8040557C,0000001C
80405598,00000064
804055FC,00000040
8040563C,000001CC
80405808,000002C8
80405AD0,00000010
80405AE0,00000010
80405AF0,00000008
80405AF8,0000005C
80405B54,00000004
80405B58,00000054
80405BAC,00000B58
80406704,00000054
80406758,00000058
804067B0,00000054
80406804,00000058
8040685C,00000034
80406890,00000028
804068B8,00000114
804069CC,00000010
804069DC,0000003C
80406A18,00000084
80406A9C,00000024
80406AC0,00000018
80406AD8,00000018
80406AF0,00000034
80406B24,00000048
80406B6C,000000AC
80406C18,00000010
80406C28,00000010
80406C38,0000000C
80406C44,00000008
80406C4C,00000028
80406C74,00000028
80406C9C,00000018
80406CB4,0000000C
80406CC0,0000000C
80406CCC,0000000C
80406CD8,0000000C
80406CE4,00000078
80406D5C,0000004C
80406DA8,0000003C
80406DE4,0000003C
80406E20,0000004C
80406E6C,00000024
80406E90,00000098
80406F28,000000F4
8040701C,00000058
80407074,00000064
804070D8,00000004
804070DC,00000010
804070EC,000000D4
804071C0,00000008
804071C8,00000008
804071D0,00000008
804071D8,00000008
804071E0,00000094
80407274,0000003C
804072B0,00000034
804072E4,00000048
8040732C,00000078
804073A4,00000034
804073D8,0000003C
80407414,000000AC
804074C0,0000006C
8040752C,00000024
80407550,00000074
804075C4,00000058
8040761C,00000064
80407680,00000064
804076E4,00000064
80407748,00000074
804077BC,000000A0
8040785C,000000B0
8040790C,000000D0
804079DC,000000A0
80407A7C,00000080
80407AFC,00000070
80407B6C,00000064
80407BD0,0000007C
80407C4C,000000EC
80407D38,00000118
80407E50,000000C8
80407F18,000000B8
80407FD0,00000068
80408038,0000003C
80408074,00000018
8040808C,00000030
804080BC,00000070
8040812C,00000018
80408144,00000058
8040819C,00000024
804081C0,00000028
804081E8,0000008C
80408274,00000018
8040828C,00000060
804082EC,0000006C
80408358,00000034
8040838C,00000034
804083C0,00000034
804083F4,00000094
80408488,00000010
80408498,00000010
804084A8,00000010
804084B8,00000010
804084C8,00000010
804084D8,00000010
804084E8,00000010
804084F8,00000010
80408508,00000010
80408518,00000010
80408528,00000010
80408538,00000010
80408548,00000010
80408558,00000010
80408568,00000010
80408578,00000008
80408580,00000008
80408588,00000008
80408590,00000008
80408598,00000008
804085A0,00000008
804085A8,00000008
804085B0,00000008
804085B8,00000008
804085C0,00000008
804085C8,00000044
8040860C,00000008
80408614,00000008
8040861C,00000048
80408664,00000008
8040866C,00000030
8040869C,00000058
804086F4,00000058
8040874C,000000C4
80408810,000000B8
804088C8,00000074
8040893C,00000054
80408990,0000002C
804089BC,00000188
80408B44,00000060
80408BA4,0000004C
80408BF0,00000098
80408C88,0000008C
80408D14,00000054
80408D68,00000008
80408D70,00000008
80408D78,00000034
80408DAC,00000020
80408DCC,00000080
80408E4C,00000010
80408E5C,00000010
80408E6C,000000C8
80408F34,000000DC
80409010,00000010
80409020,00000080
804090A0,0000008C
8040912C,00000084
804091B0,00000060
80409210,00000014
80409224,00000008
8040922C,00000118
80409344,0000005C
804093A0,00000074
80409414,0000005C
80409470,000000F4
80409564,000000C8
8040962C,00000010
8040963C,00000010
8040964C,00000010
8040965C,00000040
8040969C,00000010
804096AC,00000058
80409704,00000010
80409714,00000050
80409764,00000010
80409774,00000010
80409784,00000010
80409794,00000010
804097A4,00000010
804097B4,00000010
804097C4,00000044
80409808,000000AC
804098B4,000000AC
80409960,000000B4
80409A14,00000028
80409A3C,00000004
80409A40,00000050
80409A90,00000028
80409AB8,00000020
80409AD8,00000020
80409AF8,0000000C
80409B04,00000008
80409B0C,00000010
80409B1C,0000000C
80409B28,00000008
80409B30,00000010
80409B40,00000008
80409B48,00000008
80409B50,00000004
80409B54,00000018
80409B6C,00000004
80409B70,00000008
80409B78,00000008
80409B80,00000008
80409B88,00000008
80409B90,00000008
80409B98,0000001C
80409BB4,00000014
80409BC8,00000080
80409C48,000000D8
80409D20,000000B0
80409DD0,00000084
80409E54,00000088
80409EDC,0000006C
80409F48,00000108
8040A050,00000264
8040A2B4,000000E4
8040A398,00000160
8040A4F8,000000DC
8040A5D4,00000088
8040A65C,00000074
8040A6D0,00000094
8040A764,00000004
8040A768,00000050
8040A7B8,000001B4
8040A96C,00000084
8040A9F0,0000006C
8040AA5C,00000074
8040AAD0,00000064
8040AB34,00000078
8040ABAC,00000048
8040ABF4,000000A0
8040AC94,0000004C
8040ACE0,00000034
8040AD14,00000034
8040AD48,00000194
8040AEDC,000000D4
8040AFB0,000001E8
8040B198,000001D0
8040B368,00000200
8040B568,00000020
8040B588,00000044
8040B5CC,00000058
8040B624,0000001C
8040B640,000000A8
8040B6E8,00000030
8040B718,00000008
8040B720,0000000C
8040B72C,000000A4
8040B7D0,00000060
8040B830,0000005C
8040B88C,0000006C
8040B8F8,000000A8
8040B9A0,000000C4
8040BA64,000000BC
8040BB20,00000060
8040BB80,00000088
8040BC08,00000004
8040BC0C,00000030
8040BC3C,00000030
8040BC6C,0000008C
8040BCF8,000000F8
8040BDF0,0000005C
8040BE4C,00000030
8040BE7C,00000004
8040BE80,00000008
8040BE88,00000008
8040BE90,0000000C
8040BE9C,00000158
8040BFF4,00000060
8040C054,0000009C
8040C0F0,0000006C
8040C15C,0000009C
8040C1F8,000000F0
8040C2E8,00000024
8040C30C,0000018C
8040C498,0000017C
8040C614,0000003C
8040C650,00000004
8040C654,00000004
8040C658,00000008
8040C660,0000004C
8040C6AC,00000038
8040C6E4,0000003C
8040C720,00000008
8040C728,00000030
8040C758,00000048
8040C7A0,0000004C
8040C7EC,00000044
8040C830,000000C8
8040C8F8,000000AC
8040C9A4,00000080
8040CA24,00000030
8040CA54,0000000C
8040CA60,00000064
8040CAC4,00000058
8040CB1C,00000080
8040CB9C,0000009C
8040CC38,00000098
8040CCD0,000000D4
8040CDA4,0000006C
8040CE10,0000008C
8040CE9C,00000010
8040CEAC,00000038
8040CEE4,00000074
8040CF58,00000024
8040CF7C,00000068
8040CFE4,0000003C
8040D020,00000014
8040D034,00000058
8040D08C,00000008
8040D094,00000014
8040D0A8,00000030
8040D0D8,00000058
8040D130,00000030
8040D160,00000058
8040D1B8,00000098
8040D250,00000094
8040D2E4,00000064
8040D348,0000009C
8040D3E4,00000060
8040D444,0000022C
8040D670,0000025C
8040D8CC,000004C0
8040DD8C,00000048
8040DDD4,0000002C
8040DE00,00000024
8040DE24,00000020
8040DE44,00000030
8040DE74,00000058
8040DECC,000000CC
8040DF98,000000B0
8040E048,00000078
8040E0C0,00000068
8040E128,0000005C
8040E184,00000048
8040E1CC,00000014
8040E1E0,00000030
8040E210,00000058
8040E268,00000074
8040E2DC,00000058
8040E334,000000BC
8040E3F0,000000A0
8040E490,000000A8
8040E538,00000078
8040E5B0,00000004
8040E5B4,00000140
8040E6F4,000000BC
8040E7B0,00000090
8040E840,0000005C
8040E89C,00000070
8040E90C,00000058
8040E964,0000009C
8040EA00,00000048
8040EA48,0000006C
8040EAB4,00000050
8040EB04,00000058
8040EB5C,00000058
8040EBB4,000001F4
8040EDA8,000000D4
8040EE7C,00000094
8040EF10,00000054
8040EF64,00000058
8040EFBC,00000058
8040F014,0000007C
8040F090,00000038
8040F0C8,00000098
8040F160,0000000C
8040F16C,00000054
8040F1C0,00000054
8040F214,00000048
8040F25C,00000030
8040F28C,00000058
8040F2E4,0000008C
8040F370,0000009C
8040F40C,0000001C
8040F428,00000040
8040F468,00000054
8040F4BC,0000006C
8040F528,0000005C
8040F584,00000144
8040F6C8,00000084
8040F74C,00000078
8040F7C4,0000007C
8040F840,00000080
8040F8C0,00000058
8040F918,00000058
8040F970,000000A4
8040FA14,0000009C
8040FAB0,00000078
8040FB28,00000088
8040FBB0,00000060
8040FC10,0000003C
8040FC4C,00000034
8040FC80,00000044
8040FCC4,00000060
8040FD24,000000A4
8040FDC8,00000038
8040FE00,0000004C
8040FE4C,0000009C
8040FEE8,00000058
8040FF40,00000048
8040FF88,00000034
8040FFBC,000000D8
80410094,000000B8
8041014C,000000E0
8041022C,00000028
80410254,00000088
804102DC,00000034
80410310,00000078
80410388,00000090
80410418,000000B4
804104CC,0000003C
80410508,00000040
80410548,0000003C
80410584,000000B0
80410634,000000A8
804106DC,00000040
8041071C,000000CC
804107E8,00000148
80410930,00000098
804109C8,00000034
804109FC,000000B4
80410AB0,00000050
80410B00,0000003C
80410B3C,000000CC
80410C08,00000078
80410C80,000000A4
80410D24,00000140
80410E64,0000031C
80411180,000000FC
8041127C,000000EC
80411368,000000C0
80411428,0000013C
80411564,0000011C
80411680,00000058
804116D8,0000001C
804116F4,000000A4
80411798,0000011C
804118B4,00000278
80411B2C,00000100
80411C2C,000000E4
80411D10,000001F4
80411F04,00000208
8041210C,0000012C
80412238,000000A4
804122DC,00000140
8041241C,00000544
80412960,00000174
80412AD4,0000018C
80412C60,00000094
80412CF4,00000070
80412D64,00000194
80412EF8,00000050
80412F48,00000078
80412FC0,00000088
80413048,0000006C
804130B4,00000070
80413124,00000070
80413194,00000080
80413214,000000B4
804132C8,00000008
804132D0,00000054
80413324,00000014
80413338,00000048
80413380,00000044
804133C4,00000058
8041341C,00000008
80413424,00000030
80413454,00000058
804134AC,000000BC
80413568,000000BC
80413624,000004A0
80413AC4,00000538
80413FFC,00000048
80414044,00000030
80414074,00000058
804140CC,00000008
804140D4,000000A4
80414178,000000A4
8041421C,000000B8
804142D4,00000354
80414628,000000D8
80414700,00000040
80414740,00000090
804147D0,000004D4
80414CA4,00000068
80414D0C,00000048
80414D54,0000005C
80414DB0,00000030
80414DE0,00000058
80414E38,0000005C
80414E94,00000050
80414EE4,00000058
80414F3C,000000C0
80414FFC,00000070
8041506C,00000014
80415080,00000054
804150D4,00000070
80415144,0000007C
804151C0,000001B0
80415370,000000E4
80415454,00000078
804154CC,00000050
8041551C,00000018
80415534,00000064
80415598,00000038
804155D0,0000006C
8041563C,00000014
80415650,00000024
80415674,000000A4
80415718,000000A4
804157BC,000000C4
80415880,000000AC
8041592C,00000060
8041598C,00000080
80415A0C,00000064
80415A70,0000004C
80415ABC,00000018
80415AD4,00000060
80415B34,00000084
80415BB8,0000004C
80415C04,0000005C
80415C60,00000014
80415C74,00000078
80415CEC,0000007C
80415D68,00000014
80415D7C,00000074
80415DF0,0000007C
80415E6C,00000008
80415E74,00000008
80415E7C,00000008
80415E84,00000020
80415EA4,000000D8
80415F7C,000000E0
8041605C,00000008
80416064,00000014
80416078,00000034
804160AC,00000040
804160EC,00000088
80416174,0000002C
804161A0,00000024
804161C4,00000094
80416258,00000018
80416270,000000FC
8041636C,00000078
804163E4,00000178
8041655C,00000018
80416574,00000110
80416684,00000040
804166C4,00000030
804166F4,000000F8
804167EC,00000100
804168EC,00000054
80416940,000000B4
804169F4,00000014
80416A08,00000088
80416A90,00000024
80416AB4,00000040
80416AF4,00000040
80416B34,0000003C
80416B70,00000038
80416BA8,000000A0
80416C48,0000002C
80416C74,00000030
80416CA4,00000040
80416CE4,00000060
80416D44,00000120
80416E64,000000DC
80416F40,00000064
80416FA4,00000118
804170BC,000000F0
804171AC,00000128
804172D4,0000008C
80417360,00000100
80417460,0000010C
8041756C,000000C0
8041762C,000000EC
80417718,00000240
80417958,000000B0
80417A08,000001B0
80417BB8,000000F8
80417CB0,000000B8
80417D68,000000A4
80417E0C,00000038
80417E44,00000498
804182DC,0000008C
80418368,000000D8
80418440,00000010
80418450,000000E0
80418530,000000E0
80418610,00000020
80418630,0000004C
8041867C,00000058
804186D4,00000030
80418704,00000058
8041875C,00000078
804187D4,00000094
80418868,0000024C
80418AB4,00000030
80418AE4,00000138
80418C1C,00000010
80418C2C,00000090
80418CBC,00000014
80418CD0,00000174
80418E44,00000004
80418E48,0000003C
80418E84,000000B8
80418F3C,000001C8
80419104,00000008
8041910C,00000008
80419114,00000008
8041911C,00000054
80419170,00000048
804191B8,000000E4
8041929C,0000006C
80419308,000001C0
804194C8,0000000C
804194D4,0000000C
804194E0,00000074
80419554,0000004C
804195A0,00000078
80419618,00000004
8041961C,00000020
8041963C,00000020
8041965C,00000014
80419670,00000074
804196E4,00000028
8041970C,0000008C
80419798,00000030
804197C8,00000040
80419808,00000080
80419888,00000108
80419990,00000074
80419A04,00000010
80419A14,0000005C
80419A70,000004B8
80419F28,000000B4
80419FDC,000002BC
8041A298,000000D4
8041A36C,00000024
8041A390,00000024
8041A3B4,00000020
8041A3D4,00000048
8041A41C,0000005C
8041A478,000000BC
8041A534,00000080
8041A5B4,00000074
8041A628,00000060
8041A688,0000006C
8041A6F4,0000008C
8041A780,00000010
8041A790,0000006C
8041A7FC,0000001C
8041A818,000000E0
8041A8F8,00000008
8041A900,00000008
8041A908,000000E8
8041A9F0,000000AC
8041AA9C,000001DC
8041AC78,000001D8
8041AE50,00000024
8041AE74,00000048
8041AEBC,00000100
8041AFBC,000000F8
8041B0B4,00000050
8041B104,00000004
8041B108,00000008
8041B110,00000040
8041B150,00000024
8041B174,00000034
8041B1A8,00000034
8041B1DC,00000038
8041B214,00000014
8041B228,00000060
8041B288,000000D4
8041B35C,00000058
8041B3B4,00000058
8041B40C,0000003C
8041B448,00000040
8041B488,0000005C
8041B4E4,00000014
8041B4F8,00000040
8041B538,00000014
8041B54C,000000B0
8041B5FC,0000006C
8041B668,000001A0
8041B808,000000B8
8041B8C0,00000234
8041BAF4,0000005C
8041BB50,00000028
8041BB78,000000D4
8041BC4C,000000AC
8041BCF8,000000AC
8041BDA4,00000084
8041BE28,00000084
8041BEAC,00000140
8041BFEC,00000074
8041C060,00000038
8041C098,00000038
8041C0D0,0000001C
8041C0EC,000000B4
8041C1A0,000000A0
8041C240,00000008
8041C248,00000080
8041C2C8,0000009C
8041C364,0000008C
8041C3F0,0000008C
8041C47C,0000009C
8041C518,00000100
8041C618,0000001C
8041C634,00000024
8041C658,00000028
8041C680,00000020
8041C6A0,00000004
8041C6A4,00000004
8041C6A8,00000008
8041C6B0,00000004
8041C6B4,00000004
8041C6B8,00000004
8041C6BC,00000004
8041C6C0,00000004
8041C6C4,00000004
8041C6C8,00000010
8041C6D8,00000010
8041C6E8,00000004
8041C6EC,00000004
8041C6F0,00000010
8041C700,00000020
8041C720,00000008
8041C728,00000048
8041C770,00000058
8041C7C8,00000070
8041C838,0000001C
8041C854,0000003C
8041C890,00000050
8041C8E0,000000D8
8041C9B8,00000094
8041CA4C,0000012C
8041CB78,000000D8
8041CC50,000000AC
8041CCFC,000000CC
8041CDC8,00000348
8041D110,00000070
8041D180,000001D4
8041D354,00000114
8041D468,00000044
8041D4AC,000000E8
8041D594,00000058
8041D5EC,00000108
8041D6F4,00000060
8041D754,00000068
8041D7BC,00000054
8041D810,00000074
8041D884,00000314
8041DB98,000003F0
8041DF88,00000250
8041E1D8,00000500
8041E6D8,00000014
8041E6EC,00000014
8041E700,00000014
8041E714,000000CC
8041E7E0,000000CC
8041E8AC,000000C0
8041E96C,00000300
8041EC6C,0000004C
8041ECB8,000000C4
8041ED7C,0000002C
8041EDA8,00000014
8041EDBC,00000018
8041EDD4,00000014
8041EDE8,00000018
8041EE00,00000014
8041EE14,0000009C
8041EEB0,00000068
8041EF18,00000020
8041EF38,00000014
8041EF4C,00000014
8041EF60,00000030
8041EF90,00000004
8041EF94,00000004
8041EF98,00000008
8041EFA0,00000008
8041EFA8,00000008
8041EFB0,0000004C
8041EFFC,00000028
8041F024,00000028
8041F04C,00000008
8041F054,0000011C
8041F170,000000D0
8041F240,00000024
8041F264,0000001C
8041F280,00000014
8041F294,00000014
8041F2A8,00000014
8041F2BC,00000014
8041F2D0,00000014
8041F2E4,00000014
8041F2F8,00000008
8041F300,00000014
8041F314,00000064
8041F378,0000009C
8041F414,0000008C
8041F4A0,000000A0
8041F540,00000088
8041F5C8,00000070
8041F638,00000070
8041F6A8,000003C0
8041FA68,00000170
8041FBD8,000000E8
8041FCC0,00000110
8041FDD0,00000030
8041FE00,00000020
8041FE20,00000054
8041FE74,00000028
8041FE9C,00000100
8041FF9C,00000180
8042011C,0000008C
804201A8,00000144
804202EC,00000108
804203F4,000000A4
80420498,000000DC
80420574,000001B4
80420728,000000C8
804207F0,00000080
80420870,0000006C
804208DC,0000006C
80420948,00000098
804209E0,00000098
80420A78,00000088
80420B00,00000020
80420B20,0000001C
80420B3C,00000060
80420B9C,00000054
80420BF0,00000030
80420C20,00000034
80420C54,00000020
80420C74,000000DC
80420D50,00000024
80420D74,00000028
80420D9C,000001A4
80420F40,000006C0
80421600,00000088
80421688,0000010C
80421794,00000104
80421898,000000A4
8042193C,000003B0
80421CEC,000000F0
80421DDC,000000AC
80421E88,0000000C
80421E94,00000080
80421F14,00000048
80421F5C,00000040
80421F9C,00000040
80421FDC,00000024
80422000,00000014
80422014,00000040
80422054,0000001C
80422070,00000128
80422198,00000114
804222AC,000000C8
80422374,000000F0
80422464,000000B0
80422514,000000B4
804225C8,000000B4
8042267C,000000B0
8042272C,000000B0
804227DC,00000064
80422840,00000054
80422894,00000124
804229B8,000000DC
80422A94,00000018
80422AAC,00000060
80422B0C,00000054
80422B60,00000064
80422BC4,0000001C
80422BE0,00000014
80422BF4,00000010
80422C04,00000058
80422C5C,0000005C
80422CB8,00000004
80422CBC,0000003C
80422CF8,00000008
80422D00,00000020
80422D20,0000002C
80422D4C,00000040
80422D8C,00000078
80422E04,00000078
80422E7C,00000010
80422E8C,00000058
80422EE4,00000040
80422F24,00000020
80422F44,0000000C
80422F50,0000000C
80422F5C,00000024
80422F80,00000090
80423010,00000054
80423064,00000040
804230A4,000001E0
80423284,00000050
804232D4,0000011C
804233F0,000000A0
80423490,00000088
80423518,00000018
80423530,00000060
80423590,0000003C
804235CC,0000005C
80423628,00000050
80423678,00000058
804236D0,000005E0
80423CB0,0000009C
80423D4C,000000A8
80423DF4,000000AC
80423EA0,000000B0
80423F50,000000BC
8042400C,0000005C
80424068,00000060
804240C8,000000D8
804241A0,00000100
804242A0,000000A0
80424340,00000094
804243D4,00000208
804245DC,00000114
804246F0,00000130
80424820,00000158
80424978,0000002C
804249A4,00000034
804249D8,00000010
804249E8,00000004
804249EC,0000000C
804249F8,00000040
80424A38,00000040
80424A78,00000040
80424AB8,0000000C
80424AC4,00000040
80424B04,00000004
80424B08,00000010
80424B18,00000008
80424B20,0000000C
80424B2C,00000040
80424B6C,0000000C
80424B78,00000010
80424B88,00000008
80424B90,0000000C
80424B9C,00000040
80424BDC,0000000C
80424BE8,0000004C
80424C34,00000148
80424D7C,00000018
80424D94,00000010
80424DA4,00000040
80424DE4,00000070
80424E54,000000F8
80424F4C,000000EC
80425038,00000080
804250B8,00000074
8042512C,00000030
8042515C,00000070
804251CC,0000003C
80425208,00000284
8042548C,000000A0
8042552C,00000054
80425580,000000B4
80425634,0000014C
80425780,00000048
804257C8,00000084
8042584C,000000B0
804258FC,00000054
80425950,000000F4
80425A44,000000B0
80425AF4,000002A0
80425D94,000000D8
80425E6C,00000158
80425FC4,00000050
80426014,0000002C
80426040,00000048
80426088,00000014
8042609C,00000068
80426104,00000050
80426154,000000BC
80426210,00000178
80426388,00000030
804263B8,00000008
804263C0,00000050
80426410,00000064
80426474,00000098
8042650C,00000158
80426664,00000078
804266DC,0000003C
80426718,00000018
80426730,00000270
804269A0,000000AC
80426A4C,0000003C
80426A88,00000020
80426AA8,00000080
80426B28,00000080
80426BA8,00000004
80426BAC,00000004
80426BB0,00000004
80426BB4,00000014
80426BC8,00000028
80426BF0,00000004
80426BF4,00000004
80426BF8,00000004
80426BFC,00000004
80426C00,00000004
80426C04,00000014
80426C18,00000028
80426C40,00000004
80426C44,00000004
80426C48,00000004
80426C4C,00000004
80426C50,00000004
80426C54,00000064
80426CB8,00000040
80426CF8,00000068
80426D60,00000040
80426DA0,00000008
80426DA8,00000008
80426DB0,00000008
80426DB8,00000008
80426DC0,00000008
80426DC8,00000004
80426DCC,00000008
80426DD4,00000008
80426DDC,00000004
80426DE0,00000008
80426DE8,00000004
80426DEC,00000004
80426DF0,00000004
80426DF4,00000004
80426DF8,00000004
80426DFC,00000004
80426E00,00000004
80426E04,00000004
80426E08,00000008
80426E10,00000008
80426E18,00000004
80426E1C,00000004
80426E20,00000008
80426E28,00000004
80426E2C,00000004
80426E30,00000008
80426E38,00000004
80426E3C,00000008
80426E44,00000004
80426E48,00000008
80426E50,00000004
80426E54,00000004
80426E58,00000004
80426E5C,00000004
80426E60,00000004
80426E64,00000004
80426E68,00000004
80426E6C,00000008
80426E74,00000004
80426E78,00000004
80426E7C,00000008
80426E84,00000004
80426E88,00000004
80426E8C,00000004
80426E90,00000004
80426E94,00000004
80426E98,00000040
80426ED8,0000000C
80426EE4,00000004
80426EE8,00000004
80426EEC,00000004
80426EF0,00000004
80426EF4,00000008
80426EFC,00000004
80426F00,00000004
80426F04,00000004
80426F08,00000004
80426F0C,00000004
80426F10,00000004
80426F14,00000004
80426F18,00000008
80426F20,00000008
80426F28,00000004
80426F2C,00000004
80426F30,00000008
80426F38,00000004
80426F3C,00000004
80426F40,00000004
80426F44,00000004
80426F48,00000004
80426F4C,00000004
80426F50,00000004
80426F54,00000004
80426F58,00000004
80426F5C,00000004
80426F60,00000004
80426F64,00000004
80426F68,000000D4
8042703C,0000002C
80427068,000001D4
8042723C,000000B8
804272F4,00000038
8042732C,00000040
8042736C,0000000C
80427378,00000040
804273B8,00000018
804273D0,00000040
80427410,000000B8
804274C8,00000030
804274F8,00000098
80427590,000000F0
80427680,00000110
80427790,00000030
804277C0,00000030
804277F0,00000030
80427820,0000000C
8042782C,00000134
80427960,00000028
80427988,00000110
80427A98,00000148
80427BE0,00000154
80427D34,0000000C
80427D40,00000024
80427D64,0000002C
80427D90,00000008
80427D98,00000008
80427DA0,00000008
80427DA8,00000008
80427DB0,00000008
80427DB8,00000008
80427DC0,00000008
80427DC8,00000008
80427DD0,00000008
80427DD8,00000008
80427DE0,00000008
80427DE8,00000008
80427DF0,00000008
80427DF8,00000008
80427E00,00000008
80427E08,00000008
80427E10,00000008
80427E18,000000A0
80427EB8,000000BC
80427F74,000000F4
80428068,0000004C
804280B4,00000078
8042812C,00000088
804281B4,0000004C
80428200,00000078
80428278,000000B8
80428330,00000068
80428398,0000004C
804283E4,0000005C
80428440,00000070
804284B0,0000004C
804284FC,00000094
80428590,000000A0
80428630,000000A0
804286D0,00000084
80428754,0000009C
804287F0,0000009C
8042888C,00000068
804288F4,00000060
80428954,00000020
80428974,000000B4
80428A28,00000240
80428C68,00000264
80428ECC,00000268
80429134,00000084
804291B8,000000EC
804292A4,00000100
804293A4,0000004C
804293F0,0000006C
8042945C,00000004
80429460,000000A8
80429508,00000010
80429518,00000084
8042959C,000000EC
80429688,000000D8
80429760,0000004C
804297AC,00000084
80429830,000000EC
8042991C,00000100
80429A1C,0000004C
80429A68,00000084
80429AEC,000000EC
80429BD8,00000100
80429CD8,0000004C
80429D24,000000BC
80429DE0,00000060
80429E40,00000064
80429EA4,00000068
80429F0C,000000C8
80429FD4,0000008C
8042A060,0000001C
8042A07C,00000004
8042A080,00000038
8042A0B8,0000000C
8042A0C4,0000001C
8042A0E0,00000060
8042A140,000000C8
8042A208,00000064
8042A26C,00000068
8042A2D4,00000064
8042A338,00000060
8042A398,000000C8
8042A460,00000064
8042A4C4,00000068
8042A52C,0000008C
8042A5B8,00000060
8042A618,000000C8
8042A6E0,00000064
8042A744,00000068
8042A7AC,0000008C
8042A838,000000C8
8042A900,000000C8
8042A9C8,00000094
8042AA5C,00000124
8042AB80,000000B0
8042AC30,00000068
8042AC98,00000068
8042AD00,00000068
8042AD68,00000054
8042ADBC,00000044
8042AE00,00000070
8042AE70,0000005C
8042AECC,00000038
8042AF04,00000044
8042AF48,00000068
8042AFB0,000000C8
8042B078,00000128
8042B1A0,00000128
8042B2C8,00000108
8042B3D0,00000128
8042B4F8,00000128
8042B620,00000170
8042B790,000000B4
8042B844,0000000C
8042B850,00000270
8042BAC0,000003E0
8042BEA0,00000244
8042C0E4,0000010C
8042C1F0,000000DC
8042C2CC,00000118
8042C3E4,000001B8
8042C59C,00000154
8042C6F0,00000158
8042C848,0000011C
8042C964,00000020
8042C984,00000018
8042C99C,000000A8
8042CA44,00000038
8042CA7C,0000002C
8042CAA8,000000D8
8042CB80,00000024
8042CBA4,00000074
8042CC18,0000000C
8042CC24,00000034
8042CC58,0000001C
8042CC74,0000000C
8042CC80,0000001C
8042CC9C,00000028
8042CCC4,00000034
8042CCF8,00000014
8042CD0C,00000020
8042CD2C,00000014
8042CD40,00000054
8042CD94,00000030
8042CDC4,00000060
8042CE24,0000001C
8042CE40,00000058
8042CE98,00000038
8042CED0,000000CC
8042CF9C,00000030
8042CFCC,00000074
8042D040,00000004
8042D044,00000004
8042D048,00000004
8042D04C,00000004
8042D050,00000004
8042D054,00000024
8042D078,00000008
8042D080,00000008
8042D088,00000008
8042D090,00000008
8042D098,00000008
8042D0A0,0000000C
8042D0AC,0000000C
8042D0B8,00000040
8042D0F8,00000008
8042D100,00000008
8042D108,00000008
8042D110,0000000C
8042D11C,00000008
8042D124,00000008
8042D12C,0000000C
8042D138,00000008
8042D140,00000008
8042D148,0000000C
8042D154,0000000C
8042D160,00000008
8042D168,0000000C
8042D174,0000000C
8042D180,00000008
8042D188,00000008
8042D190,00000008
8042D198,00000008
8042D1A0,00000008
8042D1A8,00000008
8042D1B0,0000000C
8042D1BC,00000040
8042D1FC,00000008
8042D204,0000000C
8042D210,00000008
8042D218,00000008
8042D220,0000000C
8042D22C,00000008
8042D234,00000008
8042D23C,0000000C
8042D248,0000000C
8042D254,00000008
8042D25C,0000000C
8042D268,0000000C
8042D274,00000008
8042D27C,00000008
8042D284,00000008
8042D28C,0000000C
8042D298,0000001C
8042D2B4,00000040
8042D2F4,0000000C
8042D300,00000040
8042D340,0000000C
8042D34C,00000040
8042D38C,0000000C
8042D398,00000080
8042D418,00000010
8042D428,00000018
8042D440,00000018
8042D458,00000010
8042D468,00000018
8042D480,00000018
8042D498,00000010
8042D4A8,00000018
8042D4C0,00000018
8042D4D8,00000008
8042D4E0,00000008
8042D4E8,0000000C
8042D4F4,00000008
8042D4FC,00000040
8042D53C,00000008
8042D544,00000008
8042D54C,00000008
8042D554,00000010
8042D564,00000014
8042D578,00000014
8042D58C,0000000C
8042D598,00000010
8042D5A8,00000010
8042D5B8,00000018
8042D5D0,00000018
8042D5E8,00000010
8042D5F8,00000018
8042D610,00000018
8042D628,00000008
8042D630,0000000C
8042D63C,00000008
8042D644,0000000C
8042D650,00000010
8042D660,0000000C
8042D66C,0000000C
8042D678,00000010
8042D688,0000000C
8042D694,00000010
8042D6A4,00000018
8042D6BC,00000018
8042D6D4,00000010
8042D6E4,00000018
8042D6FC,00000018
8042D714,00000010
8042D724,00000018
8042D73C,00000018
8042D754,00000010
8042D764,00000014
8042D778,00000010
8042D788,0000000C
8042D794,00000008
8042D79C,00000040
8042D7DC,00000008
8042D7E4,00000008
8042D7EC,00000008
8042D7F4,00000010
8042D804,00000014
8042D818,00000014
8042D82C,0000000C
8042D838,00000010
8042D848,00000010
8042D858,00000018
8042D870,00000018
8042D888,00000010
8042D898,00000018
8042D8B0,00000018
8042D8C8,00000008
8042D8D0,0000000C
8042D8DC,00000008
8042D8E4,0000000C
8042D8F0,00000010
8042D900,0000000C
8042D90C,0000000C
8042D918,00000010
8042D928,0000000C
8042D934,00000010
8042D944,00000018
8042D95C,00000018
8042D974,00000010
8042D984,00000018
8042D99C,00000018
8042D9B4,00000010
8042D9C4,00000018
8042D9DC,00000018
8042D9F4,00000010
8042DA04,00000014
8042DA18,00000010
8042DA28,0000000C
8042DA34,00000008
8042DA3C,00000004
8042DA40,00000040
8042DA80,00000008
8042DA88,00000008
8042DA90,00000008
8042DA98,00000010
8042DAA8,00000014
8042DABC,00000014
8042DAD0,0000000C
8042DADC,00000010
8042DAEC,00000010
8042DAFC,00000018
8042DB14,00000018
8042DB2C,00000010
8042DB3C,00000018
8042DB54,00000018
8042DB6C,00000008
8042DB74,0000000C
8042DB80,00000008
8042DB88,0000000C
8042DB94,00000010
8042DBA4,0000000C
8042DBB0,0000000C
8042DBBC,00000010
8042DBCC,0000000C
8042DBD8,00000010
8042DBE8,00000018
8042DC00,00000018
8042DC18,00000010
8042DC28,00000018
8042DC40,00000018
8042DC58,00000010
8042DC68,00000018
8042DC80,00000018
8042DC98,00000010
8042DCA8,00000014
8042DCBC,00000010
8042DCCC,0000000C
8042DCD8,00000008
8042DCE0,00000004
8042DCE4,00000004
8042DCE8,00000008
8042DCF0,00000004
8042DCF4,00000004
8042DCF8,00000004
8042DCFC,00000004
8042DD00,00000004
8042DD04,00000004
8042DD08,00000004
8042DD0C,00000004
8042DD10,00000004
8042DD14,00000004
8042DD18,00000040
8042DD58,00000008
8042DD60,00000010
8042DD70,00000014
8042DD84,00000014
8042DD98,00000010
8042DDA8,00000018
8042DDC0,00000018
8042DDD8,00000008
8042DDE0,00000004
8042DDE4,00000004
8042DDE8,00000010
8042DDF8,00000018
8042DE10,00000018
8042DE28,00000010
8042DE38,00000014
8042DE4C,00000010
8042DE5C,0000000C
8042DE68,00000008
8042DE70,00000004
8042DE74,00000040
8042DEB4,00000008
8042DEBC,00000008
8042DEC4,00000008
8042DECC,0000000C
8042DED8,00000010
8042DEE8,0000000C
8042DEF4,00000010
8042DF04,00000018
8042DF1C,00000018
8042DF34,00000010
8042DF44,00000018
8042DF5C,00000018
8042DF74,00000010
8042DF84,00000014
8042DF98,00000014
8042DFAC,00000010
8042DFBC,00000018
8042DFD4,00000018
8042DFEC,00000010
8042DFFC,00000018
8042E014,00000018
8042E02C,00000010
8042E03C,00000014
8042E050,00000010
8042E060,00000008
8042E068,0000000C
8042E074,00000008
8042E07C,0000000C
8042E088,00000008
8042E090,00000004
8042E094,00000008
8042E09C,00000004
8042E0A0,00000004
8042E0A4,00000004
8042E0A8,00000004
8042E0AC,00000004
8042E0B0,00000004
8042E0B4,00000004
8042E0B8,00000004
8042E0BC,00000004
8042E0C0,00000004
8042E0C4,00000004
8042E0C8,00000004
8042E0CC,00000004
8042E0D0,00000008
8042E0D8,00000008
8042E0E0,00000010
8042E0F0,00000010
8042E100,00000010
8042E110,00000018
8042E128,00000008
8042E130,0000000C
8042E13C,00000008
8042E144,00000040
8042E184,00000008
8042E18C,00000008
8042E194,00000008
8042E19C,0000000C
8042E1A8,00000040
8042E1E8,00000008
8042E1F0,00000008
8042E1F8,00000008
8042E200,0000000C
8042E20C,0000000C
8042E218,00000004
8042E21C,00000040
8042E25C,00000008
8042E264,00000008
8042E26C,00000008
8042E274,00000008
8042E27C,00000008
8042E284,0000000C
8042E290,00000008
8042E298,00000010
8042E2A8,00000010
8042E2B8,00000010
8042E2C8,00000014
8042E2DC,00000014
8042E2F0,00000008
8042E2F8,00000008
8042E300,0000000C
8042E30C,00000010
8042E31C,00000018
8042E334,00000018
8042E34C,00000010
8042E35C,00000018
8042E374,00000018
8042E38C,0000000C
8042E398,00000008
8042E3A0,00000008
8042E3A8,00000008
8042E3B0,00000008
8042E3B8,00000008
8042E3C0,0000000C
8042E3CC,00000008
8042E3D4,00000010
8042E3E4,00000014
8042E3F8,00000014
8042E40C,00000008
8042E414,00000008
8042E41C,0000000C
8042E428,00000010
8042E438,00000018
8042E450,00000018
8042E468,00000040
8042E4A8,00000010
8042E4B8,00000018
8042E4D0,00000018
8042E4E8,0000000C
8042E4F4,0000000C
8042E500,000000B8
8042E5B8,000000F4
8042E6AC,00000220
8042E8CC,00000004
8042E8D0,000002EC
8042EBBC,00000358
8042EF14,00000024
8042EF38,0000000C
8042EF44,00000184
8042F0C8,00000008
8042F0D0,00000034
8042F104,000000F8
8042F1FC,00000068
8042F264,00000068
8042F2CC,00000040
8042F30C,00000020
8042F32C,00000054
8042F380,00000030
8042F3B0,00000060
8042F410,00000030
8042F440,0000005C
8042F49C,00000034
8042F4D0,00000144
8042F614,000000B8
8042F6CC,0000011C
8042F7E8,00000050
8042F838,00000054
8042F88C,00000034
8042F8C0,00000054
8042F914,00000078
8042F98C,0000007C
8042FA08,00000040
8042FA48,0000007C
8042FAC4,00000048
8042FB0C,00000024
8042FB30,00000080
8042FBB0,00000024
8042FBD4,0000006C
8042FC40,0000009C
8042FCDC,00000088
8042FD64,00000164
8042FEC8,000000B4
8042FF7C,00000070
8042FFEC,00000008
8042FFF4,0000005C
80430050,00000018
80430068,00000074
804300DC,000000B4
80430190,000000CC
8043025C,0000003C
80430298,00000040
804302D8,00000068
80430340,00000044
80430384,00000108
8043048C,00000064
804304F0,00000060
80430550,0000002C
8043057C,000000F4
80430670,00000228
80430898,0000022C
80430AC4,00000230
80430CF4,0000011C
80430E10,00000144
80430F54,000000BC
80431010,0000004C
8043105C,0000001C
80431078,00000088
80431100,00000170
80431270,000000B4
80431324,000001E0
80431504,00000038
8043153C,00000038
80431574,00000098
8043160C,0000016C
80431778,00000140
804318B8,00000068
80431920,00000034
80431954,0000004C
804319A0,0000015C
80431AFC,000000F4
80431BF0,00000224
80431E14,000000F8
80431F0C,0000001C
80431F28,00000064
80431F8C,00000018
80431FA4,00000020
80431FC4,00000040
80432004,00000030
80432034,00000544
80432578,00000420
80432998,00000074
80432A0C,00000360
80432D6C,00000824
80433590,00000428
804339B8,000001D0
80433B88,00000054
80433BDC,00000170
80433D4C,00000098
80433DE4,00000270
80434054,00000094
804340E8,0000006C
80434154,0000007C
804341D0,0000005C
8043422C,00000178
804343A4,0000005C
80434400,000002E8
804346E8,00000060
80434748,00000098
804347E0,00000008
804347E8,00000054
8043483C,00000170
804349AC,00000054
80434A00,000002C0
80434CC0,000000A0
80434D60,0000005C
80434DBC,000000B8
80434E74,00000090
80434F04,00000098
80434F9C,00000008
80434FA4,00000114
804350B8,00000008
804350C0,000002C0
80435380,000002C0
80435640,000000FC
8043573C,00000008
80435744,00000028
8043576C,00000040
804357AC,00000028
804357D4,00000040
80435814,00000040
80435854,00000008
8043585C,00000040
8043589C,00000008
804358A4,00000040
804358E4,00000008
804358EC,00000058
80435944,00000008
8043594C,00000058
804359A4,00000004
804359A8,00000008
804359B0,00000008
804359B8,00000040
804359F8,00000008
80435A00,00000040
80435A40,00000004
80435A44,00000008
80435A4C,00000008
80435A54,00000040
80435A94,00000008
80435A9C,00000040
80435ADC,00000008
80435AE4,00000040
80435B24,00000040
80435B64,00000008
80435B6C,00000058
80435BC4,00000040
80435C04,00000008
80435C0C,00000008
80435C14,0000001C
80435C30,0000001C
80435C4C,000000A4
80435CF0,000001E0
80435ED0,00000040
80435F10,00000040
80435F50,00000040
80435F90,00000040
80435FD0,00000040
80436010,00000068
80436078,00000014
8043608C,00000008
80436094,000000C8
8043615C,000000E4
80436240,0000016C
804363AC,00000548
804368F4,00000110
80436A04,0000005C
80436A60,00000008
80436A68,0000008C
80436AF4,0000008C
80436B80,000000EC
80436C6C,00000138
80436DA4,0000019C
80436F40,00000030
80436F70,000000B8
80437028,00000194
804371BC,00000148
80437304,00000038
8043733C,00000028
80437364,00000034
80437398,00000040
804373D8,00000098
80437470,000000A4
80437514,000000C8
804375DC,00000114
804376F0,00000134
80437824,000000BC
804378E0,000000D4
804379B4,000001A8
80437B5C,00000148
80437CA4,00000018
80437CBC,0000036C
80438028,00000080
804380A8,00000048
804380F0,00000038
80438128,00000084
804381AC,0000007C
80438228,0000094C
80438B74,000008F8
8043946C,00000130
8043959C,00000250
804397EC,00000080
8043986C,00000130
8043999C,000000D0
80439A6C,00000018
80439A84,00000094
80439B18,00000038
80439B50,000000D0
80439C20,00000094
80439CB4,00000038
80439CEC,0000009C
80439D88,0000008C
80439E14,00000040
80439E54,00000048
80439E9C,00000094
80439F30,0000009C
80439FCC,00000094
8043A060,00000038
8043A098,00000128
8043A1C0,00000078
8043A238,00000028
8043A260,0000007C
8043A2DC,000000A8
8043A384,0000008C
8043A410,0000005C
8043A46C,000000AC
8043A518,000000A0
8043A5B8,0000008C
8043A644,00000060
8043A6A4,00000038
8043A6DC,00000038
8043A714,000000A4
8043A7B8,00000054
8043A80C,00000040
8043A84C,0000001C
8043A868,00000040
8043A8A8,0000000C
8043A8B4,00000004
8043A8B8,00000040
8043A8F8,0000000C
8043A904,00000008
8043A90C,00000004
8043A910,00000004
8043A914,00000040
8043A954,0000000C
8043A960,00000004
8043A964,00000004
8043A968,00000004
8043A96C,00000004
8043A970,00000004
8043A974,00000004
8043A978,00000004
8043A97C,00000004
8043A980,00000004
8043A984,00000040
8043A9C4,0000000C
8043A9D0,00000018
8043A9E8,00000014
8043A9FC,00000018
8043AA14,000001A8
8043ABBC,000000AC
8043AC68,00000030
8043AC98,00000024
8043ACBC,000000A0
8043AD5C,000002E4
8043B040,00000020
8043B060,00000038
8043B098,00000084
8043B11C,00000794
8043B8B0,00000094
8043B944,00000038
8043B97C,000000D0
8043BA4C,00000038
8043BA84,00000090
8043BB14,0000008C
8043BBA0,00000040
8043BBE0,00000048
8043BC28,00000094
8043BCBC,0000009C
8043BD58,00000094
8043BDEC,00000038
8043BE24,00000128
8043BF4C,00000078
8043BFC4,000000AC
8043C070,000000A0
8043C110,0000008C
8043C19C,00000060
8043C1FC,00000038
8043C234,00000038
8043C26C,000000A4
8043C310,0000001C
8043C32C,00000030
8043C35C,00000100
8043C45C,00000080
8043C4DC,00000094
8043C570,00000298
8043C808,00000134
8043C93C,00000284
8043CBC0,0000011C
8043CCDC,00000138
8043CE14,00000010
8043CE24,00000254
8043D078,00000090
8043D108,000000B8
8043D1C0,000000E4
8043D2A4,0000027C
8043D520,00000264
8043D784,00000124
8043D8A8,000000C4
8043D96C,0000013C
8043DAA8,0000013C
8043DBE4,000000C4
8043DCA8,0000013C
8043DDE4,000001AC
8043DF90,0000007C
8043E00C,00000040
8043E04C,00000040
8043E08C,0000003C
8043E0C8,00000040
8043E108,00000004
8043E10C,00000004
8043E110,00000004
8043E114,00000004
8043E118,00000008
8043E120,00000008
8043E128,00000048
8043E170,00000020
8043E190,00000040
8043E1D0,00000014
8043E1E4,00000040
8043E224,00000040
8043E264,0000000C
8043E270,0000000C
8043E27C,00000040
8043E2BC,00000030
8043E2EC,0000000C
8043E2F8,00000040
8043E338,0000000C
8043E344,0000000C
8043E350,00000040
8043E390,000001B0
8043E540,000000D8
8043E618,0000020C
8043E824,0000006C
8043E890,0000002C
8043E8BC,00000014
8043E8D0,000000EC
8043E9BC,000000A4
8043EA60,0000001C
8043EA7C,00000094
8043EB10,00000094
8043EBA4,000000E0
8043EC84,0000003C
8043ECC0,00000148
8043EE08,000000D0
8043EED8,00000194
8043F06C,000001F8
8043F264,00000084
8043F2E8,0000006C
8043F354,00000080
8043F3D4,00000010
8043F3E4,000000A8
8043F48C,00000020
8043F4AC,00000014
8043F4C0,0000045C
8043F91C,00000010
8043F92C,00000040
8043F96C,00000010
8043F97C,00000040
8043F9BC,0000014C
8043FB08,0000014C
8043FC54,00000094
8043FCE8,000000E8
8043FDD0,0000009C
8043FE6C,00000064
8043FED0,00000054
8043FF24,000001AC
804400D0,0000014C
8044021C,0000014C
80440368,0000009C
80440404,0000028C
80440690,00000108
80440798,00000054
804407EC,0000022C
80440A18,000001AC
80440BC4,0000002C
80440BF0,00000040
80440C30,0000005C
80440C8C,00000008
80440C94,00000040
80440CD4,00000008
80440CDC,00000008
80440CE4,00000008
80440CEC,00000040
80440D2C,000000D0
80440DFC,000000FC
80440EF8,00000024
80440F1C,0000002C
80440F48,0000004C
80440F94,00000008
80440F9C,00000110
804410AC,00000040
804410EC,00000048
80441134,0000010C
80441240,000000B4
804412F4,000000B4
804413A8,00000058
80441400,00000044
80441444,00000098
804414DC,00000020
804414FC,00000020
8044151C,00000070
8044158C,0000152C
80442AB8,000002DC
80442D94,000000E0
80442E74,00000328
8044319C,000002E8
80443484,00000298
8044371C,0000016C
80443888,0000007C
80443904,0000007C
80443980,0000007C
804439FC,00000144
80443B40,000001B4
80443CF4,00000080
80443D74,00000004
80443D78,000000AC
80443E24,00000050
80443E74,00000040
80443EB4,00000040
80443EF4,00000048
80443F3C,00000048
80443F84,0000009C
80444020,0000008C
804440AC,00000128
804441D4,000000AC
80444280,000000AC
8044432C,00000138
80444464,00000138
8044459C,0000008C
80444628,0000002C
80444654,00000028
8044467C,00000030
804446AC,0000003C
804446E8,00000040
80444728,0000004C
80444774,0000000C
80444780,00000074
804447F4,0000000C
80444800,00000034
80444834,00000024
80444858,00000024
8044487C,00000024
804448A0,00000024
804448C4,0000004C
80444910,0000001C
8044492C,0000001C
80444948,0000001C
80444964,000001D0
80444B34,000001BC
80444CF0,00000028
80444D18,00000028
80444D40,00000020
80444D60,0000003C
80444D9C,00000038
80444DD4,00000038
80444E0C,00000044
80444E50,00000050
80444EA0,0000005C
80444EFC,0000001C
80444F18,0000007C
80444F94,0000001C
80444FB0,0000003C
80444FEC,0000000C
80444FF8,00000004
80444FFC,00000038
80445034,000001E4
80445218,000000E8
80445300,00000118
80445418,0000000C
80445424,0000000C
80445430,0000004C
8044547C,00000010
8044548C,00000078
80445504,00000040
80445544,00000040
80445584,00000040
804455C4,0000005C
80445620,0000004C
8044566C,0000004C
804456B8,00000070
80445728,00000148
80445870,00000098
80445908,00000024
8044592C,0000002C
80445958,00000280
80445BD8,00000108
80445CE0,0000012C
80445E0C,00000018
80445E24,00000014
80445E38,00000078
80445EB0,00000078
80445F28,0000000C
80445F34,0000000C
80445F40,00000068
80445FA8,00000068
80446010,00000098
804460A8,00000098
80446140,000000AC
804461EC,00000124
80446310,00000034
80446344,000000F8
8044643C,0000001C
80446458,00000148
804465A0,0000002C
804465CC,00000028
804465F4,00000008
804465FC,000000DC
804466D8,00000008
804466E0,000000B8
80446798,00000110
804468A8,00000184
80446A2C,000000C0
80446AEC,00000230
80446D1C,00000148
80446E64,00000110
80446F74,00000034
80446FA8,0000009C
80447044,000001E0
80447224,00000040
80447264,00000018
8044727C,00000028
804472A4,00000030
804472D4,000000D0
804473A4,0000009C
80447440,00000074
804474B4,0000000C
804474C0,00000074
80447534,00000054
80447588,00000064
804475EC,00000068
80447654,000000A0
804476F4,00000110
80447804,000000D4
804478D8,00000080
80447958,000000DC
80447A34,00000038
80447A6C,0000028C
80447CF8,00000048
80447D40,00000040
80447D80,00000040
80447DC0,00000040
80447E00,00000040
80447E40,00000040
80447E80,00000010
80447E90,00000098
80447F28,00000060
80447F88,0000005C
80447FE4,00000040
80448024,000003A4
804483C8,0000020C
804485D4,00000058
8044862C,000000E4
80448710,00000080
80448790,000001F4
80448984,0000006C
804489F0,00000010
80448A00,00000014
80448A14,00000010
80448A24,00000040
80448A64,00000050
80448AB4,00000058
80448B0C,0000005C
80448B68,00000030
80448B98,00000040
80448BD8,00000090
80448C68,0000007C
80448CE4,00000070
80448D54,00000040
80448D94,00000098
80448E2C,00000080
80448EAC,00000060
80448F0C,00000060
80448F6C,00000040
80448FAC,00000584
80449530,0000049C
804499CC,0000022C
80449BF8,00000200
80449DF8,00000084
80449E7C,00000028
80449EA4,00000028
80449ECC,00000028
80449EF4,000000B0
80449FA4,00000124
8044A0C8,00000078
8044A140,000000B4
8044A1F4,00000028
8044A21C,00000028
8044A244,0000016C
8044A3B0,000000C0
8044A470,00000018
8044A488,00000010
8044A498,00000118
8044A5B0,00000018
8044A5C8,000005DC
8044ABA4,00000208
8044ADAC,00000204
8044AFB0,00000434
8044B3E4,0000018C
8044B570,00000420
8044B990,00000438
8044BDC8,000000DC
8044BEA4,00000194
8044C038,00000194
8044C1CC,00000310
8044C4DC,000004FC
8044C9D8,00000290
8044CC68,00000218
8044CE80,00000100
8044CF80,000000E8
8044D068,00000248
8044D2B0,0000027C
8044D52C,000002F4
8044D820,00000108
8044D928,00000170
8044DA98,00000260
8044DCF8,000000F8
8044DDF0,000000E8
8044DED8,000003D4
8044E2AC,00000090
8044E33C,0000001C
8044E358,0000001C
8044E374,0000001C
8044E390,0000001C
8044E3AC,000001D4
8044E580,000000D0
8044E650,00000194
8044E7E4,000000B4
8044E898,00000194
8044EA2C,00000124
8044EB50,00000468
8044EFB8,000001E8
8044F1A0,00000228
8044F3C8,000001B4
8044F57C,00000174
8044F6F0,000005CC
8044FCBC,00000458
80450114,00000128
8045023C,00000224
80450460,00000278
804506D8,0000072C
80450E04,000002F4
804510F8,000000A0
80451198,000002D8
80451470,0000007C
804514EC,000002C0
804517AC,00000134
804518E0,00000114
804519F4,00000398
80451D8C,000003C4
80452150,00000248
80452398,00000104
8045249C,0000024C
804526E8,0000048C
80452B74,00000494
80453008,00000250
80453258,0000025C
804534B4,0000065C
80453B10,00000688
80454198,00000688
80454820,0000009C
804548BC,00000494
80454D50,00000114
80454E64,00000020
80454E84,000002D8
8045515C,00000004
80455160,00000004
80455164,00000004
80455168,00000004
8045516C,00000004
80455170,00000378
804554E8,0000030C
804557F4,00000130
80455924,00000050
80455974,000001F0
80455B64,00000060
80455BC4,000001CC
80455D90,00000250
80455FE0,00000070
80456050,000000E0
80456130,00000008
80456138,000000E4
8045621C,00000010
8045622C,000001B0
804563DC,000000F0
804564CC,0000001C
804564E8,000003A0
80456888,00000188
80456A10,0000022C
80456C3C,00000014
80456C50,00000014
80456C64,00000010
80456C74,0000001C
80456C90,0000001C
80456CAC,0000001C
80456CC8,0000001C
80456CE4,0000000C
80456CF0,00000008
80456CF8,00000088
80456D80,00000028
80456DA8,00000024
80456DCC,0000001C
80456DE8,0000001C
80456E04,0000001C
80456E20,00000028
80456E48,00000020
80456E68,00000020
80456E88,00000114
80456F9C,00000178
80457114,00000120
80457234,00000004
80457238,000000EC
80457324,000000A4
804573C8,00000070
80457438,00000094
804574CC,00000184
80457650,0000016C
804577BC,00000124
804578E0,0000016C
80457A4C,00000124
80457B70,0000016C
80457CDC,00000124
80457E00,0000006C
80457E6C,00000048
80457EB4,0000007C
80457F30,00000044
80457F74,00000004
80457F78,00000050
80457FC8,0000007C
80458044,000002E4
80458328,000002D8
80458600,000002C8
804588C8,000003DC
80458CA4,00000268
80458F0C,000002F4
80459200,000001C8
804593C8,00000198
80459560,000001CC
8045972C,00000190
804598BC,000001AC
80459A68,000000DC
80459B44,0000006C
80459BB0,00000374
80459F24,0000004C
80459F70,00000008
80459F78,00000014
80459F8C,0000002C
80459FB8,000002E4
8045A29C,0000000C
8045A2A8,0000000C
8045A2B4,000000A0
8045A354,000000C0
8045A414,0000050C
8045A920,00000284
8045ABA4,00000738
8045B2DC,000005E8
8045B8C4,0000011C
8045B9E0,00000030
8045BA10,00000130
8045BB40,00001088
8045CBC8,000001D8
8045CDA0,00000248
8045CFE8,000002B0
8045D298,00000508
8045D7A0,00000890
8045E030,000001F8
8045E228,00000068
8045E290,00000040
8045E2D0,00000074
8045E344,00000540
8045E884,00000030
8045E8B4,00000034
8045E8E8,00000064
8045E94C,00000070
8045E9BC,00000158
8045EB14,00000130
8045EC44,000000E0
8045ED24,0000016C
8045EE90,000001B8
8045F048,00000050
8045F098,00000050
8045F0E8,000001AC
8045F294,000000A4
8045F338,0000003C
8045F374,00000194
8045F508,00000038
8045F540,000000C0
8045F600,00000058
8045F658,000000F4
8045F74C,00000070
8045F7BC,000001A0
8045F95C,000001A8
8045FB04,000000F4
8045FBF8,00000008
8045FC00,000000AC
8045FCAC,0000009C
8045FD48,00000018
8045FD60,00000464
804601C4,0000002C
804601F0,00000140
80460330,00000190
804604C0,00000054
80460514,000000BC
804605D0,000000E4
804606B4,00000008
804606BC,00000030
804606EC,00000024
80460710,00000030
80460740,000000B4
804607F4,00000080
80460874,00000050
804608C4,00000060
80460924,00000568
80460E8C,0000008C
80460F18,000004C0
804613D8,000000F4
804614CC,00000138
80461604,00000128
8046172C,000000E8
80461814,000000B0
804618C4,000001F0
80461AB4,000001D0
80461C84,000001D8
80461E5C,000000BC
80461F18,00000080
80461F98,00000108
804620A0,00000080
80462120,00000094
804621B4,00000194
80462348,00000170
804624B8,000001EC
804626A4,00000168
8046280C,00000078
80462884,000000F4
80462978,00000180
80462AF8,0000000C
80462B04,00000070
80462B74,0000004C
80462BC0,000000A4
80462C64,000000EC
80462D50,00000010
80462D60,0000000C
80462D6C,00000030
80462D9C,000001DC
80462F78,00000038
80462FB0,00000020
80462FD0,000001CC
8046319C,0000006C
80463208,00000014
8046321C,00000014
80463230,00000014
80463244,000000A0
804632E4,00000014
804632F8,00000008
80463300,00000008
80463308,000001F0
804634F8,00000064
8046355C,00000138
80463694,00000268
804638FC,00000084
80463980,00000058
804639D8,000000CC
80463AA4,00000024
80463AC8,00000194
80463C5C,00000140
80463D9C,000000B4
80463E50,00000204
80464054,000001CC
80464220,00000150
80464370,00000110
80464480,000004A0
80464920,00000378
80464C98,000001F8
80464E90,0000014C
80464FDC,000000EC
804650C8,0000018C
80465254,000001AC
80465400,00000134
80465534,0000001C
80465550,000002E0
80465830,0000032C
80465B5C,00000008
80465B64,00000048
80465BAC,00000048
80465BF4,00000048
80465C3C,00000048
80465C84,000000C8
80465D4C,00000CEC
80466A38,000000A0
80466AD8,0000037C
80466E54,00000110
80466F64,000000E8
8046704C,00000114
80467160,00000100
80467260,00000168
804673C8,00000138
80467500,0000011C
8046761C,00000100
8046771C,00000100
8046781C,00000170
8046798C,00000134
80467AC0,000000C0
80467B80,00000164
80467CE4,000000F0
80467DD4,000000D0
80467EA4,000000F0
80467F94,000001A0
80468134,000001BC
804682F0,000000E0
804683D0,000000CC
8046849C,00000010
804684AC,0000018C
80468638,00000010
80468648,00000160
804687A8,000000A8
80468850,000000A4
804688F4,0000013C
80468A30,00000154
80468B84,000001C4
80468D48,0000019C
80468EE4,0000003C
80468F20,000000E0
80469000,0000003C
8046903C,000000E0
8046911C,00000098
804691B4,00000284
80469438,00000140
80469578,00000174
804696EC,00000148
80469834,00000094
804698C8,00000078
80469940,00000034
80469974,00000048
804699BC,0000005C
80469A18,00000008
80469A20,0000001C
80469A3C,0000005C
80469A98,00000008
80469AA0,00000350
80469DF0,00000190
80469F80,000001C4
8046A144,000000C0
8046A204,000000D0
8046A2D4,00000018
8046A2EC,00000128
8046A414,000000F8
8046A50C,00000020
8046A52C,00000024
8046A550,00000038
8046A588,0000004C
8046A5D4,0000000C
8046A5E0,00000010
8046A5F0,00000118
8046A708,00000008
8046A710,00000008
8046A718,00000018
8046A730,000000E0
8046A810,000000AC
8046A8BC,00000014
8046A8D0,000000E0
8046A9B0,000000A4
8046AA54,000000FC
8046AB50,000000EC
8046AC3C,00000024
8046AC60,00000024
8046AC84,0000004C
8046ACD0,000000EC
8046ADBC,000001BC
8046AF78,000001B4
8046B12C,0000002C
8046B158,0000002C
8046B184,0000002C
8046B1B0,00000080
8046B230,00000018
8046B248,00000238
8046B480,00000088
8046B508,00000128
8046B630,00000084
8046B6B4,00000084
8046B738,00000080
8046B7B8,00000114
8046B8CC,00000538
8046BE04,00000060
8046BE64,000000C4
8046BF28,00000148
8046C070,000000AC
8046C11C,000001E4
8046C300,00000144
8046C444,000000B0
8046C4F4,00000174
8046C668,00000250
8046C8B8,000000E8
8046C9A0,00000190
8046CB30,00000150
8046CC80,00000150
8046CDD0,00000140
8046CF10,00000138
8046D048,000000EC
8046D134,0000010C
8046D240,00000104
8046D344,00000104
8046D448,000000E8
8046D530,000000DC
8046D60C,00000160
8046D76C,00000180
8046D8EC,00000184
8046DA70,00000124
8046DB94,000001DC
8046DD70,000001D8
8046DF48,00000180
8046E0C8,00000140
8046E208,00000214
8046E41C,00000214
8046E630,000001A0
8046E7D0,00000114
8046E8E4,00000104
8046E9E8,00000104
8046EAEC,00000104
8046EBF0,00000114
8046ED04,000000BC
8046EDC0,0000001C
8046EDDC,0000001C
8046EDF8,00000114
8046EF0C,000000BC
8046EFC8,000001CC
8046F194,0000021C
8046F3B0,00000128
8046F4D8,00000048
8046F520,00000018
8046F538,0000005C
8046F594,00000040
8046F5D4,00000280
8046F854,00000100
8046F954,00000348
8046FC9C,00000204
8046FEA0,00000294
80470134,00000254
80470388,00000134
804704BC,0000043C
804708F8,00000100
804709F8,00000014
80470A0C,00000010
80470A1C,00000010
80470A2C,000000C8
80470AF4,00000068
80470B5C,00000074
80470BD0,00000090
80470C60,00000040
80470CA0,00000048
80470CE8,00000048
80470D30,00000060
80470D90,0000003C
80470DCC,0000003C
80470E08,00000060
80470E68,00000084
80470EEC,00000034
80470F20,00000124
80471044,00000058
8047109C,0000013C
804711D8,00000010
804711E8,000000BC
804712A4,00000010
804712B4,0000021C
804714D0,000001A8
80471678,0000008C
80471704,00000368
80471A6C,00000118
80471B84,00000070
80471BF4,00000048
80471C3C,000000AC
80471CE8,00000220
80471F08,0000016C
80472074,0000009C
80472110,00000190
804722A0,0000006C
8047230C,000000A8
804723B4,000000E8
8047249C,00000074
80472510,00000130
80472640,000001B8
804727F8,00000250
80472A48,000000DC
80472B24,00000178
80472C9C,00000084
80472D20,00000238
80472F58,00000300
80473258,00000114
8047336C,000002B4
80473620,000005E4
80473C04,0000040C
80474010,00000614
80474624,00000104
80474728,0000010C
80474834,000000F8
8047492C,0000032C
80474C58,000000F4
80474D4C,00000104
80474E50,000000A8
80474EF8,00000324
8047521C,00000130
8047534C,00000204
80475550,000001BC
8047570C,000001AC
804758B8,000001CC
80475A84,00000224
80475CA8,00000228
80475ED0,000002AC
8047617C,00000368
804764E4,00000130
80476614,00000110
80476724,00000180
804768A4,00000118
804769BC,000001B8
80476B74,0000003C
80476BB0,000000C4
80476C74,000000B0
80476D24,000000AC
80476DD0,00000194
80476F64,00000130
80477094,00000244
804772D8,000003E0
804776B8,00000198
80477850,00000130
80477980,000002B0
80477C30,000000E8
80477D18,00000218
80477F30,0000007C
80477FAC,00000010
80477FBC,00000008
80477FC4,0000005C
80478020,00000068
80478088,00000020
804780A8,00000014
804780BC,0000001C
804780D8,000001E4
804782BC,000002DC
80478598,000001A4
8047873C,000004D4
80478C10,00000164
80478D74,000001C0
80478F34,00000098
80478FCC,000001D0
8047919C,00000174
80479310,000001D0
804794E0,00000120
80479600,000001F0
804797F0,00000004
804797F4,0000011C
80479910,00000298
80479BA8,000001D4
80479D7C,0000027C
80479FF8,00000144
8047A13C,0000025C
8047A398,000002DC
8047A674,0000026C
8047A8E0,000003A0
8047AC80,000001C8
8047AE48,000001D4
8047B01C,0000011C
8047B138,000004BC
8047B5F4,000001A0
8047B794,00000354
8047BAE8,00000124
8047BC0C,00000098
8047BCA4,000000A4
8047BD48,000001C4
8047BF0C,00000148
8047C054,00000394
8047C3E8,0000023C
8047C624,000002A0
8047C8C4,00000398
8047CC5C,0000024C
8047CEA8,000001E0
8047D088,000002BC
8047D344,000004B4
8047D7F8,00000368
8047DB60,0000002C
8047DB8C,00000010
8047DB9C,00000384
8047DF20,00000008
8047DF28,00000098
8047DFC0,00000188
8047E148,0000025C
8047E3A4,000001B0
8047E554,00000068
8047E5BC,0000009C
8047E658,0000012C
8047E784,00000098
8047E81C,00000778
8047EF94,000001DC
8047F170,0000006C
8047F1DC,00000324
8047F500,000001A4
8047F6A4,00000074
8047F718,000000B8
8047F7D0,000000F0
8047F8C0,000000EC
8047F9AC,00000290
8047FC3C,00000148
8047FD84,0000023C
8047FFC0,00000114
804800D4,00000104
804801D8,0000018C
80480364,000001BC
80480520,000001D4
804806F4,000001BC
804808B0,0000014C
804809FC,00000154
80480B50,00000054
80480BA4,00000044
80480BE8,00000010
80480BF8,000002A0
80480E98,000005F4
8048148C,0000011C
804815A8,000001F0
80481798,000001BC
80481954,00000268
80481BBC,00000034
80481BF0,0000007C
80481C6C,00000008
80481C74,00000008
80481C7C,000000D0
80481D4C,00000040
80481D8C,00000010
80481D9C,00000018
80481DB4,00000024
80481DD8,00000094
80481E6C,00000028
80481E94,00000024
80481EB8,00000024
80481EDC,00000024
80481F00,000000B4
80481FB4,00000028
80481FDC,00000024
80482000,00000028
80482028,00000028
80482050,00000040
80482090,00000050
804820E0,00000028
80482108,0000000C
80482114,00000008
8048211C,00000004
80482120,00000010
80482130,00000064
80482194,00000014
804821A8,000000C8
80482270,000000F4
80482364,0000018C
804824F0,000000DC
804825CC,000000DC
804826A8,000000DC
80482784,0000006C
804827F0,0000008C
8048287C,0000009C
80482918,0000008C
804829A4,000000D0
80482A74,00000040
80482AB4,00000004
80482AB8,00000088
80482B40,00000084
80482BC4,00000094
80482C58,00000010
80482C68,00000144
80482DAC,0000002C
80482DD8,00000060
80482E38,00000074
80482EAC,00000064
80482F10,00000040
80482F50,0000006C
80482FBC,00000184
80483140,000001EC
8048332C,00000158
80483484,00000160
804835E4,0000000C
804835F0,0000003C
8048362C,00000134
80483760,00000088
804837E8,000002C0
80483AA8,00000150
80483BF8,000000EC
80483CE4,0000013C
80483E20,000000E8
80483F08,00000108
80484010,00000178
80484188,0000010C
80484294,000000D0
80484364,00000110
80484474,00000068
804844DC,000000E8
804845C4,00000008
804845CC,000000AC
80484678,00000048
804846C0,00000004
804846C4,00000070
80484734,00000010
80484744,00000008
8048474C,0000012C
80484878,00000104
8048497C,00000190
80484B0C,00000060
80484B6C,000001E8
80484D54,00000078
80484DCC,000000E0
80484EAC,00000068
80484F14,00000068
80484F7C,00000004
80484F80,0000004C
80484FCC,00000010
80484FDC,00000088
80485064,00000014
80485078,0000001C
80485094,00000244
804852D8,00000178
80485450,00000108
80485558,000000EC
80485644,00000054
80485698,00000058
804856F0,00000054
80485744,00000058
8048579C,00000028
804857C4,00000004
804857C8,00000058
80485820,00000054
80485874,00000058
804858CC,00000054
80485920,00000058
80485978,0000007C
804859F4,000000C0
80485AB4,000000B0
80485B64,000000B0
80485C14,000000C0
80485CD4,000000C0
80485D94,000000C0
80485E54,000000B8
80485F0C,00000218
80486124,0000004C
80486170,000003B0
80486520,00000270
80486790,00000324
80486AB4,000006A8
8048715C,00000038
80487194,000000A4
80487238,0000004C
80487284,0000006C
804872F0,00000018
80487308,00000044
8048734C,00000044
80487390,000000FC
8048748C,00000038
804874C4,000000A8
8048756C,00000018
80487584,000001A0
80487724,00000194
804878B8,00000004
804878BC,00000030
804878EC,0000003C
80487928,000000D4
804879FC,0000002C
80487A28,000000CC
80487AF4,00000128
80487C1C,00000060
80487C7C,00000094
80487D10,00000078
80487D88,00000060
80487DE8,00000074
80487E5C,00000074
80487ED0,000000B0
80487F80,000000C0
80488040,00000144
80488184,00000014
80488198,00000008
804881A0,000000A0
80488240,0000007C
804882BC,00000088
80488344,00000078
804883BC,00000064
80488420,00000068
80488488,000001E8
80488670,00000128
80488798,000000E8
80488880,00000094
80488914,0000006C
80488980,00000070
804889F0,00000018
80488A08,0000006C
80488A74,00000080
80488AF4,00000048
80488B3C,00000024
80488B60,000000E4
80488C44,00000008
80488C4C,00000008
80488C54,00000070
80488CC4,0000000C
80488CD0,0000004C
80488D1C,0000001C
80488D38,00000034
80488D6C,0000009C
80488E08,00000024
80488E2C,00000078
80488EA4,00000050
80488EF4,00000120
80489014,00000028
8048903C,00000028
80489064,00000108
8048916C,00000034
804891A0,00000078
80489218,00000068
80489280,00000068
804892E8,00000030
80489318,0000005C
80489374,00000090
80489404,0000007C
80489480,000000D4
80489554,00000238
8048978C,00000050
804897DC,000000B0
8048988C,00000014
804898A0,00000004
804898A4,00000054
804898F8,00000048
80489940,0000000C
8048994C,000000C4
80489A10,0000002C
80489A3C,00000078
80489AB4,0000011C
80489BD0,00000010
80489BE0,0000003C
80489C1C,000000D0
80489CEC,000001A8
80489E94,00000088
80489F1C,0000004C
80489F68,0000006C
80489FD4,00000070
8048A044,00000198
8048A1DC,00000098
8048A274,000000C0
8048A334,000000AC
8048A3E0,00000024
8048A404,00000090
8048A494,00000020
8048A4B4,00000010
8048A4C4,00000020
8048A4E4,00000074
8048A558,00000034
8048A58C,00000030
8048A5BC,00000008
8048A5C4,00000008
8048A5CC,0000005C
8048A628,00000008
8048A630,0000009C
8048A6CC,00000060
8048A72C,00000054
8048A780,00000064
8048A7E4,00000014
8048A7F8,00000014
8048A80C,00000014
8048A820,000000B8
8048A8D8,000000CC
8048A9A4,00000018
8048A9BC,000000F8
8048AAB4,000000D4
8048AB88,00000024
8048ABAC,0000006C
8048AC18,000000E8
8048AD00,00000084
8048AD84,00000078
8048ADFC,00000070
8048AE6C,00000080
8048AEEC,00000060
8048AF4C,000000D4
8048B020,00000010
8048B030,0000004C
8048B07C,00000034
8048B0B0,00000030
8048B0E0,00000008
8048B0E8,00000030
8048B118,0000000C
8048B124,0000005C
8048B180,00000008
8048B188,00000030
8048B1B8,00000004
8048B1BC,00000034
8048B1F0,00000034
8048B224,00000008
8048B22C,00000044
8048B270,00000030
8048B2A0,00000004
8048B2A4,00000030
8048B2D4,00000038
8048B30C,00000024
8048B330,00000008
8048B338,00000008
8048B340,00000004
8048B344,0000003C
8048B380,00000040
8048B3C0,00000038
8048B3F8,00000018
8048B410,00000030
8048B440,0000003C
8048B47C,00000058
8048B4D4,00000058
8048B52C,00000018
8048B544,00000060
8048B5A4,00000018
8048B5BC,00000060
8048B61C,00000010
8048B62C,00000060
8048B68C,00000010
8048B69C,00000060
8048B6FC,00000034
8048B730,00000034
8048B764,00000034
8048B798,00000024
8048B7BC,00000038
8048B7F4,00000044
8048B838,00000020
8048B858,00000064
8048B8BC,0000005C
8048B918,00000008
8048B920,00000008
8048B928,00000008
8048B930,00000048
8048B978,00000048
8048B9C0,00000028
8048B9E8,00000028
8048BA10,00000008
8048BA18,00000008
8048BA20,00000008
8048BA28,00000008
8048BA30,00000048
8048BA78,00000044
8048BABC,00000010
8048BACC,00000038
8048BB04,00000030
8048BB34,00000024
8048BB58,00000024
8048BB7C,00000024
8048BBA0,00000024
8048BBC4,0000001C
8048BBE0,0000001C
8048BBFC,00000020
8048BC1C,00000020
8048BC3C,00000104
8048BD40,000000E8
8048BE28,00000068
8048BE90,0000005C
8048BEEC,00000044
8048BF30,000000F8
8048C028,00000024
8048C04C,00000010
8048C05C,00000010
8048C06C,00000028
8048C094,00000050
8048C0E4,00000070
8048C154,00000078
8048C1CC,0000003C
8048C208,00000010
8048C218,000000D4
8048C2EC,000001F8
8048C4E4,00000184
8048C668,0000006C
8048C6D4,0000002C
8048C700,0000002C
8048C72C,00000054
8048C780,00000028
8048C7A8,0000004C
8048C7F4,00000018
8048C80C,00000058
8048C864,00000034
8048C898,0000004C
8048C8E4,0000002C
8048C910,00000028
8048C938,00000044
8048C97C,00000040
8048C9BC,00000034
8048C9F0,00000060
8048CA50,00000034
8048CA84,0000003C
8048CAC0,0000004C
8048CB0C,0000006C
8048CB78,00000078
8048CBF0,00000048
8048CC38,00000048
8048CC80,00000038
8048CCB8,00000010
8048CCC8,00000038
8048CD00,00000054
8048CD54,00000038
8048CD8C,00000054
8048CDE0,00000030
8048CE10,00000010
8048CE20,0000002C
8048CE4C,0000002C
8048CE78,00000030
8048CEA8,0000003C
8048CEE4,0000001C
8048CF00,00000068
8048CF68,00000030
8048CF98,00000008
8048CFA0,00000008
8048CFA8,00000034
8048CFDC,00000054
8048D030,00000044
8048D074,0000001C
8048D090,00000014
8048D0A4,00000014
8048D0B8,00000060
8048D118,00000060
8048D178,0000007C
8048D1F4,0000007C
8048D270,00000168
8048D3D8,00000030
8048D408,00000074
8048D47C,000000D4
8048D550,0000017C
8048D6CC,00000200
8048D8CC,000000A4
8048D970,00000014
8048D984,00000010
8048D994,0000002C
8048D9C0,00000038
8048D9F8,000000AC
8048DAA4,000001A0
8048DC44,00000054
8048DC98,00000054
8048DCEC,00000258
8048DF44,00000040
8048DF84,00000040
8048DFC4,00000040
8048E004,00000044
8048E048,0000006C
8048E0B4,00000034
8048E0E8,0000006C
8048E154,00000024
8048E178,0000008C
8048E204,000000F4
8048E2F8,000000C0
8048E3B8,000000B8
8048E470,00000030
8048E4A0,00000034
8048E4D4,00000048
8048E51C,00000040
8048E55C,0000002C
8048E588,00000014
8048E59C,000000D0
8048E66C,00000004
8048E670,00000060
8048E6D0,00000058
8048E728,000001C4
8048E8EC,0000028C
8048EB78,00000004
8048EB7C,0000005C
8048EBD8,00000020
8048EBF8,00000640
8048F238,000001E0
8048F418,00000224
8048F63C,0000006C
8048F6A8,0000005C
8048F704,000000D8
8048F7DC,00000058
8048F834,0000005C
8048F890,0000004C
8048F8DC,00000068
8048F944,00000010
8048F954,00000030
8048F984,0000000C
8048F990,00000040
8048F9D0,00000038
8048FA08,0000000C
8048FA14,00000040
8048FA54,00000060
8048FAB4,00000078
8048FB2C,00000148
8048FC74,0000007C
8048FCF0,00000030
8048FD20,00000010
8048FD30,00000024
8048FD54,00000058
8048FDAC,00000058
8048FE04,00000024
8048FE28,00000024
8048FE4C,00000040
8048FE8C,00000018
8048FEA4,0000000C
8048FEB0,00000044
8048FEF4,00000040
8048FF34,00000160
80490094,00000010
804900A4,00000030
804900D4,00000058
8049012C,00000010
8049013C,00000030
8049016C,00000008
80490174,0000000C
80490180,00000054
804901D4,000000B0
80490284,00000024
804902A8,000000E8
80490390,00000064
804903F4,000000A0
80490494,000000D0
80490564,00000030
80490594,00000058
804905EC,00000078
80490664,00000040
804906A4,00000040
804906E4,000000B8
8049079C,00000090
8049082C,0000000C
80490838,0000000C
80490844,00000024
80490868,00000040
804908A8,00000034
804908DC,00000008
804908E4,00000004
804908E8,00000008
804908F0,00000060
80490950,00000080
804909D0,00000040
80490A10,0000007C
80490A8C,00000024
80490AB0,00000090
80490B40,00000020
80490B60,00000024
80490B84,00000008
80490B8C,00000028
80490BB4,00000008
80490BBC,00000008
80490BC4,00000004
80490BC8,00000004
80490BCC,000001B0
80490D7C,00000014
80490D90,00000134
80490EC4,00000020
80490EE4,0000005C
80490F40,00000288
804911C8,0000027C
80491444,00000004
80491448,000000AC
804914F4,00000044
80491538,000000DC
80491614,000004F8
80491B0C,00000848
80492354,00000014
80492368,00000028
80492390,00000030
804923C0,00000010
804923D0,00000018
804923E8,00000060
80492448,0000000C
80492454,0000006C
804924C0,0000005C
8049251C,00000094
804925B0,00000094
80492644,0000008C
804926D0,000000C4
80492794,00000008
8049279C,00000048
804927E4,00000064
80492848,00000120
80492968,000000A0
80492A08,00000070
80492A78,00000070
80492AE8,0000008C
80492B74,00000018
80492B8C,00000010
80492B9C,0000002C
80492BC8,000000E8
80492CB0,0000006C
80492D1C,00000204
80492F20,0000008C
80492FAC,000002F8
804932A4,00000350
804935F4,0000011C
80493710,00000304
80493A14,00000010
80493A24,0000003C
80493A60,00000074
80493AD4,00000058
80493B2C,00000030
80493B5C,0000002C
80493B88,0000005C
80493BE4,00000030
80493C14,00000098
80493CAC,00000050
80493CFC,00000040
80493D3C,0000000C
80493D48,00000030
80493D78,000000A0
80493E18,00000048
80493E60,0000001C
80493E7C,000000F8
80493F74,000001B8
8049412C,000000CC
804941F8,00000154
8049434C,00000004
80494350,00000004
80494354,0000003C
80494390,00000140
804944D0,000000FC
804945CC,0000011C
804946E8,000000C8
804947B0,0000000C
804947BC,00000008
804947C4,00000008
804947CC,000000AC
80494878,000000AC
80494924,000000D8
804949FC,00000080
80494A7C,00000008
80494A84,00000028
80494AAC,00000070
80494B1C,00000010
80494B2C,00000144
80494C70,00000050
80494CC0,0000006C
80494D2C,00000068
80494D94,0000005C
80494DF0,00000048
80494E38,00000040
80494E78,0000009C
80494F14,00000008
80494F1C,00000008
80494F24,000000D4
80494FF8,00000004
80494FFC,0000002C
80495028,00000010
80495038,00000010
80495048,00000084
804950CC,00000084
80495150,0000006C
804951BC,00000074
80495230,00000008
80495238,00000090
804952C8,0000008C
80495354,00000248
8049559C,00000074
80495610,00000038
80495648,00000010
80495658,0000003C
80495694,00000004
80495698,00000004
8049569C,00000004
804956A0,00000010
804956B0,00000008
804956B8,00000010
804956C8,00000024
804956EC,0000000C
804956F8,000000BC
804957B4,0000012C
804958E0,00000020
80495900,00000064
80495964,0000000C
80495970,00000010
80495980,0000000C
8049598C,00000010
8049599C,00000118
80495AB4,00000018
80495ACC,0000002C
80495AF8,00000028
80495B20,00000014
80495B34,0000001C
80495B50,00000028
80495B78,00000008
80495B80,00000008
80495B88,0000005C
80495BE4,00000038
80495C1C,0000000C
80495C28,0000000C
80495C34,00000008
80495C3C,00000020
80495C5C,0000003C
80495C98,00000004
80495C9C,00000008
80495CA4,00000004
80495CA8,00000008
80495CB0,00000008
80495CB8,0000003C
80495CF4,00000078
80495D6C,00000018
80495D84,00000018
80495D9C,0000000C
80495DA8,0000000C
80495DB4,0000000C
80495DC0,00000044
80495E04,00000024
80495E28,0000005C
80495EA0,00000048
80495F00,0000003C
80495F40,00000074
80495FC0,00000024
80496000,00000054
80496060,00000050
804960C0,00000034
80496100,00000054
80496160,00000080
804961E0,000000CC
804962C0,00000120
804963E0,0000002C
80496420,00000074
804964A0,0000007C
80496520,0000007C
804965A0,0000035C
80496900,0000007C
80496980,00000058
804969E0,00000078
80496A60,00000014
80496A80,0000000C
80496A8C,00000040
80496ACC,00000040
80496B0C,000000A4
80496BB0,00000104
80496CB4,000000B4
80496D68,000001B0
80496F18,000000CC
80496FE4,00000088
8049706C,00000088
804970F4,00000008
804970FC,00000008
80497104,00000004
80497108,000000A0
804971A8,000000A8
80497250,00000008
80497258,00000010
80497268,00000004
8049726C,00000008
80497274,00000008
8049727C,00000008
80497284,00000008
8049728C,00000008
80497294,00000008
8049729C,00000008
804972A4,00000008
804972AC,00000008
804972B4,00000024
804972D8,00000014
804972EC,00000068
80497354,00000080
804973D4,0000005C
80497430,000000AC
804974DC,000000B8
80497594,0000009C
80497630,00000054
80497684,00000044
804976C8,00000070
80497738,00000148
80497880,00000098
80497918,00000070
80497988,0000008C
80497A14,00000038
80497A4C,00000054
80497AA0,0000005C
80497AFC,00000064
80497B60,00000054
80497BB4,00000008
80497BBC,00000008
80497BC4,00000054
80497C18,00000054
80497C6C,000000B8
80497D24,00000080
80497DA4,00000064
80497E08,0000002C
80497E34,00000038
80497E6C,00000078
80497EE4,00000034
80497F18,00000054
80497F6C,00000018
80497F84,00000060
80497FE4,00000034
80498018,00000058
80498070,00000080
804980F0,00000154
80498244,0000005C
804982A0,00000030
804982D0,00000058
80498328,000000B4
804983DC,000000A0
8049847C,000000A0
8049851C,000000E4
80498600,00000094
80498694,000000B0
80498744,000000EC
80498830,000000F4
80498924,000000A8
804989CC,0000009C
80498A68,000001A0
80498C08,00000084
80498C8C,00000008
80498C94,0000008C
80498D20,00000084
80498DA4,00000008
80498DAC,00000038
80498DE4,00000004
80498DE8,00000008
80498DF0,00000094
80498E84,00000030
80498EB4,00000058
80498F0C,00000040
80498F4C,00000040
80498F8C,00000068
80498FF4,0000007C
80499070,000000B0
80499120,0000006C
8049918C,0000007C
80499208,00000150
80499358,000000A4
804993FC,00000040
8049943C,00000050
8049948C,0000006C
804994F8,0000005C
80499554,0000004C
804995A0,00000088
80499628,00000058
80499680,00000058
804996D8,00000074
8049974C,0000005C
804997A8,00000030
804997D8,00000058
80499830,0000001C
8049984C,0000001C
80499868,0000006C
804998D4,00000024
804998F8,0000003C
80499934,00000078
804999AC,00000040
804999EC,00000108
80499AF4,000000A8
80499B9C,00000034
80499BD0,00000008
80499BD8,00000008
80499BE0,00000008
80499BE8,00000074
80499C5C,000001F4
80499E50,000000D4
80499F24,00000030
80499F54,0000005C
80499FB0,0000003C
80499FEC,00000078
8049A064,00000050
8049A0B4,0000004C
8049A100,00000058
8049A158,0000001C
8049A174,00000058
8049A1CC,00000058
8049A224,00000028
8049A24C,00000028
8049A274,00000028
8049A29C,0000003C
8049A2D8,0000001C
8049A2F4,00000058
8049A34C,000000D8
8049A424,00000058
8049A47C,00000030
8049A4AC,00000098
8049A544,00000098
8049A5DC,000001C4
8049A7A0,000000A4
8049A844,0000004C
8049A890,0000022C
8049AABC,0000009C
8049AB58,00000090
8049ABE8,000000B0
8049AC98,00000008
8049ACA0,00000078
8049AD18,00000050
8049AD68,00000008
8049AD70,00000008
8049AD78,00000004
8049AD7C,00000008
8049AD84,0000005C
8049ADE0,00000040
8049AE20,00000040
8049AE60,00000098
8049AEF8,0000013C
8049B034,000000AC
8049B0E0,000000A4
8049B184,00000040
8049B1C4,00000050
8049B214,0000005C
8049B270,0000005C
8049B2CC,00000098
8049B364,0000005C
8049B3C0,00000030
8049B3F0,00000058
8049B448,00000070
8049B4B8,0000016C
8049B624,00000030
8049B654,00000058
8049B6AC,00000030
8049B6DC,00000058
8049B734,00000030
8049B764,00000058
8049B7BC,00000030
8049B7EC,00000058
8049B844,00000030
8049B874,00000058
8049B8CC,00000030
8049B8FC,00000058
8049B954,0000001C
8049B970,00000040
8049B9B0,00000060
8049BA10,00000008
8049BA18,000003B8
8049BDD0,0000004C
8049BE1C,00000004
8049BE20,00000068
8049BE88,00000058
8049BEE0,00000014
8049BEF4,00000008
8049BEFC,0000000C
8049BF08,0000000C
8049BF14,0000002C
8049BF40,0000002C
8049BF6C,00000014
8049BF80,00000038
8049BFB8,0000000C
8049BFC4,00000008
8049BFCC,00000008
8049BFD4,00000020
8049BFF4,0000001C
8049C010,00000004
8049C014,00000024
8049C038,00000058
8049C090,00000024
8049C0B4,00000088
8049C13C,0000016C
8049C2A8,00000080
8049C328,00000074
8049C39C,0000005C
8049C3F8,00000058
8049C450,0000004C
8049C49C,0000004C
8049C4E8,00000098
8049C580,00000058
8049C5D8,00000080
8049C658,00000070
8049C6C8,00000058
8049C720,00000088
8049C7A8,000000C4
8049C86C,000000C4
8049C930,00000188
8049CAB8,000000A0
8049CB58,00000150
8049CCA8,00000068
8049CD10,000000C8
8049CDD8,0000009C
8049CE74,00000064
8049CED8,000000D4
8049CFAC,000000C8
8049D074,000000B4
8049D128,000000C4
8049D1EC,000000B0
8049D29C,00000108
8049D3A4,000000EC
8049D490,000000E4
8049D574,00000050
8049D5C4,0000006C
8049D630,00000060
8049D690,00000080
8049D710,00000044
8049D754,000000A8
8049D7FC,00000074
8049D870,0000000C
8049D87C,00000008
8049D884,0000000C
8049D890,00000140
8049D9D0,00000064
8049DA34,000000A0
8049DAD4,00000008
8049DADC,0000006C
8049DB48,00000028
8049DB70,00000020
8049DB90,0000005C
8049DBEC,00000058
8049DC44,0000007C
8049DCC0,0000007C
8049DD3C,000000A0
8049DDDC,0000008C
8049DE68,00000058
8049DEC0,00000008
8049DEC8,00000008
8049DED0,00000008
8049DED8,00000008
8049DEE0,00000024
8049DF04,00000058
8049DF5C,00000058
8049DFB4,00000064
8049E018,00000058
8049E070,0000005C
8049E0CC,00000044
8049E110,00000058
8049E168,0000002C
8049E194,0000001C
8049E1B0,0000000C
8049E1BC,00000060
8049E21C,00000058
8049E274,00000058
8049E2CC,00000034
8049E300,0000004C
8049E34C,0000005C
8049E3A8,00000040
8049E3E8,00000048
8049E430,00000030
8049E460,00000008
8049E468,000000E0
8049E548,00000068
8049E5B0,00000024
8049E5D4,00000138
8049E70C,000000DC
8049E7E8,00000094
8049E87C,00000084
8049E900,00000080
8049E980,00000020
8049E9A0,0000000C
8049E9AC,000000B8
8049EA64,000000D8
8049EB3C,00000228
8049ED64,0000003C
8049EDA0,00000008
8049EDA8,00000088
8049EE30,00000100
8049EF30,00000060
8049EF90,00000064
8049EFF4,000000F8
8049F0EC,00000044
8049F130,00000040
8049F170,00000040
8049F1B0,00000070
8049F220,00000098
8049F2B8,00000054
8049F30C,00000040
8049F34C,00000044
8049F390,00000094
8049F424,00000078
8049F49C,000000A4
8049F540,00000008
8049F548,00000018
8049F560,000000C8
8049F628,00000074
8049F69C,000000E4
8049F780,000000C4
8049F844,0000004C
8049F890,000000E8
8049F978,0000005C
8049F9D4,0000000C
8049F9E0,00000034
8049FA14,00000048
8049FA5C,000000B8
8049FB14,000000D4
8049FBE8,00000034
8049FC1C,0000006C
8049FC88,00000048
8049FCD0,00000050
8049FD20,00000064
8049FD84,00000050
8049FDD4,00000064
8049FE38,0000004C
8049FE84,00000098
8049FF1C,0000007C
8049FF98,00000048
8049FFE0,00000008
8049FFE8,0000007C
804A0064,00000070
804A00D4,00000038
804A010C,0000002C
804A0138,00000154
804A028C,0000009C
804A0328,00000078
804A03A0,00000040
804A03E0,00000008
804A03E8,0000000C
804A03F4,0000004C
804A0440,0000000C
804A044C,00000028
804A0474,0000003C
804A04B0,00000058
804A0508,000000CC
804A05D4,00000050
804A0624,0000009C
804A06C0,00000008
804A06C8,00000008
804A06D0,00000070
804A0740,00000100
804A0840,0000007C
804A08BC,00000070
804A092C,00000008
804A0934,00000008
804A093C,00000008
804A0944,00000008
804A094C,00000008
804A0954,00000008
804A095C,00000008
804A0964,00000008
804A096C,00000014
804A0980,00000008
804A0988,00000008
804A0990,00000008
804A0998,00000008
804A09A0,00000008
804A09A8,00000008
804A09B0,00000020
804A09D0,00000028
804A09F8,00000008
804A0A00,00000008
804A0A08,0000000C
804A0A14,00000008
804A0A1C,00000028
804A0A44,00000008
804A0A4C,00000050
804A0A9C,00000128
804A0BC4,0000006C
804A0C30,00000284
804A0EB4,000001DC
804A1090,000001E4
804A1274,0000003C
804A12B0,000002AC
804A155C,00000478
804A19D4,00000280
804A1C54,00000024
804A1C78,00000004
804A1C7C,00000014
804A1C90,00000010
804A1CA0,0000009C
804A1D3C,00000058
804A1D94,00000054
804A1DE8,00000010
804A1DF8,00000010
804A1E08,00000084
804A1E8C,00000020
804A1EAC,00000058
804A1F04,00000010
804A1F14,00000250
804A2164,00000070
804A21D4,00000084
804A2258,00000118
804A2370,0000022C
804A259C,00000050
804A25EC,00000008
804A25F4,0000008C
804A2680,00000008
804A2688,00000008
804A2690,000000AC
804A273C,000000F8
804A2834,00000078
804A28AC,00000010
804A28BC,00000070
804A292C,0000006C
804A2998,00000008
804A29A0,00000008
804A29A8,00000008
804A29B0,00000008
804A29B8,00000008
804A29C0,00000008
804A29C8,00000008
804A29D0,00000008
804A29D8,00000008
804A29E0,00000008
804A29E8,00000008
804A29F0,00000008
804A29F8,00000034
804A2A2C,00000220
804A2C4C,000001C8
804A2E14,000000CC
804A2EE0,00000014
804A2EF4,0000002C
804A2F20,00000030
804A2F50,00000030
804A2F80,0000002C
804A2FAC,0000002C
804A2FD8,0000002C
804A3004,00000034
804A3038,00000010
804A3048,00000014
804A305C,000000CC
804A3128,00000038
804A3160,00000028
804A3188,00000024
804A31AC,000000A0
804A324C,00000014
804A3260,00000148
804A33A8,00000138
804A34E0,00000124
804A3604,00000128
804A372C,00000008
804A3734,0000005C
804A3790,0000000C
804A379C,00000080
804A381C,000000D8
804A38F4,00000008
804A38FC,00000030
804A392C,00000030
804A395C,00000024
804A3980,000000BC
804A3A3C,00000260
804A3C9C,00000084
804A3D20,00000048
804A3D68,0000012C
804A3E94,0000008C
804A3F20,00000004
804A3F24,0000012C
804A4050,00000288
804A42D8,000002F0
804A45C8,00000180
804A4748,00000158
804A48A0,000001CC
804A4A6C,0000003C
804A4AA8,0000000C
804A4AB4,00000024
804A4AD8,00000008
804A4AE0,0000066C
804A514C,000000C4
804A5210,00000114
804A5324,000000D4
804A53F8,000001F0
804A55E8,00000190
804A5778,0000011C
804A5894,00000438
804A5CCC,00000108
804A5DD4,00000848
804A661C,000001E0
804A67FC,00000324
804A6B20,000000FC
804A6C1C,00000204
804A6E20,00000600
804A7420,00000134
804A7554,000001A4
804A76F8,00000080
804A7778,00000300
804A7A78,00000128
804A7BA0,000000FC
804A7C9C,000001BC
804A7E58,00000290
804A80E8,00000014
804A80FC,00000014
804A8110,00000024
804A8134,00000014
804A8148,00000010
804A8158,000000C4
804A821C,0000025C
804A8478,00000080
804A84F8,00000080
804A8578,000002A4
804A881C,00000050
804A886C,00000018
804A8884,00000060
804A88E4,000000C8
804A89AC,000000DC
804A8A88,000000D0
804A8B58,0000000C
804A8B64,0000000C
804A8B70,0000000C
804A8B7C,0000000C
804A8B88,0000003C
804A8BC4,00000048
804A8C0C,000000C8
804A8CD4,00000080
804A8D54,00000080
804A8DD4,000000E0
804A8EB4,000000E0
804A8F94,000000AC
804A9040,000000E0
804A9120,000000AC
804A91CC,00000050
804A921C,00000018
804A9234,00000150
804A9384,000000B0
804A9434,00000038
804A946C,000000DC
804A9548,000000C8
804A9610,0000006C
804A967C,000000BC
804A9738,0000006C
804A97A4,00000014
804A97B8,00000088
804A9840,000000B0
804A98F0,00000190
804A9A80,0000006C
804A9AEC,000000E0
804A9BCC,0000011C
804A9CE8,000000D0
804A9DB8,00000100
804A9EB8,00000040
804A9EF8,000000BC
804A9FB4,000000A4
804AA058,00000058
804AA0B0,00000030
804AA0E0,0000001C
804AA0FC,00000138
804AA234,00000200
804AA434,000002E0
804AA714,00000010
804AA724,00000124
804AA848,00000078
804AA8C0,0000009C
804AA95C,0000011C
804AAA78,00000110
804AAB88,00000020
804AABA8,00000060
804AAC08,00000004
804AAC0C,00000284
804AAE90,00000010
804AAEA0,0000000C
804AAEAC,00000014
804AAEC0,0000002C
804AAEEC,0000003C
804AAF28,0000003C
804AAF64,00000068
804AAFCC,0000003C
804AB008,000001B4
804AB1BC,00000050
804AB20C,00000228
804AB434,00000018
804AB44C,0000003C
804AB488,0000026C
804AB6F4,000000E4
804AB7D8,000001D8
804AB9B0,00000140
804ABAF0,000000A0
804ABB90,00000298
804ABE28,00000194
804ABFBC,000000EC
804AC0A8,000000F4
804AC19C,000000EC
804AC288,00000008
804AC290,00000024
804AC2B4,000000B4
804AC368,00000018
804AC380,00000008
804AC388,00000064
804AC3EC,00000058
804AC444,00000170
804AC5B4,000001C8
804AC77C,00000110
804AC88C,00000070
804AC8FC,00000078
804AC974,00000040
804AC9B4,00000008
804AC9BC,00000008
804AC9C4,00000018
804AC9DC,000000BC
804ACA98,000000B0
804ACB48,00000118
804ACC60,00000078
804ACCD8,00000070
804ACD48,000000F8
804ACE40,00000040
804ACE80,00000078
804ACEF8,00000010
804ACF08,00000004
804ACF0C,00000004
804ACF10,00000154
804AD064,0000000C
804AD070,000004B0
804AD520,00000054
804AD574,000001E8
804AD75C,000000E4
804AD840,00000128
804AD968,000000B4
804ADA1C,000000B0
804ADACC,00000158
804ADC24,00000018
804ADC3C,00000088
804ADCC4,000001BC
804ADE80,00000114
804ADF94,000000EC
804AE080,0000011C
804AE19C,000001C8
804AE364,00000158
804AE4BC,00000020
804AE4DC,00000048
804AE524,0000004C
804AE570,000000F0
804AE660,0000027C
804AE8DC,000000A4
804AE980,000000F8
804AEA78,0000027C
804AECF4,00000084
804AED78,00000180
804AEEF8,00000118
804AF010,000000B8
804AF0C8,00000130
804AF1F8,00000100
804AF2F8,000000B8
804AF3B0,00000218
804AF5C8,000000D0
804AF698,000001C4
804AF85C,000000FC
804AF958,000000D8
804AFA30,00000028
804AFA58,000003AC
804AFE04,00000178
804AFF7C,000001BC
804B0138,0000018C
804B02C4,000002F4
804B05B8,000003EC
804B09A4,000000C0
804B0A64,000001B0
804B0C14,0000005C
804B0C70,0000008C
804B0CFC,0000016C
804B0E68,000002B0
804B1118,000001B4
804B12CC,000000D8
804B13A4,00000008
804B13AC,00000028
804B13D4,00000048
804B141C,00000010
804B142C,00000018
804B1444,00000050
804B1494,00000194
804B1628,00000810
804B1E38,00000044
804B1E7C,00000044
804B1EC0,00000118
804B1FD8,00000210
804B21E8,00000548
804B2730,00000054
804B2784,000002B8
804B2A3C,000000E0
804B2B1C,00000194
804B2CB0,000006E4
804B3394,00000354
804B36E8,00000114
804B37FC,0000006C
804B3868,00000008
804B3870,00000008
804B3878,00000078
804B38F0,00000008
804B38F8,00000090
804B3988,00000060
804B39E8,0000003C
804B3A24,00000234
804B3C58,00000028
804B3C80,00000054
804B3CD4,00000104
804B3DD8,00000014
804B3DEC,00000010
804B3DFC,00000098
804B3E94,000003B4
804B4248,000005D0
804B4818,000000A4
804B48BC,00000040
804B48FC,00000058
804B4954,00000064
804B49B8,0000006C
804B4A24,00000D88
804B57AC,00000194
804B5940,00000018
804B5958,0000005C
804B59B4,00000020
804B59D4,00000084
804B5A58,00000010
804B5A68,00000048
804B5AB0,0000042C
804B5EDC,0000002C
804B5F08,00000034
804B5F3C,000000CC
804B6008,000000F8
804B6100,000000C8
804B61C8,000000B0
804B6278,000000B0
804B6328,0000007C
804B63A4,00000034
804B63D8,0000004C
804B6424,00000028
804B644C,00000058
804B64A4,000000A4
804B6548,00000174
804B66BC,000000F8
804B67B4,00000088
804B683C,00000054
804B6890,00000054
804B68E4,00000088
804B696C,000000EC
804B6A58,00000098
804B6AF0,00000034
804B6B24,00000044
804B6B68,00000024
804B6B8C,00000024
804B6BB0,0000001C
804B6BCC,00000044
804B6C10,00000044
804B6C54,00000044
804B6C98,00000020
804B6CB8,0000003C
804B6CF4,00000054
804B6D48,0000005C
804B6DA4,00000020
804B6DC4,000001CC
804B6F90,0000019C
804B712C,000000F4
804B7220,00000024
804B7244,0000016C
804B73B0,00000130
804B74E0,00000504
804B79E4,00000914
804B82F8,00000160
804B8458,0000008C
804B84E4,000000F8
804B85DC,000001E0
804B87BC,00000290
804B8A4C,00000100
804B8B4C,00000008
804B8B54,0000004C
804B8BA0,00000094
804B8C34,00000014
804B8C48,00000008
804B8C50,00000008
804B8C58,00000044
804B8C9C,000000A0
804B8D3C,00000048
804B8D84,0000007C
804B8E00,000001A0
804B8FA0,00000264
804B9204,000000B0
804B92B4,0000012C
804B93E0,00000034
804B9414,000001A0
804B95B4,000001C4
804B9778,00000080
804B97F8,00000040
804B9838,00000010
804B9848,00000228
804B9A70,00000024
804B9A94,0000008C
804B9B20,0000005C
804B9B7C,00000034
804B9BB0,00000164
804B9D14,000001B4
804B9EC8,000000B4
804B9F7C,00000098
804BA014,000000C0
804BA0D4,00000024
804BA0F8,00000024
804BA11C,00000010
804BA12C,00000018
804BA144,00000014
804BA158,0000005C
804BA1B4,00000014
804BA1C8,00000018
804BA1E0,00000014
804BA1F4,0000001C
804BA210,00000018
804BA228,00000020
804BA248,00000044
804BA28C,00000084
804BA310,00000044
804BA354,00000080
804BA3D4,00000064
804BA438,00000278
804BA6B0,0000014C
804BA7FC,000000D8
804BA8D4,00000034
804BA908,00000034
804BA93C,0000003C
804BA978,00000028
804BA9A0,00000034
804BA9D4,00000024
804BA9F8,00000040
804BAA38,00000040
804BAA78,00000024
804BAA9C,0000011C
804BABB8,00000020
804BABD8,00000028
804BAC00,0000008C
804BAC8C,00000230
804BAEBC,000000CC
804BAF88,00000078
804BB000,000001E4
804BB1E4,00000014
804BB1F8,0000013C
804BB334,00000158
804BB48C,00000038
804BB4C4,0000001C
804BB4E0,00000188
804BB668,000000D0
804BB738,00000010
804BB748,0000001C
804BB764,0000010C
804BB870,0000002C
804BB89C,0000000C
804BB8A8,0000007C
804BB924,000000D8
804BB9FC,000000D8
804BBAD4,00000024
804BBAF8,000000A4
804BBB9C,00000124
804BBCC0,000000C0
804BBD80,0000020C
804BBF8C,00000048
804BBFD4,00000104
804BC0D8,00000014
804BC0EC,00000008
804BC0F4,00000008
804BC0FC,00000008
804BC104,00000064
804BC168,00000014
804BC17C,00000014
804BC190,00000008
804BC198,0000000C
804BC1A4,0000000C
804BC1B0,0000000C
804BC1BC,000000E4
804BC2A0,00000008
804BC2A8,00000164
804BC40C,00000054
804BC460,00000028
804BC488,00000094
804BC51C,000000B4
804BC5D0,00000020
804BC5F0,00000048
804BC638,00000014
804BC64C,00000014
804BC660,0000007C
804BC6DC,00000090
804BC76C,00000168
804BC8D4,00000354
804BCC28,00000068
804BCC90,00000154
804BCDE4,00000104
804BCEE8,000000CC
804BCFB4,00000020
804BCFD4,00000048
804BD01C,00000054
804BD070,00000004
804BD074,00000030
804BD0A4,00000024
804BD0C8,00000094
804BD15C,00000040
804BD19C,00000040
804BD1DC,00000058
804BD234,00000058
804BD28C,00000060
804BD2EC,00000064
804BD350,0000005C
804BD3AC,00000050
804BD3FC,00000050
804BD44C,0000003C
804BD488,0000007C
804BD504,00000038
804BD53C,0000008C
804BD5C8,0000015C
804BD724,00000024
804BD748,0000022C
804BD974,00000124
804BDA98,00000050
804BDAE8,0000002C
804BDB14,0000002C
804BDB40,00000034
804BDB74,00000030
804BDBA4,000000A8
804BDC4C,0000002C
804BDC78,00000030
804BDCA8,00000034
804BDCDC,00000070
804BDD4C,000000B0
804BDDFC,000000AC
804BDEA8,00000074
804BDF1C,00000188
804BE0A4,00000044
804BE0E8,00000064
804BE14C,0000004C
804BE198,00000040
804BE1D8,00000050
804BE228,00000058
804BE280,00000020
804BE2A0,000000B4
804BE354,00000050
804BE3A4,00000090
804BE434,0000002C
804BE460,00000020
804BE480,00000030
804BE4B0,00000068
804BE518,00000048
804BE560,0000003C
804BE59C,00000028
804BE5C4,00000088
804BE64C,0000082C
804BEE78,00000010
804BEE88,000000A4
804BEF2C,00000030
804BEF5C,00000308
804BF264,00000068
804BF2CC,000002AC
804BF578,00000024
804BF59C,000001C0
804BF75C,000000D0
804BF82C,00000018
804BF844,00000128
804BF96C,00000008
804BF974,00000298
804BFC0C,0000008C
804BFC98,00000008
804BFCA0,000000B4
804BFD54,00000004
804BFD58,00000154
804BFEAC,00000178
804C0024,00000184
804C01A8,00000004
804C01AC,00000110
804C02BC,00000014
804C02D0,0000003C
804C030C,000000F4
804C0400,000000C4
804C04C4,00000504
804C09C8,000001E0
804C0BA8,000000D4
804C0C7C,00000240
804C0EBC,00000338
804C11F4,000001A0
804C1394,00000478
804C180C,00000188
804C1994,00000164
804C1AF8,000001C8
804C1CC0,00000194
804C1E54,000000C4
804C1F18,00000250
804C2168,000000E4
804C224C,000000C8
804C2314,00000240
804C2554,00000178
804C26CC,000000D8
804C27A4,00000188
804C292C,00000024
804C2950,00000328
804C2C78,000005B0
804C3228,000009E0
804C3C08,000000E4
804C3CEC,000000D8
804C3DC4,000000C8
804C3E8C,0000009C
804C3F28,00000010
804C3F38,00000050
804C3F88,00000364
804C42EC,000000DC
804C43C8,00000008
804C43D0,00000008
804C43D8,00000008
804C43E0,000000C8
804C44A8,00000044
804C44EC,0000023C
804C4728,0000011C
804C4844,0000000C
804C4850,00000134
804C4984,00000020
804C49A4,00000008
804C49AC,00000004
804C49B0,00000038
804C49E8,00000068
804C4A50,000000A0
804C4AF0,00000058
804C4B48,00000060
804C4BA8,00000060
804C4C08,0000002C
804C4C34,0000005C
804C4C90,000000C8
804C4D58,00000120
804C4E78,000000BC
804C4F34,000000E8
804C501C,000000A0
804C50BC,00000100
804C51BC,0000011C
804C52D8,000000A8
804C5380,00000094
804C5414,00000090
804C54A4,00000068
804C550C,000000F0
804C55FC,000000D0
804C56CC,0000005C
804C5728,00000014
804C573C,00000018
804C5754,00000010
804C5764,00000288
804C59EC,000000B8
804C5AA4,000000BC
804C5B60,00000050
804C5BB0,00000264
804C5E14,00000188
804C5F9C,00000268
804C6204,00000264
804C6468,0000020C
804C6674,00000298
804C690C,00000164
804C6A70,00000194
804C6C04,00000194
804C6D98,00000168
804C6F00,00000168
804C7068,0000000C
804C7074,0000017C
804C71F0,00000194
804C7384,00000194
804C7518,00000180
804C7698,000001B0
804C7848,0000017C
804C79C4,00000010
804C79D4,0000000C
804C79E0,00000168
804C7B48,00000168
804C7CB0,0000000C
804C7CBC,00000008
804C7CC4,00000008
804C7CCC,00000164
804C7E30,00000008
804C7E38,00000044
804C7E7C,0000007C
804C7EF8,00000014
804C7F0C,00000014
804C7F20,00000018
804C7F38,00000010
804C7F48,00000078
804C7FC0,00000180
804C8140,000000A8
804C81E8,00000064
804C824C,000001C4
804C8410,00000084
804C8494,0000007C
804C8510,0000009C
804C85AC,00000064
804C8610,00000014
804C8624,00000008
804C862C,00000008
804C8634,00000008
804C863C,00000008
804C8644,00000008
804C864C,00000008
804C8654,00000040
804C8694,00000064
804C86F8,00000024
804C871C,00000004
804C8720,0000019C
804C88BC,00000054
804C8910,0000051C
804C8E2C,00000174
804C8FA0,00000124
804C90C4,00000114
804C91D8,00000324
804C94FC,0000000C
804C9508,0000000C
804C9514,0000000C
804C9520,00000014
804C9534,00000140
804C9674,000001C0
804C9834,0000016C
804C99A0,00000204
804C9BA4,000000DC
804C9C80,000000C8
804C9D48,00000168
804C9EB0,000000B0
804C9F60,00000030
804C9F90,000000B0
804CA040,000000CC
804CA10C,000000D8
804CA1E4,00000010
804CA1F4,00000008
804CA1FC,00000010
804CA20C,00000010
804CA21C,0000001C
804CA238,00000018
804CA250,00000070
804CA2C0,0000006C
804CA32C,00000020
804CA34C,00000018
804CA364,00000084
804CA3E8,00000234
804CA61C,000000A0
804CA6BC,00000050
804CA70C,0000000C
804CA718,0000005C
804CA774,00000390
804CAB04,00000160
804CAC64,0000017C
804CADE0,00000014
804CADF4,00000114
804CAF08,0000008C
804CAF94,00000124
804CB0B8,00000094
804CB14C,00000138
804CB284,00000008
804CB28C,00000010
804CB29C,00000010
804CB2AC,00000014
804CB2C0,00000014
804CB2D4,0000003C
804CB310,000000C0
804CB3D0,00000050
804CB420,000001A4
804CB5C4,0000018C
804CB750,00000094
804CB7E4,00000128
804CB90C,00000074
804CB980,00000074
804CB9F4,00000078
804CBA6C,000000B0
804CBB1C,00000098
804CBBB4,000000C0
804CBC74,00000068
804CBCDC,00000078
804CBD54,00000068
804CBDBC,00000078
804CBE34,000000A0
804CBED4,000000B0
804CBF84,0000012C
804CC0B0,00000074
804CC124,00000078
804CC19C,000001A8
804CC344,00000064
804CC3A8,00000088
804CC430,00000074
804CC4A4,00000090
804CC534,00000054
804CC588,0000008C
804CC614,00000154
804CC768,00000074
804CC7DC,00000064
804CC840,00000064
804CC8A4,00000084
804CC928,00000008
804CC930,00000008
804CC938,00000114
804CCA4C,0000008C
804CCAD8,0000008C
804CCB64,00000078
804CCBDC,00000078
804CCC54,00000078
804CCCCC,0000006C
804CCD38,00000088
804CCDC0,0000002C
804CCDEC,00000168
804CCF54,000003F0
804CD344,00000098
804CD3DC,00000008
804CD3E4,000000FC
804CD4E0,000001C4
804CD6A4,0000005C
804CD700,0000005C
804CD75C,000000D4
804CD830,000000D4
804CD904,00000098
804CD99C,0000013C
804CDAD8,00000034
804CDB0C,00000058
804CDB64,00000014
804CDB78,00000004
804CDB7C,00000160
804CDCDC,000000C8
804CDDA4,000000A4
804CDE48,0000012C
804CDF74,000000CC
804CE040,0000000C
804CE04C,00000054
804CE0A0,0000003C
804CE0DC,000002D4
804CE3B0,00000048
804CE3F8,00000078
804CE470,0000000C
804CE47C,000000DC
804CE558,000000B8
804CE610,000000BC
804CE6CC,00000108
804CE7D4,00000054
804CE828,000000F8
804CE920,00000484
804CEDA4,000000A0
804CEE44,0000011C
804CEF60,00000114
804CF074,000000D0
804CF144,000000E8
804CF22C,0000008C
804CF2B8,0000013C
804CF3F4,00000004
804CF3F8,0000024C
804CF644,00000198
804CF7DC,00000190
804CF96C,00000278
804CFBE4,000000E0
804CFCC4,00000124
804CFDE8,00000118
804CFF00,000000D4
804CFFD4,000000D4
804D00A8,000000D4
804D017C,0000002C
804D01A8,0000000C
804D01B4,0000021C
804D03D0,00000338
804D0708,00000054
804D075C,00000074
804D07D0,00000054
804D0824,0000000C
804D0830,0000006C
804D089C,00000054
804D08F0,00000054
804D0944,00000064
804D09A8,00000040
804D09E8,0000000C
804D09F4,0000000C
804D0A00,0000000C
804D0A0C,0000000C
804D0A18,00000068
804D0A80,00000054
804D0AD4,00000008
804D0ADC,00000054
804D0B30,00000054
804D0B84,00000008
804D0B8C,0000016C
804D0CF8,00000084
804D0D7C,00000084
804D0E00,000000A0
804D0EA0,000002A4
804D1144,00000050
804D1194,00000264
804D13F8,000001C8
804D15C0,00000014
804D15D4,00000008
804D15DC,00000008
804D15E4,00000058
804D163C,0000007C
804D16B8,000000B8
804D1770,00000008
804D1778,00000054
804D17CC,00000048
804D1814,00000094
804D18A8,00000118
804D19C0,000000A4
804D1A64,000000F0
804D1B54,00000114
804D1C68,00000098
804D1D00,00000098
804D1D98,000000D4
804D1E6C,0000004C
804D1EB8,00000048
804D1F00,00000010
804D1F10,00000010
804D1F20,00000008
804D1F28,00000008
804D1F30,00000008
804D1F38,0000002C
804D1F64,00000258
804D21BC,000001AC
804D2368,000000B4
804D241C,00000074
804D2490,00000240
804D26D0,00000118
804D27E8,00000120
804D2908,000000C0
804D29C8,000000A8
804D2A70,00000100
804D2B70,00000108
804D2C78,00000100
804D2D78,00000108
804D2E80,000000E0
804D2F60,000000E8
804D3048,00000138
804D3180,00000130
804D32B0,0000013C
804D33EC,000000E4
804D34D0,000000DC
804D35AC,000002FC
804D38A8,00000130
804D39D8,00000204
804D3BDC,00000004
804D3BE0,000001EC
804D3DCC,000000B8
804D3E84,00000080
804D3F04,00000010
804D3F14,0000007C
804D3F90,00000128
804D40B8,00000180
804D4238,000000F4
804D432C,000000F4
804D4420,00000154
804D4574,00000148
804D46BC,00000158
804D4814,00000134
804D4948,000000D8
804D4A20,000000D0
804D4AF0,00000104
804D4BF4,00000104
804D4CF8,00000138
804D4E30,000000F4
804D4F24,000000F4
804D5018,000000C8
804D50E0,000000B8
804D5198,000000D0
804D5268,000000C0
804D5328,00000004
804D532C,0000008C
804D53B8,00000020
804D53D8,000000A4
804D547C,00000020
804D549C,000000A4
804D5540,00000004
804D5544,00000084
804D55C8,00000090
804D5658,0000005C
804D56B4,00000030
804D56E4,00000030
804D5714,0000034C
804D5A60,000001DC
804D5C3C,00000104
804D5D40,00000BAC
804D68EC,0000010C
804D69F8,00000184
804D6B7C,0000077C
804D72F8,00000020
804D7318,00000274
804D758C,00000210
804D779C,00000070
804D780C,00000004
804D7810,00000004
804D7814,00000004
804D7818,00000004
804D781C,00000004
804D7820,00000004
804D7824,00000034
804D7858,000000D4
804D792C,000000E4
804D7A10,000008E8
804D82F8,00000100
804D83F8,00000474
804D886C,0000006C
804D88D8,000000D8
804D89B0,00000024
804D89D4,000000C4
804D8A98,00000034
804D8ACC,0000008C
804D8B58,00000068
804D8BC0,00000068
804D8C28,00000068
804D8C90,00000048
804D8CD8,000000B4
804D8D8C,00000054
804D8DE0,00000220
804D9000,000000CC
804D90CC,00000034
804D9100,00000034
804D9134,000001E8
804D931C,000000AC
804D93C8,000001A0
804D9568,0000017C
804D96E4,000000C4
804D97A8,00000180
804D9928,00000044
804D996C,0000161C
804DAF88,00000034
804DAFBC,00000050
804DB00C,00000138
804DB144,00000084
804DB1C8,00000210
804DB3D8,00000008
804DB3E0,00000044
804DB424,00000030
804DB454,0000107C
804DC4D0,00000234
804DC704,00000220
804DC924,000001B4
804DCAD8,000001B8
804DCC90,000001AC
804DCE3C,00000060
804DCE9C,00000150
804DCFEC,00000AE8
804DDAD4,000004EC
804DDFC0,000002F0
804DE2B0,00000190
804DE440,000000B0
804DE4F0,00000420
804DE910,00000408
804DED18,00000244
804DEF5C,00000468
804DF3C4,000001B8
804DF57C,00000240
804DF7BC,000007DC
804DFF98,00000274
804E020C,0000020C
804E0418,00000880
804E0C98,00000238
804E0ED0,0000088C
804E175C,00000004
804E1760,000005E4
804E1D44,000005F4
804E2338,00000004
804E233C,000006F0
804E2A2C,000006F8
804E3124,000002C0
804E33E4,00000050
804E3434,000000FC
804E3530,00000048
804E3578,0000022C
804E37A4,000000A8
804E384C,000000AC
804E38F8,000000F8
804E39F0,00000008
804E39F8,000001A8
804E3BA0,00000144
804E3CE4,00000124
804E3E08,0000033C
804E4144,00000074
804E41B8,00000074
804E422C,00000074
804E42A0,000005A4
804E4844,0000008C
804E48D0,00000050
804E4920,00000050
804E4970,00000078
804E49E8,00000058
804E4A40,0000004C
804E4A8C,0000004C
804E4AD8,00000160
804E4C38,0000010C
804E4D44,00000170
804E4EB4,00000940
804E57F4,00000020
804E5814,00000098
804E58AC,000000B4
804E5960,0000015C
804E5ABC,00000020
804E5ADC,00000114
804E5BF0,000001D4
804E5DC4,00000020
804E5DE4,000003BC
804E61A0,000000E4
804E6284,00000020
804E62A4,000000C4
804E6368,00000020
804E6388,0000038C
804E6714,000000F8
804E680C,0000004C
804E6858,00000004
804E685C,00000220
804E6A7C,0000003C
804E6AB8,00000048
804E6B00,0000006C
804E6B6C,0000005C
804E6BC8,0000014C
804E6D14,00000040
804E6D54,000000A0
804E6DF4,00000098
804E6E8C,000000EC
804E6F78,0000005C
804E6FD4,0000005C
804E7030,00000058
804E7088,00000004
804E708C,00000178
804E7204,00000230
804E7434,000000D4
804E7508,00000190
804E7698,00000130
804E77C8,0000015C
804E7924,000000D8
804E79FC,000000C0
804E7ABC,00000118
804E7BD4,00000118
804E7CEC,00000158
804E7E44,00000118
804E7F5C,00000118
804E8074,00000158
804E81CC,00000074
804E8240,00000034
804E8274,00000554
804E87C8,0000020C
804E89D4,000002F4
804E8CC8,00000050
804E8D18,000002EC
804E9004,0000013C
804E9140,00000054
804E9194,0000005C
804E91F0,0000005C
804E924C,0000003C
804E9288,00000598
804E9820,0000003C
804E985C,00000010
804E986C,00000010
804E987C,00000008
804E9884,00000050
804E98D4,00000220
804E9AF4,000002AC
804E9DA0,00000014
804E9DB4,000001A0
804E9F54,000000E8
804EA03C,00000170
804EA1AC,00000044
804EA1F0,000001BC
804EA3AC,000000B0
804EA45C,0000013C
804EA598,00000140
804EA6D8,000000A0
804EA778,000000C4
804EA83C,00000008
804EA844,0000001C
804EA860,00000010
804EA870,00000348
804EABB8,00000160
804EAD18,000000BC
804EADD4,00000014
804EADE8,00000150
804EAF38,00000088
804EAFC0,00000014
804EAFD4,0000008C
804EB060,000000EC
804EB14C,00000124
804EB270,00000090
804EB300,000000A8
804EB3A8,00000004
804EB3AC,00000004
804EB3B0,00000004
804EB3B4,00000004
804EB3B8,000000A4
804EB45C,00000008
804EB464,00000024
804EB488,00000044
804EB4CC,00000004
804EB4D0,0000002C
804EB4FC,00000004
804EB500,00000024
804EB524,00000398
804EB8BC,000001AC
804EBA68,0000002C
804EBA94,00000068
804EBAFC,00000034
804EBB30,00000030
804EBB60,0000003C
804EBB9C,0000000C
804EBBA8,00000094
804EBC3C,00000114
804EBD50,0000019C
804EBEEC,000000CC
804EBFB8,000000EC
804EC0A4,000000E0
804EC184,00000208
804EC38C,00000108
804EC494,00000008
804EC49C,00000214
804EC6B0,000000AC
804EC75C,00000044
804EC7A0,00000020
804EC7C0,00000064
804EC824,00000024
804EC848,00000010
804EC858,0000002C
804EC884,000000BC
804EC940,00000018
804EC958,00000018
804EC970,00000018
804EC988,00000018
804EC9A0,00000018
804EC9B8,00000018
804EC9D0,00000018
804EC9E8,00000018
804ECA00,000000DC
804ECADC,00000034
804ECB10,00000030
804ECB40,00000040
804ECB80,0000038C
804ECF0C,00000070
804ECF7C,00000014
804ECF90,00000034
804ECFC4,000000A0
804ED064,00000010
804ED074,00000010
804ED084,00000010
804ED094,000000C4
804ED158,000000C4
804ED21C,00000034
804ED250,00000034
804ED284,00000034
804ED2B8,00000064
804ED31C,000000EC
804ED408,00000020
804ED428,00000014
804ED43C,0000001C
804ED458,00000020
804ED478,00000014
804ED48C,00000068
804ED4F4,00000008
804ED4FC,0000004C
804ED548,000000B4
804ED5FC,000000A0
804ED69C,00000040
804ED6DC,00000044
804ED720,00000110
804ED830,000000B0
804ED8E0,000000BC
804ED99C,00000008
804ED9A4,00000048
804ED9EC,00000070
804EDA5C,0000009C
804EDAF8,000000D4
804EDBCC,00000060
804EDC2C,00000084
804EDCB0,00000114
804EDDC4,00000224
804EDFE8,0000016C
804EE154,00000064
804EE1B8,00000268
804EE420,00000018
804EE438,00000050
804EE488,00000088
804EE510,0000004C
804EE55C,00000044
804EE5A0,00000048
804EE5E8,00000048
804EE630,00000044
804EE674,00000044
804EE6B8,0000005C
804EE714,00000018
804EE72C,000001A0
804EE8CC,000000E0
804EE9AC,00000048
804EE9F4,00000090
804EEA84,0000004C
804EEAD0,00000040
804EEB10,0000008C
804EEB9C,00000088
804EEC24,00000004
804EEC28,000000C8
804EECF0,000000C0
804EEDB0,00000130
804EEEE0,00000008
804EEEE8,0000009C
804EEF84,00000084
804EF008,00000028
804EF030,0000003C
804EF06C,000000F4
804EF160,00000070
804EF1D0,00000280
804EF450,0000001C
804EF46C,0000006C
804EF4D8,0000006C
804EF544,000000E4
804EF628,00000238
804EF860,00000108
804EF968,00000084
804EF9EC,0000001C
804EFA08,00000004
804EFA0C,00000050
804EFA5C,00000088
804EFAE4,00000038
804EFB1C,00000038
804EFB54,00000064
804EFBB8,00000058
804EFC10,00000084
804EFC94,00000038
804EFCCC,0000008C
804EFD58,000000F0
804EFE48,00000048
804EFE90,00000038
804EFEC8,00000098
804EFF60,000000C8
804F0028,00000068
804F0090,00000018
804F00A8,00000380
804F0428,00000380
804F07A8,00000078
804F0820,000000F8
804F0918,00000120
804F0A38,0000000C
804F0A44,00000174
804F0BB8,00000104
804F0CBC,000000A4
804F0D60,00000134
804F0E94,00000194
804F1028,00000168
804F1190,00000068
804F11F8,00000128
804F1320,000000B8
804F13D8,00000058
804F1430,00000268
804F1698,000001F8
804F1890,00000200
804F1A90,0000001C
804F1AAC,00000164
804F1C10,0000011C
804F1D2C,000001C8
804F1EF4,00000298
804F218C,00000088
804F2214,00000038
804F224C,00000064
804F22B0,000000B4
804F2364,00000090
804F23F4,000000A8
804F249C,0000006C
804F2508,00000054
804F255C,00000354
804F28B0,0000014C
804F29FC,000000B4
804F2AB0,0000013C
804F2BEC,00000080
804F2C6C,000000BC
804F2D28,00000054
804F2D7C,000000E0
804F2E5C,0000001C
804F2E78,00000084
804F2EFC,00000314
804F3210,000000C4
804F32D4,00000064
804F3338,0000021C
804F3554,00000170
804F36C4,000001F0
804F38B4,00000010
804F38C4,00000104
804F39C8,0000008C
804F3A54,0000022C
804F3C80,00000010
804F3C90,000000D8
804F3D68,0000005C
804F3DC4,00000010
804F3DD4,0000009C
804F3E70,0000009C
804F3F0C,000001F4
804F4100,0000005C
804F415C,000001A0
804F42FC,00000044
804F4340,000000D8
804F4418,0000013C
804F4554,0000013C
804F4690,0000011C
804F47AC,00000118
804F48C4,000000BC
804F4980,00000220
804F4BA0,00000188
804F4D28,000000AC
804F4DD4,000000A0
804F4E74,00000120
804F4F94,000000B8
804F504C,00000088
804F50D4,00000198
804F526C,000000A0
804F530C,000000B0
804F53BC,0000009C
804F5458,000000A8
804F5500,0000001C
804F551C,000000F0
804F560C,00000298
804F58A4,000001C4
804F5A68,000000C8
804F5B30,000000BC
804F5BEC,000004FC
804F60E8,000000B8
804F61A0,0000008C
804F622C,00000040
804F626C,00000048
804F62B4,0000004C
804F6300,00000080
804F6380,00000010
804F6390,00000010
804F63A0,00000018
804F63B8,000000FC
804F64B4,0000006C
804F6520,00000038
804F6558,00000098
804F65F0,000000A0
804F6690,000000D8
804F6768,000000D0
804F6838,000000D0
804F6908,0000007C
804F6984,0000005C
804F69E0,00000068
804F6A48,0000018C
804F6BD4,00000020
804F6BF4,00000078
804F6C6C,000000B8
804F6D24,00000004
804F6D28,00000284
804F6FAC,000000B0
804F705C,000000B0
804F710C,00000098
804F71A4,00000188
804F732C,00000010
804F733C,00000108
804F7444,000001B4
804F75F8,000000E8
804F76E0,00000078
804F7758,000000C0
804F7818,000000B8
804F78D0,0000013C
804F7A0C,000000D0
804F7ADC,00000198
804F7C74,00000004
804F7C78,000000DC
804F7D54,00000104
804F7E58,000000E4
804F7F3C,00000220
804F815C,00000278
804F83D4,00000104
804F84D8,00000150
804F8628,00000158
804F8780,00000040
804F87C0,0000005C
804F881C,000000BC
804F88D8,000001D0
804F8AA8,000000B8
804F8B60,00000078
804F8BD8,00000050
804F8C28,0000021C
804F8E44,00000160
804F8FA4,00000234
804F91D8,000000B0
804F9288,00000228
804F94B0,00000044
804F94F4,000001DC
804F96D0,0000018C
804F985C,000001E0
804F9A3C,000001A0
804F9BDC,000000B8
804F9C94,00000084
804F9D18,00000114
804F9E2C,000000B4
804F9EE0,00000004
804F9EE4,000001A8
804FA08C,00000104
804FA190,00000070
804FA200,00000060
804FA260,00000088
804FA2E8,00000078
804FA360,00000050
804FA3B0,00000054
804FA404,000000B0
804FA4B4,00000228
804FA6DC,000000C4
804FA7A0,000001DC
804FA97C,000003CC
804FAD48,00000464
804FB1AC,0000029C
804FB448,0000012C
804FB574,0000001C
804FB590,00000040
804FB5D0,000000B4
804FB684,000002E8
804FB96C,00000344
804FBCB0,000000FC
804FBDAC,0000013C
804FBEE8,00000040
804FBF28,00000480
804FC3A8,000000BC
804FC464,0000013C
804FC5A0,000001AC
804FC74C,00000130
804FC87C,00000074
804FC8F0,0000035C
804FCC4C,00000050
804FCC9C,000003E0
804FD07C,0000011C
804FD198,000000E0
804FD278,00000034
804FD2AC,000005B8
804FD864,0000018C
804FD9F0,000000DC
804FDACC,0000008C
804FDB58,00000100
804FDC58,000000E0
804FDD38,00000158
804FDE90,00000118
804FDFA8,00000200
804FE1A8,00000128
804FE2D0,00000158
804FE428,000000E0
804FE508,0000002C
804FE534,0000004C
804FE580,000000E0
804FE660,00000060
804FE6C0,00000070
804FE730,0000018C
804FE8BC,000001DC
804FEA98,0000013C
804FEBD4,000001EC
804FEDC0,000001F8
804FEFB8,00000110
804FF0C8,00000134
804FF1FC,000001D8
804FF3D4,0000000C
804FF3E0,0000000C
804FF3EC,00000218
804FF604,000001B4
804FF7B8,00000060
804FF818,000000A8
804FF8C0,00000060
804FF920,000000C0
804FF9E0,000000E0
804FFAC0,00000088
804FFB48,0000008C
804FFBD4,00000060
804FFC34,0000005C
804FFC90,000001A0
804FFE30,000000A0
804FFED0,000001E4
805000B4,000000A0
80500154,00000090
805001E4,0000007C
80500260,0000008C
805002EC,000000D8
805003C4,000000A0
80500464,0000007C
805004E0,0000007C
8050055C,0000007C
805005D8,000000FC
805006D4,000000E8
805007BC,00000060
8050081C,000000B4
805008D0,000000CC
8050099C,00000084
80500A20,000000B4
80500AD4,00000084
80500B58,000000B0
80500C08,00000094
80500C9C,0000005C
80500CF8,000001BC
80500EB4,00000074
80500F28,00000060
80500F88,000001C0
80501148,000000B0
805011F8,00000140
80501338,00000038
80501370,00000030
805013A0,00000044
805013E4,00000044
80501428,00000074
8050149C,00000074
80501510,00000044
80501554,00000044
80501598,000000BC
80501654,00000094
805016E8,00000070
80501758,00000060
805017B8,0000005C
80501814,00000028
8050183C,00000060
8050189C,0000007C
80501918,00000078
80501990,00000420
80501DB0,00000030
80501DE0,00000030
80501E10,00000030
80501E40,000000F4
80501F34,00000068
80501F9C,000000C0
8050205C,000000C8
80502124,000001D8
805022FC,00000158
80502454,0000004C
805024A0,000000C8
80502568,00000450
805029B8,00000044
805029FC,0000007C
80502A78,000000E4
80502B5C,00000190
80502CEC,000000C8
80502DB4,00000064
80502E18,00000140
80502F58,000000A0
80502FF8,00000228
80503220,00000158
80503378,000000A4
8050341C,00000130
8050354C,00000258
805037A4,0000014C
805038F0,00000214
80503B04,00000348
80503E4C,000002A8
805040F4,0000030C
80504400,000002C4
805046C4,00000248
8050490C,000001F8
80504B04,00000398
80504E9C,0000029C
80505138,000000FC
80505234,0000002C
80505260,0000019C
805053FC,00000090
8050548C,00000234
805056C0,00000190
80505850,000000B8
80505908,000000D0
805059D8,000000A4
80505A7C,000000A4
80505B20,00000124
80505C44,000000C8
80505D0C,00000100
80505E0C,0000001C
80505E28,00000004
80505E2C,0000004C
80505E78,00000294
8050610C,00000170
8050627C,00000168
805063E4,00000244
80506628,000001D8
80506800,000003C8
80506BC8,0000025C
80506E24,000001E4
80507008,0000015C
80507164,000001A4
80507308,00000154
8050745C,00000238
80507694,000000B4
80507748,000000BC
80507804,00000070
80507874,00000174
805079E8,00000108
80507AF0,000002CC
80507DBC,00000198
80507F54,000000E4
80508038,00000014
8050804C,000001D0
8050821C,0000006C
80508288,00000080
80508308,0000006C
80508374,000000DC
80508450,00000044
80508494,00000114
805085A8,00000330
805088D8,00000A70
80509348,00000050
80509398,0000012C
805094C4,000000D4
80509598,00000100
80509698,00000088
80509720,00000090
805097B0,00000010
805097C0,000000C4
80509884,000000FC
80509980,000000C4
80509A44,000000D8
80509B1C,000000C0
80509BDC,000002F8
80509ED4,000002F8
8050A1CC,000001B4
8050A380,000000D4
8050A454,000000C0
8050A514,00000170
8050A684,0000019C
8050A820,000000A4
8050A8C4,0000010C
8050A9D0,000001A4
8050AB74,0000005C
8050ABD0,0000004C
8050AC1C,00000010
8050AC2C,000000B8
8050ACE4,00000148
8050AE2C,00000040
8050AE6C,00000110
8050AF7C,00000040
8050AFBC,0000006C
8050B028,00000118
8050B140,000000D0
8050B210,00000090
8050B2A0,000000E8
8050B388,00000050
8050B3D8,00000160
8050B538,0000009C
8050B5D4,000001B0
8050B784,00000104
8050B888,00000140
8050B9C8,00000144
8050BB0C,00000150
8050BC5C,00000118
8050BD74,00000178
8050BEEC,000000C4
8050BFB0,000000C8
8050C078,00000068
8050C0E0,000000A0
8050C180,00000098
8050C218,00000200
8050C418,00000130
8050C548,000000F8
8050C640,00000194
8050C7D4,0000017C
8050C950,000000DC
8050CA2C,00000054
8050CA80,00000088
8050CB08,00000070
8050CB78,00000068
8050CBE0,000001CC
8050CDAC,0000007C
8050CE28,0000008C
8050CEB4,00000104
8050CFB8,00000108
8050D0C0,00000108
8050D1C8,00000004
8050D1CC,00000124
8050D2F0,000002A0
8050D590,00000134
8050D6C4,0000001C
8050D6E0,00000044
8050D724,00000214
8050D938,000001BC
8050DAF4,00000128
8050DC1C,00000174
8050DD90,00000120
8050DEB0,00000118
8050DFC8,00000178
8050E140,000000F4
8050E234,000000F0
8050E324,00000090
8050E3B4,00000174
8050E528,0000019C
8050E6C4,000001BC
8050E880,00000150
8050E9D0,000001EC
8050EBBC,0000011C
8050ECD8,000000E8
8050EDC0,0000030C
8050F0CC,0000016C
8050F238,0000008C
8050F2C4,00000004
8050F2C8,00000008
8050F2D0,00000064
8050F334,00000064
8050F398,00000088
8050F420,000000A4
8050F4C4,0000002C
8050F4F0,00000068
8050F558,00000070
8050F5C8,000000E0
8050F6A8,00000028
8050F6D0,000000BC
8050F78C,00000020
8050F7AC,000000A4
8050F850,000000A4
8050F8F4,00000098
8050F98C,0000002C
8050F9B8,00000038
8050F9F0,000000B0
8050FAA0,000000B0
8050FB50,000000C4
8050FC14,000000B0
8050FCC4,00000198
8050FE5C,000000E8
8050FF44,00000084
8050FFC8,00000084
8051004C,00000120
8051016C,000000B0
8051021C,0000011C
80510338,000000A8
805103E0,000000C0
805104A0,00000574
80510A14,00000624
80511038,00000038
80511070,0000004C
805110BC,00000158
80511214,00000088
8051129C,00000074
80511310,00000058
80511368,00000080
805113E8,00000058
80511440,000000C4
80511504,0000003C
80511540,00000054
80511594,00000158
805116EC,0000008C
80511778,0000003C
805117B4,00000064
80511818,00000378
80511B90,0000005C
80511BEC,00000064
80511C50,00000028
80511C78,000000CC
80511D44,00000108
80511E4C,00000360
805121AC,000004B0
8051265C,00000024
80512680,0000013C
805127BC,000000D8
80512894,0000005C
805128F0,00000040
80512930,000000E0
80512A10,00000114
80512B24,00000398
80512EBC,000000D8
80512F94,0000017C
80513110,0000023C
8051334C,000000EC
80513438,00000130
80513568,00000034
8051359C,00000140
805136DC,00000148
80513824,000002A8
80513ACC,000002D4
80513DA0,000001EC
80513F8C,000000A0
8051402C,00000598
805145C4,000001A0
80514764,000000C4
80514828,00000190
805149B8,0000013C
80514AF4,0000017C
80514C70,000000F8
80514D68,000000D4
80514E3C,00000114
80514F50,0000009C
80514FEC,000000BC
805150A8,00000088
80515130,00000154
80515284,00000410
80515694,00000390
80515A24,0000041C
80515E40,00000090
80515ED0,00000074
80515F44,00000038
80515F7C,000001D0
8051614C,00000154
805162A0,0000013C
805163DC,00000350
8051672C,00000250
8051697C,000000D0
80516A4C,000000E0
80516B2C,00000274
80516DA0,00000090
80516E30,00000050
80516E80,0000001C
80516E9C,000000C8
80516F64,00000018
80516F7C,00000048
80516FC4,00000104
805170C8,000000BC
80517184,000000F8
8051727C,00000078
805172F4,00000080
80517374,00000030
805173A4,0000003C
805173E0,00000028
80517408,0000005C
80517464,0000004C
805174B0,0000004C
805174FC,0000004C
80517548,0000004C
80517594,000000EC
80517680,00000138
805177B8,000000E4
8051789C,0000010C
805179A8,00000024
805179CC,00000024
805179F0,000000CC
80517ABC,000000A8
80517B64,0000003C
80517BA0,00000034
80517BD4,00000034
80517C08,00000030
80517C38,000000B8
80517CF0,00000150
80517E40,000000A8
80517EE8,000001EC
805180D4,00000130
80518204,000000A4
805182A8,0000006C
80518314,000000DC
805183F0,00000288
80518678,000000EC
80518764,0000036C
80518AD0,000000E4
80518BB4,00000100
80518CB4,0000051C
805191D0,00000164
80519334,000001A0
805194D4,000007B0
80519C84,00000010
80519C94,00000028
80519CBC,000000B8
80519D74,00000038
80519DAC,00000308
8051A0B4,000000BC
8051A170,00000134
8051A2A4,000000A8
8051A34C,00000004
8051A350,000001C4
8051A514,00000018
8051A52C,0000004C
8051A578,0000001C
8051A594,000000C0
8051A654,000000B8
8051A70C,000000CC
8051A7D8,0000002C
8051A804,0000002C
8051A830,0000004C
8051A87C,000000BC
8051A938,000000A8
8051A9E0,000000C0
8051AAA0,000000AC
8051AB4C,00000064
8051ABB0,00000018
8051ABC8,00000080
8051AC48,00000010
8051AC58,000005FC
8051B254,00000228
8051B47C,000002A0
8051B71C,000003C8
8051BAE4,00000128
8051BC0C,000007D0
8051C3DC,0000085C
8051CC38,00000058
8051CC90,0000006C
8051CCFC,000000C4
8051CDC0,00000078
8051CE38,00000084
8051CEBC,00000080
8051CF3C,000000D8
8051D014,000000D0
8051D0E4,000006B4
8051D798,00000D60
8051E4F8,00000090
8051E588,000000C8
8051E650,000000B0
8051E700,000000C0
8051E7C0,00000044
8051E804,0000002C
8051E830,0000011C
8051E94C,00000040
8051E98C,00000030
8051E9BC,00000048
8051EA04,0000006C
8051EA70,000013F4
8051FE64,00000430
80520294,000004C4
80520758,000000A8
80520800,000000C4
805208C4,00000008
805208CC,00000028
805208F4,000005C0
80520EB4,00000234
805210E8,000002AC
80521394,000003C8
8052175C,00000128
80521884,000007A0
80522024,00000944
80522968,0000006C
805229D4,000000DC
80522AB0,00000088
80522B38,0000001C
80522B54,0000001C
80522B70,00000044
80522BB4,00000034
80522BE8,0000002C
80522C14,00000084
80522C98,000000D0
80522D68,00000008
80522D70,00000034
80522DA4,00000040
80522DE4,000000A8
80522E8C,000000A8
80522F34,000002C4
805231F8,00000298
80523490,00000270
80523700,00000330
80523A30,000002B4
80523CE4,00000114
80523DF8,00000848
80524640,00000398
805249D8,00000110
80524AE8,0000170C
805261F4,000000C0
805262B4,00000258
8052650C,00000240
8052674C,00000140
8052688C,0000002C
805268B8,000000D4
8052698C,00000144
80526AD0,00000088
80526B58,0000016C
80526CC4,000000D8
80526D9C,00000078
80526E14,00000004
80526E18,00000004
80526E1C,00000004
80526E20,00000004
80526E24,00000004
80526E28,00000004
80526E2C,00000248
80527074,00000004
80527078,00000004
8052707C,000000F8
80527174,00000024
80527198,00000018
805271B0,000000E0
80527290,000000B4
80527344,00000058
8052739C,00000028
805273C4,00000024
805273E8,00000138
80527520,0000002C
8052754C,000000F0
8052763C,00000098
805276D4,000000E8
805277BC,000000FC
805278B8,00000068
80527920,000000FC
80527A1C,0000008C
80527AA8,000000A4
80527B4C,00000030
80527B7C,00000040
80527BBC,00000064
80527C20,0000002C
80527C4C,000000C8
80527D14,00000074
80527D88,00000008
80527D90,00000024
80527DB4,00000050
80527E04,00000060
80527E64,000000D0
80527F34,00000004
80527F38,00000088
80527FC0,00000140
80528100,00000008
80528108,000000CC
805281D4,000000CC
805282A0,000002D4
80528574,000000E4
80528658,000002BC
80528914,00000224
80528B38,0000021C
80528D54,00000248
80528F9C,00000008
80528FA4,00000008
80528FAC,0000007C
80529028,0000007C
805290A4,0000009C
80529140,00000088
805291C8,0000000C
805291D4,00000010
805291E4,00000110
805292F4,000000E8
805293DC,0000011C
805294F8,00000180
80529678,00000220
80529898,00000008
805298A0,00000008
805298A8,00000008
805298B0,00000098
80529948,00000038
80529980,000000B8
80529A38,0000001C
80529A54,00000008
80529A5C,00000008
80529A64,0000003C
80529AA0,00000194
80529C34,0000009C
80529CD0,000000C4
80529D94,00000054
80529DE8,00000024
80529E0C,00000024
80529E30,00000010
80529E40,00000018
80529E58,00000010
80529E68,00000010
80529E78,00000200
8052A078,00000010
8052A088,0000007C
8052A104,0000006C
8052A170,00000084
8052A1F4,0000008C
8052A280,0000015C
8052A3DC,000000AC
8052A488,00000438
8052A8C0,00000170
8052AA30,0000050C
8052AF3C,000000F4
8052B030,0000004C
8052B07C,0000014C
8052B1C8,000002A4
8052B470,00000008
8052B478,00000008
8052B480,00000008
8052B488,00000008
8052B490,000001B8
8052B648,000001B8
8052B800,000000BC
8052B8BC,000000BC
8052B978,00000094
8052BA10,00000094
8052BAA4,0000004C
8052BAF0,0000012C
8052BC1C,00000058
8052BC74,00000020
8052BC94,00000044
8052BCD8,00000088
8052BD60,00000004
8052BD64,00000058
8052BDBC,00000030
8052BDEC,00000030
8052BE1C,00000030
8052BE4C,0000003C
8052BE88,0000003C
8052BEC4,00000030
8052BEF4,00000048
8052BF3C,00000050
8052BF8C,000001D4
8052C160,00000038
8052C198,00000034
8052C1CC,00000010
8052C1DC,0000000C
8052C1E8,00000008
8052C1F0,00000008
8052C1F8,00000008
8052C200,00000008
8052C208,00000008
8052C210,00000008
8052C218,00000008
8052C220,00000008
8052C228,00000008
8052C230,00000024
8052C254,00000070
8052C2C4,00000024
8052C2E8,00000024
8052C30C,00000074
8052C380,000000B4
8052C434,00000008
8052C43C,00000024
8052C460,00000008
8052C468,0000003C
8052C4A4,0000004C
8052C4F0,00000108
8052C5F8,00000108
8052C700,00000050
8052C750,00000008
8052C758,00000024
8052C77C,00000030
8052C7AC,00000004
8052C7B0,00000024
8052C7D4,00000024
8052C7F8,0000005C
8052C854,00000054
8052C8A8,000000A4
8052C94C,00000080
8052C9CC,00000110
8052CADC,00000004
8052CAE0,00000004
8052CAE4,000002E8
8052CDCC,000000BC
8052CE88,00000124
8052CFAC,00000104
8052D0B0,000000E0
8052D190,000000E0
